id,created_at,full_name,age,nationality,social_status,no_of_children,has_second_home,timing_to_buy,primary_reason,property_type,unit_size,price_range,home_features,staff_accommodation,premium_features,exterior_colour,sport_amenities,additional_amenities,managed_rental,raw_answers,payment_plan,travel_to_destination,community_mobility
00439be1-187b-4596-be41-492607a45d32,2026-09-09 14:06:57.317443+00,,25–34,Saudi Arabia,Married,2,No,2026 – 2027,Investment,Apartment,3BR,700k–1.5M SAR,"[""Sea Views"",""Privacy"",""Outdoor Space""]",,"[""Installed Kitchen""]","[""Sand""]","[""Water sports"",""Football"",""Padel""]","[""Spa & Gym"",""Children's Club"",""Retail"",""Cafes""]",Depends on fees & flexibility,"{""age"":""25–34"",""unit_size"":""3BR"",""nationality"":""Saudi Arabia"",""price_range"":""700k–1.5M SAR"",""payment_plan"":""5+ yrs"",""home_features"":[""Sea Views"",""Privacy"",""Outdoor Space""],""property_type"":""Apartment"",""social_status"":""Married"",""timing_to_buy"":""2026 – 2027"",""managed_rental"":""Depends on fees & flexibility"",""no_of_children"":""2"",""primary_reason"":""Investment"",""exterior_colour"":[""Sand""],""has_second_home"":""No"",""sport_amenities"":[""Water sports"",""Football"",""Padel""],""premium_features"":[""Installed Kitchen""],""community_mobility"":[""Walking""],""staff_accommodation"":null,""additional_amenities"":[""Spa & Gym"",""Children's Club"",""Retail"",""Cafes""],""travel_to_destination"":""Car""}",5+ yrs,Car,"[""Walking""]"
010231c6-e035-4464-ab5b-8d3e2a994b69,2026-09-10 05:47:56.528355+00,,35–44,Saudi Arabia,Married,2,Self-owned,2030 onwards,Both,No preference,3BR,1.5M–3M SAR,"[""Outdoor Space"",""Privacy"",""Sea Views""]",Not required,"[""Private Pool""]","[""Rose""]","[""Water sports""]","[""Children's Club"",""Ladies Facilities"",""Picnic Areas"",""Restaurants"",""Cafes"",""Retail""]",Depends on return,"{""age"":""35–44"",""unit_size"":""3BR"",""nationality"":""Saudi Arabia"",""price_range"":""1.5M–3M SAR"",""payment_plan"":""5+ yrs"",""home_features"":[""Outdoor Space"",""Privacy"",""Sea Views""],""property_type"":""No preference"",""social_status"":""Married"",""timing_to_buy"":""2030 onwards"",""managed_rental"":""Depends on return"",""no_of_children"":""2"",""primary_reason"":""Both"",""exterior_colour"":[""Rose""],""has_second_home"":""Self-owned"",""sport_amenities"":[""Water sports""],""premium_features"":[""Private Pool""],""community_mobility"":[""Cycling"",""Private Buggy""],""staff_accommodation"":""Not required"",""additional_amenities"":[""Children's Club"",""Ladies Facilities"",""Picnic Areas"",""Restaurants"",""Cafes"",""Retail""],""travel_to_destination"":""Air""}",5+ yrs,Air,"[""Cycling"",""Private Buggy""]"
01636cfe-7459-4982-a604-3c93203a90a9,2026-09-10 06:46:48.483862+00,,25–34,Saudi Arabia,Single,0,No,2028 – 2029,Both,Apartment,1BR,700k–1.5M SAR,"[""Sea Views"",""Park Views"",""Privacy""]",,"[""Private Pool""]","[""Sand""]","[""Padel"",""Water sports"",""Other: Cycling""]","[""Spa & Gym"",""Children's Club"",""Ladies Facilities"",""Restaurants"",""Cafes"",""Retail"",""Picnic Areas""]",Depends on return,"{""age"":""25–34"",""unit_size"":""1BR"",""nationality"":""Saudi Arabia"",""price_range"":""700k–1.5M SAR"",""payment_plan"":""5+ yrs"",""home_features"":[""Sea Views"",""Park Views"",""Privacy""],""property_type"":""Apartment"",""social_status"":""Single"",""timing_to_buy"":""2028 – 2029"",""managed_rental"":""Depends on return"",""no_of_children"":""0"",""primary_reason"":""Both"",""exterior_colour"":[""Sand""],""has_second_home"":""No"",""sport_amenities"":[""Padel"",""Water sports"",""Other: Cycling""],""premium_features"":[""Private Pool""],""community_mobility"":[""Cycling"",""Shared Buggy / Community Shuttle"",""Walking""],""staff_accommodation"":null,""additional_amenities"":[""Spa & Gym"",""Children's Club"",""Ladies Facilities"",""Restaurants"",""Cafes"",""Retail"",""Picnic Areas""],""travel_to_destination"":""Air""}",5+ yrs,Air,"[""Cycling"",""Shared Buggy / Community Shuttle"",""Walking""]"
0168d7b1-f030-4f18-b7d3-95420e352ab0,2026-09-10 07:31:39.42852+00,,25–34,Saudi Arabia,Married,1,No,2030 onwards,Both,Townhouse,3BR,700k–1.5M SAR,"[""Balconies & Terraces"",""Sea Views"",""Privacy""]",A maid's room,"[""Private Pool"",""Installed Kitchen""]","[""Other: Green"",""Blue"",""Sage""]","[""Football"",""Tennis"",""Padel""]","[""Spa & Gym"",""Children's Club"",""Ladies Facilities"",""Beach Club"",""Restaurants"",""Cafes"",""Retail""]",Depends on fees & flexibility,"{""age"":""25–34"",""unit_size"":""3BR"",""nationality"":""Saudi Arabia"",""price_range"":""700k–1.5M SAR"",""payment_plan"":""5+ yrs"",""home_features"":[""Balconies & Terraces"",""Sea Views"",""Privacy""],""property_type"":""Townhouse"",""social_status"":""Married"",""timing_to_buy"":""2030 onwards"",""managed_rental"":""Depends on fees & flexibility"",""no_of_children"":""1"",""primary_reason"":""Both"",""exterior_colour"":[""Other: Green"",""Blue"",""Sage""],""has_second_home"":""No"",""sport_amenities"":[""Football"",""Tennis"",""Padel""],""premium_features"":[""Private Pool"",""Installed Kitchen""],""community_mobility"":[""Private Buggy""],""staff_accommodation"":""A maid's room"",""additional_amenities"":[""Spa & Gym"",""Children's Club"",""Ladies Facilities"",""Beach Club"",""Restaurants"",""Cafes"",""Retail""],""travel_to_destination"":""Air""}",5+ yrs,Air,"[""Private Buggy""]"
01c685ca-6e9a-4718-882b-81e1c06bbb13,2026-09-09 14:06:19.739178+00,,25–34,Saudi Arabia,Married,1,No,2028 – 2029,Both,No preference,3BR,700k–1.5M SAR,"[""Sea Views"",""Outdoor Space"",""Balconies & Terraces""]",A maid's room,"[""Installed Kitchen""]","[""Blue"",""Sage"",""Sand"",""Rose""]","[""Football""]","[""Children's Club"",""Ladies Facilities"",""Restaurants"",""Cafes"",""Retail"",""Spa & Gym""]",No,"{""age"":""25–34"",""unit_size"":""3BR"",""nationality"":""Saudi Arabia"",""price_range"":""700k–1.5M SAR"",""payment_plan"":""5+ yrs"",""home_features"":[""Sea Views"",""Outdoor Space"",""Balconies & Terraces""],""property_type"":""No preference"",""social_status"":""Married"",""timing_to_buy"":""2028 – 2029"",""managed_rental"":""No"",""no_of_children"":""1"",""primary_reason"":""Both"",""exterior_colour"":[""Blue"",""Sage"",""Sand"",""Rose""],""has_second_home"":""No"",""sport_amenities"":[""Football""],""premium_features"":[""Installed Kitchen""],""community_mobility"":[""Private Buggy"",""Cycling""],""staff_accommodation"":""A maid's room"",""additional_amenities"":[""Children's Club"",""Ladies Facilities"",""Restaurants"",""Cafes"",""Retail"",""Spa & Gym""],""travel_to_destination"":""Car""}",5+ yrs,Car,"[""Private Buggy"",""Cycling""]"
02bfd533-a842-4fef-9c78-37fb3b75e5e9,2026-09-13 08:52:50.740893+00,,25–34,Lebanon,Married,2,No,2028 – 2029,Both,Beach Villa,3BR,700k–1.5M SAR,"[""Sea Views"",""Balconies & Terraces"",""Outdoor Space""]",A maid's room,"[""Installed Kitchen"",""Kitchen Appliances"",""Built-in Wardrobes""]","[""Sage""]","[""Football"",""Padel"",""Volleyball""]","[""Spa & Gym"",""Children's Club"",""Beach Club"",""Cafes"",""Restaurants"",""Retail"",""Social Lounge""]",Depends on fees & flexibility,"{""age"":""25–34"",""unit_size"":""3BR"",""nationality"":""Lebanon"",""price_range"":""700k–1.5M SAR"",""payment_plan"":""5+ yrs"",""home_features"":[""Sea Views"",""Balconies & Terraces"",""Outdoor Space""],""property_type"":""Beach Villa"",""social_status"":""Married"",""timing_to_buy"":""2028 – 2029"",""managed_rental"":""Depends on fees & flexibility"",""no_of_children"":""2"",""primary_reason"":""Both"",""exterior_colour"":[""Sage""],""has_second_home"":""No"",""sport_amenities"":[""Football"",""Padel"",""Volleyball""],""premium_features"":[""Installed Kitchen"",""Kitchen Appliances"",""Built-in Wardrobes""],""community_mobility"":[""Walking"",""Private Buggy""],""staff_accommodation"":""A maid's room"",""additional_amenities"":[""Spa & Gym"",""Children's Club"",""Beach Club"",""Cafes"",""Restaurants"",""Retail"",""Social Lounge""],""travel_to_destination"":""Car""}",5+ yrs,Car,"[""Walking"",""Private Buggy""]"
02c1a629-5cf5-4a5a-b2a0-af7c0c41e595,2026-09-09 13:23:43.669263+00,,35–44,Saudi Arabia,Single,0,Family-owned,2030 onwards,Both,Villa,4BR,700k–1.5M SAR,"[""Park Views"",""Balconies & Terraces"",""Sea Views""]",Both,"[""Installed Kitchen"",""Private Pool"",""Kitchen Appliances""]","[""Sage""]","[""Tennis"",""Football"",""Water sports""]","[""Spa & Gym"",""Children's Club"",""Social Lounge"",""Beach Club"",""Picnic Areas"",""Ladies Facilities"",""Restaurants"",""Cafes"",""Retail""]",Depends on fees & flexibility,"{""age"":""35–44"",""unit_size"":""4BR"",""nationality"":""Saudi Arabia"",""price_range"":""700k–1.5M SAR"",""payment_plan"":""5+ yrs"",""home_features"":[""Park Views"",""Balconies & Terraces"",""Sea Views""],""property_type"":""Villa"",""social_status"":""Single"",""timing_to_buy"":""2030 onwards"",""managed_rental"":""Depends on fees & flexibility"",""no_of_children"":""0"",""primary_reason"":""Both"",""exterior_colour"":[""Sage""],""has_second_home"":""Family-owned"",""sport_amenities"":[""Tennis"",""Football"",""Water sports""],""premium_features"":[""Installed Kitchen"",""Private Pool"",""Kitchen Appliances""],""community_mobility"":[""Walking"",""Private Buggy""],""staff_accommodation"":""Both"",""additional_amenities"":[""Spa & Gym"",""Children's Club"",""Social Lounge"",""Beach Club"",""Picnic Areas"",""Ladies Facilities"",""Restaurants"",""Cafes"",""Retail""],""travel_to_destination"":""Air""}",5+ yrs,Air,"[""Walking"",""Private Buggy""]"
02eb844f-96cd-4e4e-b53e-42cc8b9a513a,2026-09-09 13:10:19.29909+00,,25–34,Saudi Arabia,Married,2,No,2030 onwards,Both,Villa,3BR,700k–1.5M SAR,"[""Outdoor Space""]",Both,"[""Installed Kitchen""]","[""Sand""]","[""Padel""]","[""Children's Club""]",Depends on return,"{""age"":""25–34"",""unit_size"":""3BR"",""nationality"":""Saudi Arabia"",""price_range"":""700k–1.5M SAR"",""payment_plan"":""5+ yrs"",""home_features"":[""Outdoor Space""],""property_type"":""Villa"",""social_status"":""Married"",""timing_to_buy"":""2030 onwards"",""managed_rental"":""Depends on return"",""no_of_children"":""2"",""primary_reason"":""Both"",""exterior_colour"":[""Sand""],""has_second_home"":""No"",""sport_amenities"":[""Padel""],""premium_features"":[""Installed Kitchen""],""community_mobility"":[""Walking""],""staff_accommodation"":""Both"",""additional_amenities"":[""Children's Club""],""travel_to_destination"":""Car""}",5+ yrs,Car,"[""Walking""]"
034b1ea9-ab2d-42b8-9514-8e53594e45b0,2026-09-10 05:17:07.421078+00,,35–44,Saudi Arabia,Married,1,No,2030 onwards,Both,Townhouse,2BR,700k–1.5M SAR,"[""Outdoor Space""]",Not required,"[""Built-in Wardrobes"",""Installed Kitchen""]","[""Sand""]","[""Padel"",""Basketball"",""Water sports""]","[""Children's Club"",""Spa & Gym"",""Social Lounge"",""Picnic Areas"",""Beach Club"",""Restaurants""]",Depends on fees & flexibility,"{""age"":""35–44"",""unit_size"":""2BR"",""nationality"":""Saudi Arabia"",""price_range"":""700k–1.5M SAR"",""payment_plan"":""3–5 years"",""home_features"":[""Outdoor Space""],""property_type"":""Townhouse"",""social_status"":""Married"",""timing_to_buy"":""2030 onwards"",""managed_rental"":""Depends on fees & flexibility"",""no_of_children"":""1"",""primary_reason"":""Both"",""exterior_colour"":[""Sand""],""has_second_home"":""No"",""sport_amenities"":[""Padel"",""Basketball"",""Water sports""],""premium_features"":[""Built-in Wardrobes"",""Installed Kitchen""],""community_mobility"":[""Walking"",""Cycling"",""Shared Buggy / Community Shuttle""],""staff_accommodation"":""Not required"",""additional_amenities"":[""Children's Club"",""Spa & Gym"",""Social Lounge"",""Picnic Areas"",""Beach Club"",""Restaurants""],""travel_to_destination"":""Air""}",3–5 years,Air,"[""Walking"",""Cycling"",""Shared Buggy / Community Shuttle""]"
042a67fb-29ff-43f1-bfa4-b1d8a0290fdc,2026-09-09 13:08:39.939206+00,,25–34,Pakistan,Single,0,No,2026 – 2027,Both,Villa,2BR,700k–1.5M SAR,"[""Sea Views"",""Privacy"",""Balconies & Terraces""]",Not required,"[""Installed Kitchen"",""Kitchen Appliances"",""Built-in Wardrobes"",""Private Pool""]","[""Blue"",""Sand""]","[""Water sports"",""Tennis""]","[""Spa & Gym"",""Restaurants"",""Children's Club"",""Beach Club""]",Yes,"{""age"":""25–34"",""unit_size"":""2BR"",""nationality"":""Pakistan"",""price_range"":""700k–1.5M SAR"",""payment_plan"":""5+ yrs"",""home_features"":[""Sea Views"",""Privacy"",""Balconies & Terraces""],""property_type"":""Villa"",""social_status"":""Single"",""timing_to_buy"":""2026 – 2027"",""managed_rental"":""Yes"",""no_of_children"":""0"",""primary_reason"":""Both"",""exterior_colour"":[""Blue"",""Sand""],""has_second_home"":""No"",""sport_amenities"":[""Water sports"",""Tennis""],""premium_features"":[""Installed Kitchen"",""Kitchen Appliances"",""Built-in Wardrobes"",""Private Pool""],""community_mobility"":[""Walking"",""Cycling""],""staff_accommodation"":""Not required"",""additional_amenities"":[""Spa & Gym"",""Restaurants"",""Children's Club"",""Beach Club""],""travel_to_destination"":""Air""}",5+ yrs,Air,"[""Walking"",""Cycling""]"
05749306-efa2-491d-aeed-f579952198e3,2026-09-09 14:21:42.695469+00,,Under 25,Saudi Arabia,Single,0,Family-owned,2026 – 2027,Both,Beach Villa,4BR,700k–1.5M SAR,"[""Privacy"",""Sea Views"",""Outdoor Space""]",Not required,"[""Installed Kitchen""]","[""Sand""]","[""Padel"",""Water sports"",""Tennis""]","[""Spa & Gym"",""Ladies Facilities"",""Cafes"",""Restaurants"",""Retail""]",Depends on return,"{""age"":""Under 25"",""unit_size"":""4BR"",""nationality"":""Saudi Arabia"",""price_range"":""700k–1.5M SAR"",""payment_plan"":""Upfront cash in full"",""home_features"":[""Privacy"",""Sea Views"",""Outdoor Space""],""property_type"":""Beach Villa"",""social_status"":""Single"",""timing_to_buy"":""2026 – 2027"",""managed_rental"":""Depends on return"",""no_of_children"":""0"",""primary_reason"":""Both"",""exterior_colour"":[""Sand""],""has_second_home"":""Family-owned"",""sport_amenities"":[""Padel"",""Water sports"",""Tennis""],""premium_features"":[""Installed Kitchen""],""community_mobility"":[""Private Buggy"",""Personal Car""],""staff_accommodation"":""Not required"",""additional_amenities"":[""Spa & Gym"",""Ladies Facilities"",""Cafes"",""Restaurants"",""Retail""],""travel_to_destination"":""Air""}",Upfront cash in full,Air,"[""Private Buggy"",""Personal Car""]"
06466706-ae27-4aa2-bcb3-1b0627075770,2026-09-09 13:10:54.733141+00,,35–44,Saudi Arabia,Single,2,No,2028 – 2029,Family holidays,No preference,2BR,700k–1.5M SAR,"[""Outdoor Space"",""Sea Views"",""Privacy""]",Both,"[""Installed Kitchen"",""Kitchen Appliances""]","[""Sand""]","[""Tennis"",""Football"",""Water sports""]","[""Beach Club"",""Picnic Areas"",""Spa & Gym"",""Restaurants"",""Cafes"",""Retail""]",Depends on return,"{""age"":""35–44"",""unit_size"":""2BR"",""nationality"":""Saudi Arabia"",""price_range"":""700k–1.5M SAR"",""payment_plan"":""5+ yrs"",""home_features"":[""Outdoor Space"",""Sea Views"",""Privacy""],""property_type"":""No preference"",""social_status"":""Single"",""timing_to_buy"":""2028 – 2029"",""managed_rental"":""Depends on return"",""no_of_children"":""2"",""primary_reason"":""Family holidays"",""exterior_colour"":[""Sand""],""has_second_home"":""No"",""sport_amenities"":[""Tennis"",""Football"",""Water sports""],""premium_features"":[""Installed Kitchen"",""Kitchen Appliances""],""community_mobility"":[""Private Buggy"",""Cycling"",""Walking""],""staff_accommodation"":""Both"",""additional_amenities"":[""Beach Club"",""Picnic Areas"",""Spa & Gym"",""Restaurants"",""Cafes"",""Retail""],""travel_to_destination"":""Air""}",5+ yrs,Air,"[""Private Buggy"",""Cycling"",""Walking""]"
0810cf46-62fd-489b-9735-f54cd8e0c8ce,2026-09-09 21:19:23.374206+00,,45–54,India,Married,3,Self-owned,2026 – 2027,Investment,Apartment,3BR,700k–1.5M SAR,"[""Sea Views"",""Balconies & Terraces"",""Outdoor Space""]",,"[""Installed Kitchen"",""Built-in Wardrobes"",""Private Pool""]","[""Sand""]","[""Padel"",""Basketball"",""Water sports""]","[""Spa & Gym"",""Ladies Facilities"",""Children's Club""]",Depends on fees & flexibility,"{""age"":""45–54"",""unit_size"":""3BR"",""nationality"":""India"",""price_range"":""700k–1.5M SAR"",""payment_plan"":""Upfront cash in full"",""home_features"":[""Sea Views"",""Balconies & Terraces"",""Outdoor Space""],""property_type"":""Apartment"",""social_status"":""Married"",""timing_to_buy"":""2026 – 2027"",""managed_rental"":""Depends on fees & flexibility"",""no_of_children"":""3"",""primary_reason"":""Investment"",""exterior_colour"":[""Sand""],""has_second_home"":""Self-owned"",""sport_amenities"":[""Padel"",""Basketball"",""Water sports""],""premium_features"":[""Installed Kitchen"",""Built-in Wardrobes"",""Private Pool""],""community_mobility"":[""Cycling""],""staff_accommodation"":null,""additional_amenities"":[""Spa & Gym"",""Ladies Facilities"",""Children's Club""],""travel_to_destination"":""Car""}",Upfront cash in full,Car,"[""Cycling""]"
082380ef-bfea-42e1-913a-81834be7d3df,2026-09-09 13:13:18.485587+00,,35–44,Tunisia,Married,0,Self-owned,2026 – 2027,Investment,Apartment,1BR,700k–1.5M SAR,"[""Balconies & Terraces"",""Sea Views"",""Outdoor Space""]",,"[""Installed Kitchen"",""Kitchen Appliances"",""Private Pool""]","[""Other: dark brown and off white""]","[""Padel"",""Football"",""Basketball""]","[""Spa & Gym"",""Ladies Facilities"",""Cafes"",""Restaurants"",""Retail""]",Depends on return,"{""age"":""35–44"",""unit_size"":""1BR"",""nationality"":""Tunisia"",""price_range"":""700k–1.5M SAR"",""payment_plan"":""3–5 years"",""home_features"":[""Balconies & Terraces"",""Sea Views"",""Outdoor Space""],""property_type"":""Apartment"",""social_status"":""Married"",""timing_to_buy"":""2026 – 2027"",""managed_rental"":""Depends on return"",""no_of_children"":""0"",""primary_reason"":""Investment"",""exterior_colour"":[""Other: dark brown and off white""],""has_second_home"":""Self-owned"",""sport_amenities"":[""Padel"",""Football"",""Basketball""],""premium_features"":[""Installed Kitchen"",""Kitchen Appliances"",""Private Pool""],""community_mobility"":[""Personal Car""],""staff_accommodation"":null,""additional_amenities"":[""Spa & Gym"",""Ladies Facilities"",""Cafes"",""Restaurants"",""Retail""],""travel_to_destination"":""Air""}",3–5 years,Air,"[""Personal Car""]"
085495f9-1dd2-4cd6-a2e1-ee6bad86e948,2026-09-09 17:40:22.186133+00,,25–34,Saudi Arabia,Married,0,No,2030 onwards,Both,Townhouse,3BR,700k–1.5M SAR,"[""Sea Views"",""Outdoor Space"",""Balconies & Terraces""]",Not required,"[""Built-in Wardrobes"",""Kitchen Appliances"",""Private Pool""]","[""Sand"",""Blue"",""Rose"",""Sage""]","[""Padel"",""Football"",""Tennis""]","[""Spa & Gym"",""Children's Club"",""Picnic Areas"",""Cafes""]",Yes,"{""age"":""25–34"",""unit_size"":""3BR"",""nationality"":""Saudi Arabia"",""price_range"":""700k–1.5M SAR"",""payment_plan"":""5+ yrs"",""home_features"":[""Sea Views"",""Outdoor Space"",""Balconies & Terraces""],""property_type"":""Townhouse"",""social_status"":""Married"",""timing_to_buy"":""2030 onwards"",""managed_rental"":""Yes"",""no_of_children"":""0"",""primary_reason"":""Both"",""exterior_colour"":[""Sand"",""Blue"",""Rose"",""Sage""],""has_second_home"":""No"",""sport_amenities"":[""Padel"",""Football"",""Tennis""],""premium_features"":[""Built-in Wardrobes"",""Kitchen Appliances"",""Private Pool""],""community_mobility"":[""Private Buggy"",""Shared Buggy / Community Shuttle"",""Personal Car"",""Walking""],""staff_accommodation"":""Not required"",""additional_amenities"":[""Spa & Gym"",""Children's Club"",""Picnic Areas"",""Cafes""],""travel_to_destination"":""Car""}",5+ yrs,Car,"[""Private Buggy"",""Shared Buggy / Community Shuttle"",""Personal Car"",""Walking""]"
086b92c8-db1a-402c-bdfa-9d7e8c67ecee,2026-09-09 13:32:46.312154+00,,35–44,India,Married,2,Self-owned,2030 onwards,Both,Apartment,2BR,700k–1.5M SAR,"[""Balconies & Terraces"",""Other: low maintenance and support in rental or holiday home""]",,"[""Installed Kitchen"",""Kitchen Appliances"",""Built-in Wardrobes"",""Other: Maid on a call service""]","[""Other: typical desert colour""]","[""Other: Sports indoor facilities""]","[""Ladies Facilities"",""Retail"",""Children's Club"",""Spa & Gym"",""Picnic Areas""]",Depends on return,"{""age"":""35–44"",""unit_size"":""2BR"",""nationality"":""India"",""price_range"":""700k–1.5M SAR"",""payment_plan"":""5+ yrs"",""home_features"":[""Balconies & Terraces"",""Other: low maintenance and support in rental or holiday home""],""property_type"":""Apartment"",""social_status"":""Married"",""timing_to_buy"":""2030 onwards"",""managed_rental"":""Depends on return"",""no_of_children"":""2"",""primary_reason"":""Both"",""exterior_colour"":[""Other: typical desert colour""],""has_second_home"":""Self-owned"",""sport_amenities"":[""Other: Sports indoor facilities""],""premium_features"":[""Installed Kitchen"",""Kitchen Appliances"",""Built-in Wardrobes"",""Other: Maid on a call service""],""community_mobility"":[""Shared Buggy / Community Shuttle"",""Walking""],""staff_accommodation"":null,""additional_amenities"":[""Ladies Facilities"",""Retail"",""Children's Club"",""Spa & Gym"",""Picnic Areas""],""travel_to_destination"":""Car""}",5+ yrs,Car,"[""Shared Buggy / Community Shuttle"",""Walking""]"
0899f2db-1ac3-4196-a914-2b6bbc4cbeeb,2026-09-09 13:30:51.643065+00,,45–54,Lebanon,Married,2,No,2030 onwards,Both,Townhouse,2BR,1.5M–3M SAR,"[""Outdoor Space"",""Sea Views""]",Not required,"[""Installed Kitchen""]","[""Other: white with sand or grey shades""]","[""Padel"",""Other: cycling /jogging routes""]","[""Beach Club"",""Social Lounge"",""Retail"",""Cafes""]",Depends on return,"{""age"":""45–54"",""unit_size"":""2BR"",""nationality"":""Lebanon"",""price_range"":""1.5M–3M SAR"",""payment_plan"":""5+ yrs"",""home_features"":[""Outdoor Space"",""Sea Views""],""property_type"":""Townhouse"",""social_status"":""Married"",""timing_to_buy"":""2030 onwards"",""managed_rental"":""Depends on return"",""no_of_children"":""2"",""primary_reason"":""Both"",""exterior_colour"":[""Other: white with sand or grey shades""],""has_second_home"":""No"",""sport_amenities"":[""Padel"",""Other: cycling /jogging routes""],""premium_features"":[""Installed Kitchen""],""community_mobility"":[""Cycling""],""staff_accommodation"":""Not required"",""additional_amenities"":[""Beach Club"",""Social Lounge"",""Retail"",""Cafes""],""travel_to_destination"":""Air""}",5+ yrs,Air,"[""Cycling""]"
09a3c26f-da34-469c-945f-a7670fc699aa,2026-09-13 12:14:40.801971+00,,35–44,Saudi Arabia,Married,2,No,2028 – 2029,Both,Apartment,2BR,700k–1.5M SAR,"[""Outdoor Space"",""Sea Views"",""Park Views""]",,"[""Kitchen Appliances"",""Built-in Wardrobes"",""Private Pool""]","[""Sand""]","[""Football"",""Water sports""]","[""Spa & Gym"",""Children's Club"",""Social Lounge"",""Picnic Areas"",""Beach Club"",""Restaurants"",""Cafes"",""Retail""]",Depends on fees & flexibility,"{""age"":""35–44"",""unit_size"":""2BR"",""nationality"":""Saudi Arabia"",""price_range"":""700k–1.5M SAR"",""payment_plan"":""5+ yrs"",""home_features"":[""Outdoor Space"",""Sea Views"",""Park Views""],""property_type"":""Apartment"",""social_status"":""Married"",""timing_to_buy"":""2028 – 2029"",""managed_rental"":""Depends on fees & flexibility"",""no_of_children"":""2"",""primary_reason"":""Both"",""exterior_colour"":[""Sand""],""has_second_home"":""No"",""sport_amenities"":[""Football"",""Water sports""],""premium_features"":[""Kitchen Appliances"",""Built-in Wardrobes"",""Private Pool""],""community_mobility"":[""Walking"",""Shared Buggy / Community Shuttle"",""Cycling""],""staff_accommodation"":null,""additional_amenities"":[""Spa & Gym"",""Children's Club"",""Social Lounge"",""Picnic Areas"",""Beach Club"",""Restaurants"",""Cafes"",""Retail""],""travel_to_destination"":""Car""}",5+ yrs,Car,"[""Walking"",""Shared Buggy / Community Shuttle"",""Cycling""]"
09d61596-3be2-4483-9dc8-3475ce237085,2026-09-09 13:15:04.523696+00,,25–34,Saudi Arabia,Single,0,Family-owned,2028 – 2029,Both,Townhouse,3BR,700k–1.5M SAR,"[""Privacy"",""Sea Views""]",Not required,"[""Private Pool""]","[""Sage"",""Blue"",""Rose""]","[""Water sports"",""Padel"",""Football""]","[""Beach Club"",""Picnic Areas"",""Retail"",""Restaurants"",""Ladies Facilities"",""Children's Club"",""Cafes""]",Depends on fees & flexibility,"{""age"":""25–34"",""unit_size"":""3BR"",""nationality"":""Saudi Arabia"",""price_range"":""700k–1.5M SAR"",""payment_plan"":""3–5 years"",""home_features"":[""Privacy"",""Sea Views""],""property_type"":""Townhouse"",""social_status"":""Single"",""timing_to_buy"":""2028 – 2029"",""managed_rental"":""Depends on fees & flexibility"",""no_of_children"":""0"",""primary_reason"":""Both"",""exterior_colour"":[""Sage"",""Blue"",""Rose""],""has_second_home"":""Family-owned"",""sport_amenities"":[""Water sports"",""Padel"",""Football""],""premium_features"":[""Private Pool""],""community_mobility"":[""Walking"",""Cycling"",""Shared Buggy / Community Shuttle""],""staff_accommodation"":""Not required"",""additional_amenities"":[""Beach Club"",""Picnic Areas"",""Retail"",""Restaurants"",""Ladies Facilities"",""Children's Club"",""Cafes""],""travel_to_destination"":""Car""}",3–5 years,Car,"[""Walking"",""Cycling"",""Shared Buggy / Community Shuttle""]"
0a1f2c4a-0830-4d01-aa0c-fa61091dd1ce,2026-09-10 05:43:53.066557+00,,25–34,Saudi Arabia,Single,0,Family-owned,2026 – 2027,Investment,No preference,2BR,700k–1.5M SAR,"[""Sea Views""]",Not required,"[""Built-in Wardrobes"",""Private Pool""]","[""Blue""]","[""Football"",""Volleyball"",""Padel""]","[""Spa & Gym"",""Cafes"",""Restaurants"",""Children's Club""]",Depends on return,"{""age"":""25–34"",""unit_size"":""2BR"",""nationality"":""Saudi Arabia"",""price_range"":""700k–1.5M SAR"",""payment_plan"":""3–5 years"",""home_features"":[""Sea Views""],""property_type"":""No preference"",""social_status"":""Single"",""timing_to_buy"":""2026 – 2027"",""managed_rental"":""Depends on return"",""no_of_children"":""0"",""primary_reason"":""Investment"",""exterior_colour"":[""Blue""],""has_second_home"":""Family-owned"",""sport_amenities"":[""Football"",""Volleyball"",""Padel""],""premium_features"":[""Built-in Wardrobes"",""Private Pool""],""community_mobility"":[""Cycling""],""staff_accommodation"":""Not required"",""additional_amenities"":[""Spa & Gym"",""Cafes"",""Restaurants"",""Children's Club""],""travel_to_destination"":""Air""}",3–5 years,Air,"[""Cycling""]"
0a6454b8-e597-40ca-b4c4-77329635b0e2,2026-09-09 13:51:49.036244+00,,55–64,United Kingdom,Married,2,No,2028 – 2029,Both,Beach Villa,2BR,1.5M–3M SAR,"[""Sea Views"",""Balconies & Terraces"",""Privacy""]",Not required,"[""Built-in Wardrobes"",""Installed Kitchen"",""Kitchen Appliances""]","[""Sand""]","[""Other: golf""]","[""Spa & Gym"",""Ladies Facilities"",""Cafes"",""Beach Club"",""Restaurants""]",No,"{""age"":""55–64"",""unit_size"":""2BR"",""nationality"":""United Kingdom"",""price_range"":""1.5M–3M SAR"",""payment_plan"":""3–5 years"",""home_features"":[""Sea Views"",""Balconies & Terraces"",""Privacy""],""property_type"":""Beach Villa"",""social_status"":""Married"",""timing_to_buy"":""2028 – 2029"",""managed_rental"":""No"",""no_of_children"":""2"",""primary_reason"":""Both"",""exterior_colour"":[""Sand""],""has_second_home"":""No"",""sport_amenities"":[""Other: golf""],""premium_features"":[""Built-in Wardrobes"",""Installed Kitchen"",""Kitchen Appliances""],""community_mobility"":[""Walking"",""Private Buggy"",""Shared Buggy / Community Shuttle""],""staff_accommodation"":""Not required"",""additional_amenities"":[""Spa & Gym"",""Ladies Facilities"",""Cafes"",""Beach Club"",""Restaurants""],""travel_to_destination"":""Air""}",3–5 years,Air,"[""Walking"",""Private Buggy"",""Shared Buggy / Community Shuttle""]"
0ae6e14c-db08-4f15-a87c-bab3d5f20b96,2026-09-10 06:55:11.676793+00,,35–44,Saudi Arabia,Married,2,No,2030 onwards,Both,Apartment,4BR,1.5M–3M SAR,"[""Balconies & Terraces"",""Park Views"",""Sea Views""]",,"[""Built-in Wardrobes"",""Kitchen Appliances"",""Installed Kitchen"",""Private Pool""]","[""Other: white""]","[""Padel"",""Football"",""Water sports""]","[""Spa & Gym"",""Social Lounge"",""Beach Club"",""Restaurants"",""Cafes"",""Retail""]",Yes,"{""age"":""35–44"",""unit_size"":""4BR"",""nationality"":""Saudi Arabia"",""price_range"":""1.5M–3M SAR"",""payment_plan"":""5+ yrs"",""home_features"":[""Balconies & Terraces"",""Park Views"",""Sea Views""],""property_type"":""Apartment"",""social_status"":""Married"",""timing_to_buy"":""2030 onwards"",""managed_rental"":""Yes"",""no_of_children"":""2"",""primary_reason"":""Both"",""exterior_colour"":[""Other: white""],""has_second_home"":""No"",""sport_amenities"":[""Padel"",""Football"",""Water sports""],""premium_features"":[""Built-in Wardrobes"",""Kitchen Appliances"",""Installed Kitchen"",""Private Pool""],""community_mobility"":[""Shared Buggy / Community Shuttle"",""Private Buggy"",""Cycling"",""Walking""],""staff_accommodation"":null,""additional_amenities"":[""Spa & Gym"",""Social Lounge"",""Beach Club"",""Restaurants"",""Cafes"",""Retail""],""travel_to_destination"":""Air""}",5+ yrs,Air,"[""Shared Buggy / Community Shuttle"",""Private Buggy"",""Cycling"",""Walking""]"
0b1e4a63-802c-4b5b-8e4f-0527a41aefec,2026-09-10 09:55:34.511852+00,,45–54,Egypt,Married,2,No,2028 – 2029,Both,Apartment,2BR,700k–1.5M SAR,"[""Sea Views""]",,"[""Built-in Wardrobes"",""Installed Kitchen""]","[""Sage""]","[""Water sports"",""Padel"",""Football""]","[""Children's Club"",""Cafes"",""Restaurants""]",Yes,"{""age"":""45–54"",""unit_size"":""2BR"",""nationality"":""Egypt"",""price_range"":""700k–1.5M SAR"",""payment_plan"":""3–5 years"",""home_features"":[""Sea Views""],""property_type"":""Apartment"",""social_status"":""Married"",""timing_to_buy"":""2028 – 2029"",""managed_rental"":""Yes"",""no_of_children"":""2"",""primary_reason"":""Both"",""exterior_colour"":[""Sage""],""has_second_home"":""No"",""sport_amenities"":[""Water sports"",""Padel"",""Football""],""premium_features"":[""Built-in Wardrobes"",""Installed Kitchen""],""community_mobility"":[""Shared Buggy / Community Shuttle"",""Cycling"",""Personal Car""],""staff_accommodation"":null,""additional_amenities"":[""Children's Club"",""Cafes"",""Restaurants""],""travel_to_destination"":""Air""}",3–5 years,Air,"[""Shared Buggy / Community Shuttle"",""Cycling"",""Personal Car""]"
0b3c6fa4-f067-47dc-a37c-f980f7595035,2026-09-09 13:16:53.210729+00,,45–54,Egypt,Married,2,Self-owned,2028 – 2029,Both,Apartment,3BR,700k–1.5M SAR,"[""Outdoor Space"",""Balconies & Terraces"",""Park Views""]",,"[""Installed Kitchen"",""Kitchen Appliances"",""Built-in Wardrobes""]","[""Sage"",""Sand""]","[""Padel"",""Volleyball"",""Water sports""]","[""Spa & Gym"",""Children's Club"",""Social Lounge"",""Restaurants"",""Beach Club"",""Retail"",""Cafes"",""Ladies Facilities""]",Depends on fees & flexibility,"{""age"":""45–54"",""unit_size"":""3BR"",""nationality"":""Egypt"",""price_range"":""700k–1.5M SAR"",""payment_plan"":""3–5 years"",""home_features"":[""Outdoor Space"",""Balconies & Terraces"",""Park Views""],""property_type"":""Apartment"",""social_status"":""Married"",""timing_to_buy"":""2028 – 2029"",""managed_rental"":""Depends on fees & flexibility"",""no_of_children"":""2"",""primary_reason"":""Both"",""exterior_colour"":[""Sage"",""Sand""],""has_second_home"":""Self-owned"",""sport_amenities"":[""Padel"",""Volleyball"",""Water sports""],""premium_features"":[""Installed Kitchen"",""Kitchen Appliances"",""Built-in Wardrobes""],""community_mobility"":[""Cycling"",""Private Buggy"",""Walking"",""Shared Buggy / Community Shuttle""],""staff_accommodation"":null,""additional_amenities"":[""Spa & Gym"",""Children's Club"",""Social Lounge"",""Restaurants"",""Beach Club"",""Retail"",""Cafes"",""Ladies Facilities""],""travel_to_destination"":""Car""}",3–5 years,Car,"[""Cycling"",""Private Buggy"",""Walking"",""Shared Buggy / Community Shuttle""]"
0c0643cd-5e1f-42fa-a026-43f383817ed7,2026-09-09 13:20:18.638245+00,,35–44,Pakistan,Married,4+,Self-owned,2028 – 2029,Both,Beach Villa,2BR,700k–1.5M SAR,"[""Privacy"",""Outdoor Space"",""Sea Views""]",Both,"[""Installed Kitchen""]","[""Blue""]","[""Football"",""Water sports"",""Padel""]","[""Spa & Gym"",""Children's Club"",""Ladies Facilities"",""Restaurants"",""Retail""]",Depends on fees & flexibility,"{""age"":""35–44"",""unit_size"":""2BR"",""nationality"":""Pakistan"",""price_range"":""700k–1.5M SAR"",""payment_plan"":""5+ yrs"",""home_features"":[""Privacy"",""Outdoor Space"",""Sea Views""],""property_type"":""Beach Villa"",""social_status"":""Married"",""timing_to_buy"":""2028 – 2029"",""managed_rental"":""Depends on fees & flexibility"",""no_of_children"":""4+"",""primary_reason"":""Both"",""exterior_colour"":[""Blue""],""has_second_home"":""Self-owned"",""sport_amenities"":[""Football"",""Water sports"",""Padel""],""premium_features"":[""Installed Kitchen""],""community_mobility"":[""Walking""],""staff_accommodation"":""Both"",""additional_amenities"":[""Spa & Gym"",""Children's Club"",""Ladies Facilities"",""Restaurants"",""Retail""],""travel_to_destination"":""Car""}",5+ yrs,Car,"[""Walking""]"
0ca59c26-d3c8-41b2-a535-e9d9c2e77e5a,2026-09-09 14:53:07.005212+00,,55–64,United Kingdom,Married,1,No,2030 onwards,Both,Apartment,2BR,700k–1.5M SAR,"[""Other: Space in the apartment""]",,"[""Installed Kitchen"",""Built-in Wardrobes""]","[""Sand""]","[""Tennis"",""Basketball""]","[""Spa & Gym"",""Restaurants"",""Cafes"",""Beach Club"",""Retail""]",Depends on return,"{""age"":""55–64"",""unit_size"":""2BR"",""nationality"":""United Kingdom"",""price_range"":""700k–1.5M SAR"",""payment_plan"":""5+ yrs"",""home_features"":[""Other: Space in the apartment""],""property_type"":""Apartment"",""social_status"":""Married"",""timing_to_buy"":""2030 onwards"",""managed_rental"":""Depends on return"",""no_of_children"":""1"",""primary_reason"":""Both"",""exterior_colour"":[""Sand""],""has_second_home"":""No"",""sport_amenities"":[""Tennis"",""Basketball""],""premium_features"":[""Installed Kitchen"",""Built-in Wardrobes""],""community_mobility"":[""Private Buggy""],""staff_accommodation"":null,""additional_amenities"":[""Spa & Gym"",""Restaurants"",""Cafes"",""Beach Club"",""Retail""],""travel_to_destination"":""Air""}",5+ yrs,Air,"[""Private Buggy""]"
0cd8c359-6ba3-48f1-9642-e8052c2790da,2026-09-10 07:56:55.248526+00,,55–64,United Kingdom,Married,3,No,2026 – 2027,Family holidays,Beach Villa,4BR,1.5M–3M SAR,"[""Outdoor Space"",""Sea Views"",""Privacy""]",Not required,"[""Installed Kitchen"",""Kitchen Appliances"",""Built-in Wardrobes"",""Private Pool""]","[""Sand""]","[""Water sports""]","[""Spa & Gym"",""Beach Club"",""Restaurants"",""Cafes"",""Retail""]",Depends on return,"{""age"":""55–64"",""unit_size"":""4BR"",""nationality"":""United Kingdom"",""price_range"":""1.5M–3M SAR"",""payment_plan"":""Upfront cash in full"",""home_features"":[""Outdoor Space"",""Sea Views"",""Privacy""],""property_type"":""Beach Villa"",""social_status"":""Married"",""timing_to_buy"":""2026 – 2027"",""managed_rental"":""Depends on return"",""no_of_children"":""3"",""primary_reason"":""Family holidays"",""exterior_colour"":[""Sand""],""has_second_home"":""No"",""sport_amenities"":[""Water sports""],""premium_features"":[""Installed Kitchen"",""Kitchen Appliances"",""Built-in Wardrobes"",""Private Pool""],""community_mobility"":[""Walking"",""Cycling"",""Personal Car""],""staff_accommodation"":""Not required"",""additional_amenities"":[""Spa & Gym"",""Beach Club"",""Restaurants"",""Cafes"",""Retail""],""travel_to_destination"":""Air""}",Upfront cash in full,Air,"[""Walking"",""Cycling"",""Personal Car""]"
0de77bd4-e633-44d2-9f85-5783103e8589,2026-09-10 06:25:27.0878+00,,35–44,Saudi Arabia,Married,4+,Family-owned,2030 onwards,Both,Villa,3BR,700k–1.5M SAR,"[""Outdoor Space"",""Balconies & Terraces"",""Sea Views""]",A maid's room,"[""Private Pool"",""Installed Kitchen""]","[""Sand""]","[""Padel"",""Water sports""]","[""Spa & Gym"",""Children's Club"",""Cafes"",""Restaurants"",""Beach Club""]",Depends on fees & flexibility,"{""age"":""35–44"",""unit_size"":""3BR"",""nationality"":""Saudi Arabia"",""price_range"":""700k–1.5M SAR"",""payment_plan"":""5+ yrs"",""home_features"":[""Outdoor Space"",""Balconies & Terraces"",""Sea Views""],""property_type"":""Villa"",""social_status"":""Married"",""timing_to_buy"":""2030 onwards"",""managed_rental"":""Depends on fees & flexibility"",""no_of_children"":""4+"",""primary_reason"":""Both"",""exterior_colour"":[""Sand""],""has_second_home"":""Family-owned"",""sport_amenities"":[""Padel"",""Water sports""],""premium_features"":[""Private Pool"",""Installed Kitchen""],""community_mobility"":[""Private Buggy""],""staff_accommodation"":""A maid's room"",""additional_amenities"":[""Spa & Gym"",""Children's Club"",""Cafes"",""Restaurants"",""Beach Club""],""travel_to_destination"":""Air""}",5+ yrs,Air,"[""Private Buggy""]"
0e84fa6f-57e1-4c3f-bedf-04baee91c539,2026-09-09 14:35:01.952366+00,,35–44,India,Married,2,No,2030 onwards,Investment,Beach Villa,3BR,700k–1.5M SAR,"[""Outdoor Space"",""Balconies & Terraces"",""Sea Views""]",Both,"[""Private Pool""]","[""Blue""]","[""Football"",""Other: Cricket"",""Water sports""]","[""Spa & Gym"",""Children's Club"",""Ladies Facilities"",""Restaurants"",""Cafes"",""Retail"",""Picnic Areas"",""Social Lounge"",""Beach Club""]",Depends on fees & flexibility,"{""age"":""35–44"",""unit_size"":""3BR"",""nationality"":""India"",""price_range"":""700k–1.5M SAR"",""payment_plan"":""5+ yrs"",""home_features"":[""Outdoor Space"",""Balconies & Terraces"",""Sea Views""],""property_type"":""Beach Villa"",""social_status"":""Married"",""timing_to_buy"":""2030 onwards"",""managed_rental"":""Depends on fees & flexibility"",""no_of_children"":""2"",""primary_reason"":""Investment"",""exterior_colour"":[""Blue""],""has_second_home"":""No"",""sport_amenities"":[""Football"",""Other: Cricket"",""Water sports""],""premium_features"":[""Private Pool""],""community_mobility"":[""Personal Car""],""staff_accommodation"":""Both"",""additional_amenities"":[""Spa & Gym"",""Children's Club"",""Ladies Facilities"",""Restaurants"",""Cafes"",""Retail"",""Picnic Areas"",""Social Lounge"",""Beach Club""],""travel_to_destination"":""Car""}",5+ yrs,Car,"[""Personal Car""]"
0ebf13e5-d42c-42a4-8a40-b3c5f90e05ee,2026-09-09 13:07:36.522725+00,,45–54,United Kingdom,Married,1,No,2028 – 2029,Both,Villa,3BR,700k–1.5M SAR,"[""Sea Views"",""Outdoor Space"",""Balconies & Terraces""]",Not required,"[""Private Pool""]","[""Sage""]","[""Padel"",""Water sports""]","[""Spa & Gym"",""Children's Club"",""Beach Club"",""Restaurants"",""Cafes""]",Depends on fees & flexibility,"{""age"":""45–54"",""unit_size"":""3BR"",""nationality"":""United Kingdom"",""price_range"":""700k–1.5M SAR"",""payment_plan"":""5+ yrs"",""home_features"":[""Sea Views"",""Outdoor Space"",""Balconies & Terraces""],""property_type"":""Villa"",""social_status"":""Married"",""timing_to_buy"":""2028 – 2029"",""managed_rental"":""Depends on fees & flexibility"",""no_of_children"":""1"",""primary_reason"":""Both"",""exterior_colour"":[""Sage""],""has_second_home"":""No"",""sport_amenities"":[""Padel"",""Water sports""],""premium_features"":[""Private Pool""],""community_mobility"":[""Cycling""],""staff_accommodation"":""Not required"",""additional_amenities"":[""Spa & Gym"",""Children's Club"",""Beach Club"",""Restaurants"",""Cafes""],""travel_to_destination"":""Car""}",5+ yrs,Car,"[""Cycling""]"
0ec8b28a-5814-4a9c-aacd-f91b5d2af747,2026-09-10 07:37:49.613482+00,,35–44,Azerbaijan,Married,1,Self-owned,2030 onwards,Both,Apartment,2BR,700k–1.5M SAR,"[""Other: balcony/terrace, facilities like gym, playgrounds, bbq spots. walking distance from the beach. and good service fees""]",,"[""Installed Kitchen"",""Kitchen Appliances"",""Built-in Wardrobes"",""Other: and white goods: dishwasher, washing+dryer.""]","[""Sage"",""Other: sage, sand, offwhite,""]","[""Other: fitness gym, martial art area with ring, octa cage and bags.""]","[""Spa & Gym"",""Picnic Areas"",""Retail""]",Depends on fees & flexibility,"{""age"":""35–44"",""unit_size"":""2BR"",""nationality"":""Azerbaijan"",""price_range"":""700k–1.5M SAR"",""payment_plan"":""5+ yrs"",""home_features"":[""Other: balcony/terrace, facilities like gym, playgrounds, bbq spots. walking distance from the beach. and good service fees""],""property_type"":""Apartment"",""social_status"":""Married"",""timing_to_buy"":""2030 onwards"",""managed_rental"":""Depends on fees & flexibility"",""no_of_children"":""1"",""primary_reason"":""Both"",""exterior_colour"":[""Sage"",""Other: sage, sand, offwhite,""],""has_second_home"":""Self-owned"",""sport_amenities"":[""Other: fitness gym, martial art area with ring, octa cage and bags.""],""premium_features"":[""Installed Kitchen"",""Kitchen Appliances"",""Built-in Wardrobes"",""Other: and white goods: dishwasher, washing+dryer.""],""community_mobility"":[""Walking"",""Shared Buggy / Community Shuttle"",""Personal Car""],""staff_accommodation"":null,""additional_amenities"":[""Spa & Gym"",""Picnic Areas"",""Retail""],""travel_to_destination"":""Air""}",5+ yrs,Air,"[""Walking"",""Shared Buggy / Community Shuttle"",""Personal Car""]"
0ed0daa5-e715-4ad8-b222-35509d9e60be,2026-09-10 07:21:07.383399+00,,25–34,Egypt,Married,0,Self-owned,2028 – 2029,Family holidays,Beach Villa,3BR,3M–6M SAR,"[""Outdoor Space"",""Balconies & Terraces"",""Sea Views""]",A maid's room,"[""Installed Kitchen"",""Kitchen Appliances"",""Built-in Wardrobes"",""Private Pool""]","[""Blue""]","[""Padel"",""Water sports""]","[""Spa & Gym"",""Children's Club"",""Cafes"",""Retail"",""Beach Club"",""Picnic Areas"",""Ladies Facilities"",""Restaurants"",""Social Lounge""]",Yes,"{""age"":""25–34"",""unit_size"":""3BR"",""nationality"":""Egypt"",""price_range"":""3M–6M SAR"",""payment_plan"":""5+ yrs"",""home_features"":[""Outdoor Space"",""Balconies & Terraces"",""Sea Views""],""property_type"":""Beach Villa"",""social_status"":""Married"",""timing_to_buy"":""2028 – 2029"",""managed_rental"":""Yes"",""no_of_children"":""0"",""primary_reason"":""Family holidays"",""exterior_colour"":[""Blue""],""has_second_home"":""Self-owned"",""sport_amenities"":[""Padel"",""Water sports""],""premium_features"":[""Installed Kitchen"",""Kitchen Appliances"",""Built-in Wardrobes"",""Private Pool""],""community_mobility"":[""Walking"",""Private Buggy"",""Cycling"",""Personal Car""],""staff_accommodation"":""A maid's room"",""additional_amenities"":[""Spa & Gym"",""Children's Club"",""Cafes"",""Retail"",""Beach Club"",""Picnic Areas"",""Ladies Facilities"",""Restaurants"",""Social Lounge""],""travel_to_destination"":""Car""}",5+ yrs,Car,"[""Walking"",""Private Buggy"",""Cycling"",""Personal Car""]"
0f964487-4743-45e3-87af-6e0bbca0fd6d,2026-09-09 13:14:58.043363+00,,25–34,Sri Lanka,Married,1,No,2030 onwards,Both,Apartment,2BR,700k–1.5M SAR,"[""Outdoor Space"",""Balconies & Terraces"",""Privacy""]",,"[""Installed Kitchen"",""Kitchen Appliances"",""Built-in Wardrobes""]","[""Sand"",""Sage""]","[""Padel"",""Tennis"",""Volleyball""]","[""Spa & Gym"",""Children's Club"",""Social Lounge"",""Ladies Facilities"",""Picnic Areas"",""Beach Club"",""Restaurants"",""Cafes"",""Retail""]",Yes,"{""age"":""25–34"",""unit_size"":""2BR"",""nationality"":""Sri Lanka"",""price_range"":""700k–1.5M SAR"",""payment_plan"":""5+ yrs"",""home_features"":[""Outdoor Space"",""Balconies & Terraces"",""Privacy""],""property_type"":""Apartment"",""social_status"":""Married"",""timing_to_buy"":""2030 onwards"",""managed_rental"":""Yes"",""no_of_children"":""1"",""primary_reason"":""Both"",""exterior_colour"":[""Sand"",""Sage""],""has_second_home"":""No"",""sport_amenities"":[""Padel"",""Tennis"",""Volleyball""],""premium_features"":[""Installed Kitchen"",""Kitchen Appliances"",""Built-in Wardrobes""],""community_mobility"":[""Cycling"",""Walking"",""Private Buggy""],""staff_accommodation"":null,""additional_amenities"":[""Spa & Gym"",""Children's Club"",""Social Lounge"",""Ladies Facilities"",""Picnic Areas"",""Beach Club"",""Restaurants"",""Cafes"",""Retail""],""travel_to_destination"":""Air""}",5+ yrs,Air,"[""Cycling"",""Walking"",""Private Buggy""]"
106e2013-22b8-4396-b670-ed7c316d31d3,2026-09-09 13:09:24.991431+00,,25–34,Saudi Arabia,Single,0,No,2030 onwards,Both,Apartment,3BR,700k–1.5M SAR,"[""Sea Views""]",,"[""Private Pool""]","[""Sand""]","[""Padel"",""Volleyball""]","[""Spa & Gym"",""Children's Club"",""Social Lounge"",""Beach Club"",""Ladies Facilities"",""Cafes""]",Yes,"{""age"":""25–34"",""unit_size"":""3BR"",""nationality"":""Saudi Arabia"",""price_range"":""700k–1.5M SAR"",""payment_plan"":""5+ yrs"",""home_features"":[""Sea Views""],""property_type"":""Apartment"",""social_status"":""Single"",""timing_to_buy"":""2030 onwards"",""managed_rental"":""Yes"",""no_of_children"":""0"",""primary_reason"":""Both"",""exterior_colour"":[""Sand""],""has_second_home"":""No"",""sport_amenities"":[""Padel"",""Volleyball""],""premium_features"":[""Private Pool""],""community_mobility"":[""Cycling""],""staff_accommodation"":null,""additional_amenities"":[""Spa & Gym"",""Children's Club"",""Social Lounge"",""Beach Club"",""Ladies Facilities"",""Cafes""],""travel_to_destination"":""Car""}",5+ yrs,Car,"[""Cycling""]"
10be1aab-bbc8-4529-92b2-539debc23347,2026-09-09 13:07:08.107444+00,,45–54,United States,Single,1,Self-owned,2028 – 2029,Investment,Apartment,2BR,700k–1.5M SAR,"[""Sea Views""]",,"[""Installed Kitchen"",""Kitchen Appliances"",""Built-in Wardrobes""]","[""Sand""]","[""Tennis"",""Water sports""]","[""Spa & Gym"",""Cafes"",""Retail"",""Restaurants""]",Depends on return,"{""age"":""45–54"",""unit_size"":""2BR"",""nationality"":""United States"",""price_range"":""700k–1.5M SAR"",""payment_plan"":""5+ yrs"",""home_features"":[""Sea Views""],""property_type"":""Apartment"",""social_status"":""Single"",""timing_to_buy"":""2028 – 2029"",""managed_rental"":""Depends on return"",""no_of_children"":""1"",""primary_reason"":""Investment"",""exterior_colour"":[""Sand""],""has_second_home"":""Self-owned"",""sport_amenities"":[""Tennis"",""Water sports""],""premium_features"":[""Installed Kitchen"",""Kitchen Appliances"",""Built-in Wardrobes""],""community_mobility"":[""Walking"",""Personal Car""],""staff_accommodation"":null,""additional_amenities"":[""Spa & Gym"",""Cafes"",""Retail"",""Restaurants""],""travel_to_destination"":""Air""}",5+ yrs,Air,"[""Walking"",""Personal Car""]"
10d7093d-111b-4b75-9b1c-c7cbadc9d864,2026-09-13 07:18:22.071176+00,,25–34,Saudi Arabia,Single,0,No,2030 onwards,Both,Beach Villa,3BR,1.5M–3M SAR,"[""Outdoor Space"",""Balconies & Terraces"",""Sea Views""]",Both,"[""Kitchen Appliances"",""Built-in Wardrobes"",""Private Pool""]","[""Sage""]","[""Other: gym""]","[""Spa & Gym"",""Cafes"",""Retail"",""Beach Club"",""Social Lounge""]",Yes,"{""age"":""25–34"",""unit_size"":""3BR"",""nationality"":""Saudi Arabia"",""price_range"":""1.5M–3M SAR"",""payment_plan"":""5+ yrs"",""home_features"":[""Outdoor Space"",""Balconies & Terraces"",""Sea Views""],""property_type"":""Beach Villa"",""social_status"":""Single"",""timing_to_buy"":""2030 onwards"",""managed_rental"":""Yes"",""no_of_children"":""0"",""primary_reason"":""Both"",""exterior_colour"":[""Sage""],""has_second_home"":""No"",""sport_amenities"":[""Other: gym""],""premium_features"":[""Kitchen Appliances"",""Built-in Wardrobes"",""Private Pool""],""community_mobility"":[""Walking"",""Cycling""],""staff_accommodation"":""Both"",""additional_amenities"":[""Spa & Gym"",""Cafes"",""Retail"",""Beach Club"",""Social Lounge""],""travel_to_destination"":""Car""}",5+ yrs,Car,"[""Walking"",""Cycling""]"
10fb98c9-3f1e-43df-9de6-32047d269321,2026-09-10 06:11:30.191123+00,,25–34,Saudi Arabia,Single,0,No,2028 – 2029,Both,Villa,3BR,700k–1.5M SAR,"[""Outdoor Space"",""Privacy""]",Not required,"[""Installed Kitchen""]","[""Sand"",""Sage""]","[""Padel"",""Water sports"",""Volleyball""]","[""Spa & Gym"",""Children's Club"",""Restaurants"",""Cafes"",""Ladies Facilities"",""Picnic Areas""]",Depends on return,"{""age"":""25–34"",""unit_size"":""3BR"",""nationality"":""Saudi Arabia"",""price_range"":""700k–1.5M SAR"",""payment_plan"":""5+ yrs"",""home_features"":[""Outdoor Space"",""Privacy""],""property_type"":""Villa"",""social_status"":""Single"",""timing_to_buy"":""2028 – 2029"",""managed_rental"":""Depends on return"",""no_of_children"":""0"",""primary_reason"":""Both"",""exterior_colour"":[""Sand"",""Sage""],""has_second_home"":""No"",""sport_amenities"":[""Padel"",""Water sports"",""Volleyball""],""premium_features"":[""Installed Kitchen""],""community_mobility"":[""Private Buggy"",""Walking"",""Cycling""],""staff_accommodation"":""Not required"",""additional_amenities"":[""Spa & Gym"",""Children's Club"",""Restaurants"",""Cafes"",""Ladies Facilities"",""Picnic Areas""],""travel_to_destination"":""Car""}",5+ yrs,Car,"[""Private Buggy"",""Walking"",""Cycling""]"
118dd80f-d9d6-42bd-8c1a-102cf6864baf,2026-09-10 07:27:27.615959+00,,25–34,Saudi Arabia,Single,0,No,2030 onwards,Family holidays,Beach Villa,2BR,1.5M–3M SAR,"[""Privacy""]",Not required,"[""Kitchen Appliances""]","[""Sand""]","[""Volleyball"",""Tennis""]","[""Cafes"",""Restaurants"",""Beach Club"",""Children's Club"",""Retail"",""Picnic Areas""]",No,"{""age"":""25–34"",""unit_size"":""2BR"",""nationality"":""Saudi Arabia"",""price_range"":""1.5M–3M SAR"",""payment_plan"":""1–2 years"",""home_features"":[""Privacy""],""property_type"":""Beach Villa"",""social_status"":""Single"",""timing_to_buy"":""2030 onwards"",""managed_rental"":""No"",""no_of_children"":""0"",""primary_reason"":""Family holidays"",""exterior_colour"":[""Sand""],""has_second_home"":""No"",""sport_amenities"":[""Volleyball"",""Tennis""],""premium_features"":[""Kitchen Appliances""],""community_mobility"":[""Walking"",""Personal Car""],""staff_accommodation"":""Not required"",""additional_amenities"":[""Cafes"",""Restaurants"",""Beach Club"",""Children's Club"",""Retail"",""Picnic Areas""],""travel_to_destination"":""Car""}",1–2 years,Car,"[""Walking"",""Personal Car""]"
118fbfe0-d647-4fc3-8ae9-cfa09310d848,2026-09-09 13:08:48.827516+00,,45–54,Philippines,Single,1,Self-owned,2030 onwards,Both,Apartment,2BR,700k–1.5M SAR,"[""Balconies & Terraces"",""Privacy""]",,"[""Installed Kitchen"",""Built-in Wardrobes"",""Kitchen Appliances""]","[""Sand""]","[""Padel"",""Tennis""]","[""Spa & Gym"",""Social Lounge"",""Picnic Areas"",""Beach Club"",""Restaurants"",""Cafes"",""Retail"",""Ladies Facilities""]",Depends on return,"{""age"":""45–54"",""unit_size"":""2BR"",""nationality"":""Philippines"",""price_range"":""700k–1.5M SAR"",""payment_plan"":""5+ yrs"",""home_features"":[""Balconies & Terraces"",""Privacy""],""property_type"":""Apartment"",""social_status"":""Single"",""timing_to_buy"":""2030 onwards"",""managed_rental"":""Depends on return"",""no_of_children"":""1"",""primary_reason"":""Both"",""exterior_colour"":[""Sand""],""has_second_home"":""Self-owned"",""sport_amenities"":[""Padel"",""Tennis""],""premium_features"":[""Installed Kitchen"",""Built-in Wardrobes"",""Kitchen Appliances""],""community_mobility"":[""Private Buggy"",""Walking"",""Shared Buggy / Community Shuttle"",""Personal Car""],""staff_accommodation"":null,""additional_amenities"":[""Spa & Gym"",""Social Lounge"",""Picnic Areas"",""Beach Club"",""Restaurants"",""Cafes"",""Retail"",""Ladies Facilities""],""travel_to_destination"":""Car""}",5+ yrs,Car,"[""Private Buggy"",""Walking"",""Shared Buggy / Community Shuttle"",""Personal Car""]"
11adb972-0ebc-422e-ae9a-eca3bbba0072,2026-09-09 13:10:26.273709+00,,25–34,Saudi Arabia,Single,0,No,2030 onwards,Investment,Apartment,2BR,700k–1.5M SAR,"[""Sea Views"",""Balconies & Terraces"",""Outdoor Space""]",,"[""Private Pool""]","[""Sage"",""Sand""]","[""Tennis""]","[""Spa & Gym"",""Cafes"",""Restaurants"",""Retail"",""Beach Club""]",Depends on return,"{""age"":""25–34"",""unit_size"":""2BR"",""nationality"":""Saudi Arabia"",""price_range"":""700k–1.5M SAR"",""payment_plan"":""3–5 years"",""home_features"":[""Sea Views"",""Balconies & Terraces"",""Outdoor Space""],""property_type"":""Apartment"",""social_status"":""Single"",""timing_to_buy"":""2030 onwards"",""managed_rental"":""Depends on return"",""no_of_children"":""0"",""primary_reason"":""Investment"",""exterior_colour"":[""Sage"",""Sand""],""has_second_home"":""No"",""sport_amenities"":[""Tennis""],""premium_features"":[""Private Pool""],""community_mobility"":[""Walking""],""staff_accommodation"":null,""additional_amenities"":[""Spa & Gym"",""Cafes"",""Restaurants"",""Retail"",""Beach Club""],""travel_to_destination"":""Air""}",3–5 years,Air,"[""Walking""]"
12ce6ef9-30c5-493f-ae33-43885d0e3972,2026-09-10 13:17:07.466347+00,,45–54,United Kingdom,Married,2,No,2028 – 2029,Investment,Villa,3BR,1.5M–3M SAR,"[""Outdoor Space"",""Privacy"",""Balconies & Terraces""]",Not required,"[""Private Pool"",""Installed Kitchen""]","[""Blue"",""Sage""]","[""Water sports""]","[""Spa & Gym"",""Beach Club"",""Social Lounge"",""Restaurants"",""Retail""]",Depends on fees & flexibility,"{""age"":""45–54"",""unit_size"":""3BR"",""nationality"":""United Kingdom"",""price_range"":""1.5M–3M SAR"",""payment_plan"":""5+ yrs"",""home_features"":[""Outdoor Space"",""Privacy"",""Balconies & Terraces""],""property_type"":""Villa"",""social_status"":""Married"",""timing_to_buy"":""2028 – 2029"",""managed_rental"":""Depends on fees & flexibility"",""no_of_children"":""2"",""primary_reason"":""Investment"",""exterior_colour"":[""Blue"",""Sage""],""has_second_home"":""No"",""sport_amenities"":[""Water sports""],""premium_features"":[""Private Pool"",""Installed Kitchen""],""community_mobility"":[""Walking""],""staff_accommodation"":""Not required"",""additional_amenities"":[""Spa & Gym"",""Beach Club"",""Social Lounge"",""Restaurants"",""Retail""],""travel_to_destination"":""Air""}",5+ yrs,Air,"[""Walking""]"
137eddb1-878c-4e4e-87dc-fc776045df47,2026-09-10 07:05:10.267302+00,,25–34,Brazil,Single,4+,Family-owned,2030 onwards,Investment,Beach Villa,5BR+,6M+ SAR,"[""Outdoor Space"",""Balconies & Terraces"",""Sea Views""]",Both,"[""Private Pool"",""Built-in Wardrobes"",""Installed Kitchen"",""Kitchen Appliances""]","[""Other: white""]","[""Water sports"",""Tennis"",""Football""]","[""Restaurants"",""Cafes"",""Spa & Gym"",""Beach Club"",""Ladies Facilities"",""Picnic Areas"",""Children's Club"",""Social Lounge"",""Retail""]",No,"{""age"":""25–34"",""unit_size"":""5BR+"",""nationality"":""Brazil"",""price_range"":""6M+ SAR"",""payment_plan"":""Upfront cash in full"",""home_features"":[""Outdoor Space"",""Balconies & Terraces"",""Sea Views""],""property_type"":""Beach Villa"",""social_status"":""Single"",""timing_to_buy"":""2030 onwards"",""managed_rental"":""No"",""no_of_children"":""4+"",""primary_reason"":""Investment"",""exterior_colour"":[""Other: white""],""has_second_home"":""Family-owned"",""sport_amenities"":[""Water sports"",""Tennis"",""Football""],""premium_features"":[""Private Pool"",""Built-in Wardrobes"",""Installed Kitchen"",""Kitchen Appliances""],""community_mobility"":[""Cycling""],""staff_accommodation"":""Both"",""additional_amenities"":[""Restaurants"",""Cafes"",""Spa & Gym"",""Beach Club"",""Ladies Facilities"",""Picnic Areas"",""Children's Club"",""Social Lounge"",""Retail""],""travel_to_destination"":""Air""}",Upfront cash in full,Air,"[""Cycling""]"
13983e2f-bcfb-428a-91d9-a88d3c240b4b,2026-09-13 10:19:51.258023+00,,35–44,Saudi Arabia,Married,1,No,2030 onwards,Both,Apartment,2BR,700k–1.5M SAR,"[""Balconies & Terraces"",""Sea Views"",""Outdoor Space""]",,"[""Private Pool"",""Installed Kitchen"",""Built-in Wardrobes"",""Kitchen Appliances""]","[""Blue""]","[""Football"",""Basketball"",""Water sports""]","[""Spa & Gym"",""Cafes"",""Children's Club"",""Social Lounge""]",Depends on fees & flexibility,"{""age"":""35–44"",""unit_size"":""2BR"",""nationality"":""Saudi Arabia"",""price_range"":""700k–1.5M SAR"",""payment_plan"":""5+ yrs"",""home_features"":[""Balconies & Terraces"",""Sea Views"",""Outdoor Space""],""property_type"":""Apartment"",""social_status"":""Married"",""timing_to_buy"":""2030 onwards"",""managed_rental"":""Depends on fees & flexibility"",""no_of_children"":""1"",""primary_reason"":""Both"",""exterior_colour"":[""Blue""],""has_second_home"":""No"",""sport_amenities"":[""Football"",""Basketball"",""Water sports""],""premium_features"":[""Private Pool"",""Installed Kitchen"",""Built-in Wardrobes"",""Kitchen Appliances""],""community_mobility"":[""Walking"",""Cycling""],""staff_accommodation"":null,""additional_amenities"":[""Spa & Gym"",""Cafes"",""Children's Club"",""Social Lounge""],""travel_to_destination"":""Car""}",5+ yrs,Car,"[""Walking"",""Cycling""]"
154d40e1-4454-4d98-8245-93540380eb2c,2026-09-10 07:59:17.441685+00,,25–34,Egypt,Married,0,Self-owned,2028 – 2029,Investment,Apartment,Studio,700k–1.5M SAR,"[""Outdoor Space"",""Park Views"",""Privacy""]",,"[""Private Pool""]","[""Blue"",""Sage""]","[""Padel"",""Football"",""Water sports""]","[""Spa & Gym"",""Beach Club"",""Ladies Facilities""]",Depends on return,"{""age"":""25–34"",""unit_size"":""Studio"",""nationality"":""Egypt"",""price_range"":""700k–1.5M SAR"",""payment_plan"":""5+ yrs"",""home_features"":[""Outdoor Space"",""Park Views"",""Privacy""],""property_type"":""Apartment"",""social_status"":""Married"",""timing_to_buy"":""2028 – 2029"",""managed_rental"":""Depends on return"",""no_of_children"":""0"",""primary_reason"":""Investment"",""exterior_colour"":[""Blue"",""Sage""],""has_second_home"":""Self-owned"",""sport_amenities"":[""Padel"",""Football"",""Water sports""],""premium_features"":[""Private Pool""],""community_mobility"":[""Cycling"",""Private Buggy"",""Walking""],""staff_accommodation"":null,""additional_amenities"":[""Spa & Gym"",""Beach Club"",""Ladies Facilities""],""travel_to_destination"":""Car""}",5+ yrs,Car,"[""Cycling"",""Private Buggy"",""Walking""]"
15b35e80-c61e-466c-8654-b2b5149d9116,2026-09-09 13:16:19.973092+00,,45–54,Lebanon,Married,2,No,2028 – 2029,Both,No preference,3BR,700k–1.5M SAR,"[""Outdoor Space"",""Balconies & Terraces"",""Sea Views""]",A maid's room,"[""Installed Kitchen"",""Built-in Wardrobes""]","[""Sage""]","[""Football"",""Water sports""]","[""Children's Club"",""Spa & Gym"",""Beach Club""]",Depends on fees & flexibility,"{""age"":""45–54"",""unit_size"":""3BR"",""nationality"":""Lebanon"",""price_range"":""700k–1.5M SAR"",""payment_plan"":""5+ yrs"",""home_features"":[""Outdoor Space"",""Balconies & Terraces"",""Sea Views""],""property_type"":""No preference"",""social_status"":""Married"",""timing_to_buy"":""2028 – 2029"",""managed_rental"":""Depends on fees & flexibility"",""no_of_children"":""2"",""primary_reason"":""Both"",""exterior_colour"":[""Sage""],""has_second_home"":""No"",""sport_amenities"":[""Football"",""Water sports""],""premium_features"":[""Installed Kitchen"",""Built-in Wardrobes""],""community_mobility"":[""Personal Car""],""staff_accommodation"":""A maid's room"",""additional_amenities"":[""Children's Club"",""Spa & Gym"",""Beach Club""],""travel_to_destination"":""Air""}",5+ yrs,Air,"[""Personal Car""]"
16ac87e3-2b25-47c1-95f6-4f348054f816,2026-09-09 13:41:14.604555+00,,45–54,India,Married,1,Self-owned,2028 – 2029,Investment,Villa,3BR,1.5M–3M SAR,"[""Sea Views""]",A maid's room,"[""Built-in Wardrobes"",""Installed Kitchen""]","[""Sage""]","[""Football"",""Basketball""]","[""Beach Club"",""Restaurants"",""Cafes"",""Retail"",""Spa & Gym""]",Depends on fees & flexibility,"{""age"":""45–54"",""unit_size"":""3BR"",""nationality"":""India"",""price_range"":""1.5M–3M SAR"",""payment_plan"":""3–5 years"",""home_features"":[""Sea Views""],""property_type"":""Villa"",""social_status"":""Married"",""timing_to_buy"":""2028 – 2029"",""managed_rental"":""Depends on fees & flexibility"",""no_of_children"":""1"",""primary_reason"":""Investment"",""exterior_colour"":[""Sage""],""has_second_home"":""Self-owned"",""sport_amenities"":[""Football"",""Basketball""],""premium_features"":[""Built-in Wardrobes"",""Installed Kitchen""],""community_mobility"":[""Cycling"",""Walking"",""Shared Buggy / Community Shuttle""],""staff_accommodation"":""A maid's room"",""additional_amenities"":[""Beach Club"",""Restaurants"",""Cafes"",""Retail"",""Spa & Gym""],""travel_to_destination"":""Car""}",3–5 years,Car,"[""Cycling"",""Walking"",""Shared Buggy / Community Shuttle""]"
1764db87-fc29-4a09-a098-2d18c718a706,2026-09-10 06:24:04.902885+00,,45–54,Ireland,Married,0,Self-owned,2030 onwards,Both,Villa,2BR,700k–1.5M SAR,"[""Outdoor Space"",""Balconies & Terraces"",""Sea Views""]",Not required,"[""Installed Kitchen"",""Kitchen Appliances"",""Built-in Wardrobes"",""Private Pool"",""Other: Office Space, Gym, Sauna, Cold Plunge""]","[""Sand"",""Other: Something that will still look good in 10 years.  These will not age well.""]","[""Other: Gym, MMA, Cross Fit"",""Water sports"",""Padel""]","[""Spa & Gym"",""Cafes"",""Restaurants"",""Beach Club"",""Other: Community Pool""]",Depends on fees & flexibility,"{""age"":""45–54"",""unit_size"":""2BR"",""nationality"":""Ireland"",""price_range"":""700k–1.5M SAR"",""payment_plan"":""3–5 years"",""home_features"":[""Outdoor Space"",""Balconies & Terraces"",""Sea Views""],""property_type"":""Villa"",""social_status"":""Married"",""timing_to_buy"":""2030 onwards"",""managed_rental"":""Depends on fees & flexibility"",""no_of_children"":""0"",""primary_reason"":""Both"",""exterior_colour"":[""Sand"",""Other: Something that will still look good in 10 years.  These will not age well.""],""has_second_home"":""Self-owned"",""sport_amenities"":[""Other: Gym, MMA, Cross Fit"",""Water sports"",""Padel""],""premium_features"":[""Installed Kitchen"",""Kitchen Appliances"",""Built-in Wardrobes"",""Private Pool"",""Other: Office Space, Gym, Sauna, Cold Plunge""],""community_mobility"":[""Walking"",""Private Buggy""],""staff_accommodation"":""Not required"",""additional_amenities"":[""Spa & Gym"",""Cafes"",""Restaurants"",""Beach Club"",""Other: Community Pool""],""travel_to_destination"":""Air""}",3–5 years,Air,"[""Walking"",""Private Buggy""]"
17d4b968-2f23-41e5-9c80-9fdb28727d54,2026-09-09 14:30:40.664432+00,,35–44,Sri Lanka,Married,4+,No,2028 – 2029,Investment,Townhouse,3BR,700k–1.5M SAR,"[""Outdoor Space"",""Balconies & Terraces"",""Sea Views""]",A maid's room,"[""Installed Kitchen""]","[""Sand""]","[""Padel"",""Tennis"",""Football""]","[""Spa & Gym"",""Children's Club"",""Social Lounge"",""Ladies Facilities"",""Beach Club"",""Restaurants"",""Cafes"",""Retail""]",Yes,"{""age"":""35–44"",""unit_size"":""3BR"",""nationality"":""Sri Lanka"",""price_range"":""700k–1.5M SAR"",""payment_plan"":""5+ yrs"",""home_features"":[""Outdoor Space"",""Balconies & Terraces"",""Sea Views""],""property_type"":""Townhouse"",""social_status"":""Married"",""timing_to_buy"":""2028 – 2029"",""managed_rental"":""Yes"",""no_of_children"":""4+"",""primary_reason"":""Investment"",""exterior_colour"":[""Sand""],""has_second_home"":""No"",""sport_amenities"":[""Padel"",""Tennis"",""Football""],""premium_features"":[""Installed Kitchen""],""community_mobility"":[""Walking"",""Cycling""],""staff_accommodation"":""A maid's room"",""additional_amenities"":[""Spa & Gym"",""Children's Club"",""Social Lounge"",""Ladies Facilities"",""Beach Club"",""Restaurants"",""Cafes"",""Retail""],""travel_to_destination"":""Car""}",5+ yrs,Car,"[""Walking"",""Cycling""]"
183b109d-2fbe-4567-8fe5-7202533d1a15,2026-09-09 13:17:07.31999+00,,35–44,Saudi Arabia,Married,3,No,2028 – 2029,Both,No preference,2BR,700k–1.5M SAR,"[""Sea Views"",""Outdoor Space"",""Balconies & Terraces""]",A maid's room,"[""Installed Kitchen"",""Kitchen Appliances"",""Built-in Wardrobes""]","[""Sand"",""Sage""]","[""Padel"",""Volleyball"",""Water sports""]","[""Spa & Gym"",""Children's Club"",""Beach Club"",""Ladies Facilities"",""Restaurants"",""Cafes"",""Retail""]",Depends on fees & flexibility,"{""age"":""35–44"",""unit_size"":""2BR"",""nationality"":""Saudi Arabia"",""price_range"":""700k–1.5M SAR"",""payment_plan"":""5+ yrs"",""home_features"":[""Sea Views"",""Outdoor Space"",""Balconies & Terraces""],""property_type"":""No preference"",""social_status"":""Married"",""timing_to_buy"":""2028 – 2029"",""managed_rental"":""Depends on fees & flexibility"",""no_of_children"":""3"",""primary_reason"":""Both"",""exterior_colour"":[""Sand"",""Sage""],""has_second_home"":""No"",""sport_amenities"":[""Padel"",""Volleyball"",""Water sports""],""premium_features"":[""Installed Kitchen"",""Kitchen Appliances"",""Built-in Wardrobes""],""community_mobility"":[""Walking"",""Private Buggy"",""Shared Buggy / Community Shuttle"",""Personal Car"",""Cycling""],""staff_accommodation"":""A maid's room"",""additional_amenities"":[""Spa & Gym"",""Children's Club"",""Beach Club"",""Ladies Facilities"",""Restaurants"",""Cafes"",""Retail""],""travel_to_destination"":""Air""}",5+ yrs,Air,"[""Walking"",""Private Buggy"",""Shared Buggy / Community Shuttle"",""Personal Car"",""Cycling""]"
183ff8fb-a6c2-47b8-b264-bc8d81308b33,2026-09-09 14:08:35.274768+00,,35–44,Jordan,Married,2,No,2028 – 2029,Investment,Townhouse,3BR,1.5M–3M SAR,"[""Sea Views"",""Balconies & Terraces"",""Outdoor Space""]",A maid's room,"[""Private Pool"",""Built-in Wardrobes"",""Installed Kitchen""]","[""Blue""]","[""Football"",""Padel"",""Water sports""]","[""Spa & Gym"",""Children's Club"",""Beach Club"",""Restaurants""]",Depends on fees & flexibility,"{""age"":""35–44"",""unit_size"":""3BR"",""nationality"":""Jordan"",""price_range"":""1.5M–3M SAR"",""payment_plan"":""3–5 years"",""home_features"":[""Sea Views"",""Balconies & Terraces"",""Outdoor Space""],""property_type"":""Townhouse"",""social_status"":""Married"",""timing_to_buy"":""2028 – 2029"",""managed_rental"":""Depends on fees & flexibility"",""no_of_children"":""2"",""primary_reason"":""Investment"",""exterior_colour"":[""Blue""],""has_second_home"":""No"",""sport_amenities"":[""Football"",""Padel"",""Water sports""],""premium_features"":[""Private Pool"",""Built-in Wardrobes"",""Installed Kitchen""],""community_mobility"":[""Cycling"",""Private Buggy"",""Personal Car"",""Walking""],""staff_accommodation"":""A maid's room"",""additional_amenities"":[""Spa & Gym"",""Children's Club"",""Beach Club"",""Restaurants""],""travel_to_destination"":""Car""}",3–5 years,Car,"[""Cycling"",""Private Buggy"",""Personal Car"",""Walking""]"
18903af2-bf1f-414d-8985-150531ca8fac,2026-09-09 14:14:37.323539+00,,25–34,Sri Lanka,Married,1,No,2030 onwards,Investment,Beach Villa,3BR,700k–1.5M SAR,"[""Outdoor Space"",""Sea Views"",""Balconies & Terraces""]",A maid's room,"[""Installed Kitchen""]","[""Sand""]","[""Padel"",""Tennis""]","[""Spa & Gym"",""Children's Club"",""Restaurants"",""Retail"",""Cafes""]",Depends on fees & flexibility,"{""age"":""25–34"",""unit_size"":""3BR"",""nationality"":""Sri Lanka"",""price_range"":""700k–1.5M SAR"",""payment_plan"":""5+ yrs"",""home_features"":[""Outdoor Space"",""Sea Views"",""Balconies & Terraces""],""property_type"":""Beach Villa"",""social_status"":""Married"",""timing_to_buy"":""2030 onwards"",""managed_rental"":""Depends on fees & flexibility"",""no_of_children"":""1"",""primary_reason"":""Investment"",""exterior_colour"":[""Sand""],""has_second_home"":""No"",""sport_amenities"":[""Padel"",""Tennis""],""premium_features"":[""Installed Kitchen""],""community_mobility"":[""Walking"",""Personal Car""],""staff_accommodation"":""A maid's room"",""additional_amenities"":[""Spa & Gym"",""Children's Club"",""Restaurants"",""Retail"",""Cafes""],""travel_to_destination"":""Car""}",5+ yrs,Car,"[""Walking"",""Personal Car""]"
1939b53a-720d-47dd-9ff0-4eaf8cb1d289,2026-09-09 13:11:19.902526+00,,35–44,Egypt,Married,3,Self-owned,2028 – 2029,Both,Apartment,3BR,700k–1.5M SAR,"[""Sea Views""]",,"[""Built-in Wardrobes"",""Installed Kitchen""]","[""Blue""]","[""Tennis"",""Padel"",""Football""]","[""Spa & Gym"",""Children's Club"",""Retail"",""Cafes"",""Restaurants"",""Beach Club""]",Depends on fees & flexibility,"{""age"":""35–44"",""unit_size"":""3BR"",""nationality"":""Egypt"",""price_range"":""700k–1.5M SAR"",""payment_plan"":""5+ yrs"",""home_features"":[""Sea Views""],""property_type"":""Apartment"",""social_status"":""Married"",""timing_to_buy"":""2028 – 2029"",""managed_rental"":""Depends on fees & flexibility"",""no_of_children"":""3"",""primary_reason"":""Both"",""exterior_colour"":[""Blue""],""has_second_home"":""Self-owned"",""sport_amenities"":[""Tennis"",""Padel"",""Football""],""premium_features"":[""Built-in Wardrobes"",""Installed Kitchen""],""community_mobility"":[""Private Buggy""],""staff_accommodation"":null,""additional_amenities"":[""Spa & Gym"",""Children's Club"",""Retail"",""Cafes"",""Restaurants"",""Beach Club""],""travel_to_destination"":""Air""}",5+ yrs,Air,"[""Private Buggy""]"
19c78021-e486-4c17-af55-4dd38fac6a89,2026-09-09 14:02:32.301497+00,,35–44,Saudi Arabia,Married,3,No,2028 – 2029,Family holidays,Townhouse,3BR,700k–1.5M SAR,"[""Balconies & Terraces""]",A maid's room,"[""Installed Kitchen""]","[""Sand""]","[""Padel"",""Water sports"",""Volleyball""]","[""Spa & Gym"",""Children's Club"",""Ladies Facilities"",""Restaurants""]",Yes,"{""age"":""35–44"",""unit_size"":""3BR"",""nationality"":""Saudi Arabia"",""price_range"":""700k–1.5M SAR"",""payment_plan"":""5+ yrs"",""home_features"":[""Balconies & Terraces""],""property_type"":""Townhouse"",""social_status"":""Married"",""timing_to_buy"":""2028 – 2029"",""managed_rental"":""Yes"",""no_of_children"":""3"",""primary_reason"":""Family holidays"",""exterior_colour"":[""Sand""],""has_second_home"":""No"",""sport_amenities"":[""Padel"",""Water sports"",""Volleyball""],""premium_features"":[""Installed Kitchen""],""community_mobility"":[""Walking""],""staff_accommodation"":""A maid's room"",""additional_amenities"":[""Spa & Gym"",""Children's Club"",""Ladies Facilities"",""Restaurants""],""travel_to_destination"":""Car""}",5+ yrs,Car,"[""Walking""]"
1a80f6af-c734-467b-a4b1-7ec51daccfa0,2026-09-10 06:45:14.209443+00,,35–44,Saudi Arabia,Married,1,No,2026 – 2027,Both,Townhouse,2BR,700k–1.5M SAR,"[""Sea Views""]",Not required,"[""Installed Kitchen""]","[""Sage""]","[""Volleyball"",""Padel""]","[""Spa & Gym"",""Children's Club"",""Beach Club""]",Yes,"{""age"":""35–44"",""unit_size"":""2BR"",""nationality"":""Saudi Arabia"",""price_range"":""700k–1.5M SAR"",""payment_plan"":""3–5 years"",""home_features"":[""Sea Views""],""property_type"":""Townhouse"",""social_status"":""Married"",""timing_to_buy"":""2026 – 2027"",""managed_rental"":""Yes"",""no_of_children"":""1"",""primary_reason"":""Both"",""exterior_colour"":[""Sage""],""has_second_home"":""No"",""sport_amenities"":[""Volleyball"",""Padel""],""premium_features"":[""Installed Kitchen""],""community_mobility"":[""Walking"",""Cycling""],""staff_accommodation"":""Not required"",""additional_amenities"":[""Spa & Gym"",""Children's Club"",""Beach Club""],""travel_to_destination"":""Car""}",3–5 years,Car,"[""Walking"",""Cycling""]"
1ae5c0ce-2d55-40eb-9a8d-182a7149512a,2026-09-09 13:14:37.081419+00,,55–64,Spain,Married,2,No,2028 – 2029,Both,Beach Villa,3BR,700k–1.5M SAR,"[""Sea Views"",""Privacy"",""Outdoor Space""]",Not required,"[""Installed Kitchen"",""Built-in Wardrobes"",""Private Pool"",""Kitchen Appliances""]","[""Sand""]","[""Tennis"",""Padel"",""Water sports""]","[""Spa & Gym"",""Beach Club"",""Restaurants"",""Cafes"",""Retail"",""Picnic Areas"",""Social Lounge"",""Children's Club"",""Ladies Facilities""]",Depends on return,"{""age"":""55–64"",""unit_size"":""3BR"",""nationality"":""Spain"",""price_range"":""700k–1.5M SAR"",""payment_plan"":""Upfront cash in full"",""home_features"":[""Sea Views"",""Privacy"",""Outdoor Space""],""property_type"":""Beach Villa"",""social_status"":""Married"",""timing_to_buy"":""2028 – 2029"",""managed_rental"":""Depends on return"",""no_of_children"":""2"",""primary_reason"":""Both"",""exterior_colour"":[""Sand""],""has_second_home"":""No"",""sport_amenities"":[""Tennis"",""Padel"",""Water sports""],""premium_features"":[""Installed Kitchen"",""Built-in Wardrobes"",""Private Pool"",""Kitchen Appliances""],""community_mobility"":[""Walking""],""staff_accommodation"":""Not required"",""additional_amenities"":[""Spa & Gym"",""Beach Club"",""Restaurants"",""Cafes"",""Retail"",""Picnic Areas"",""Social Lounge"",""Children's Club"",""Ladies Facilities""],""travel_to_destination"":""Car""}",Upfront cash in full,Car,"[""Walking""]"
1b432cc4-0095-4380-b4db-0341a07a86ab,2026-09-09 13:08:09.238601+00,,35–44,Saudi Arabia,Married,0,No,2030 onwards,Family holidays,No preference,1BR,700k–1.5M SAR,"[""Sea Views""]",Not required,"[""Installed Kitchen""]","[""Sand"",""Sage""]","[""Football"",""Tennis"",""Padel""]","[""Social Lounge"",""Beach Club"",""Cafes"",""Restaurants"",""Picnic Areas""]",Yes,"{""age"":""35–44"",""unit_size"":""1BR"",""nationality"":""Saudi Arabia"",""price_range"":""700k–1.5M SAR"",""payment_plan"":""5+ yrs"",""home_features"":[""Sea Views""],""property_type"":""No preference"",""social_status"":""Married"",""timing_to_buy"":""2030 onwards"",""managed_rental"":""Yes"",""no_of_children"":""0"",""primary_reason"":""Family holidays"",""exterior_colour"":[""Sand"",""Sage""],""has_second_home"":""No"",""sport_amenities"":[""Football"",""Tennis"",""Padel""],""premium_features"":[""Installed Kitchen""],""community_mobility"":[""Private Buggy"",""Walking"",""Cycling"",""Shared Buggy / Community Shuttle"",""Personal Car""],""staff_accommodation"":""Not required"",""additional_amenities"":[""Social Lounge"",""Beach Club"",""Cafes"",""Restaurants"",""Picnic Areas""],""travel_to_destination"":""Car""}",5+ yrs,Car,"[""Private Buggy"",""Walking"",""Cycling"",""Shared Buggy / Community Shuttle"",""Personal Car""]"
1b8db527-c14c-46ab-a6e9-fd5301f847e0,2026-09-10 06:11:58.442093+00,,35–44,Jordan,Married,2,No,2030 onwards,Both,No preference,3BR,700k–1.5M SAR,"[""Balconies & Terraces"",""Privacy"",""Sea Views""]",A maid's room,"[""Other: private parking""]","[""Other: white and blue""]","[""Tennis"",""Water sports"",""Padel""]","[""Children's Club"",""Spa & Gym"",""Social Lounge"",""Beach Club"",""Picnic Areas"",""Ladies Facilities"",""Restaurants"",""Cafes"",""Retail"",""Other: mall, supermarket, barber, pharmacy, pet shop, free beach access, spacious parking, roads for car access, souq""]",No,"{""age"":""35–44"",""unit_size"":""3BR"",""nationality"":""Jordan"",""price_range"":""700k–1.5M SAR"",""payment_plan"":""5+ yrs"",""home_features"":[""Balconies & Terraces"",""Privacy"",""Sea Views""],""property_type"":""No preference"",""social_status"":""Married"",""timing_to_buy"":""2030 onwards"",""managed_rental"":""No"",""no_of_children"":""2"",""primary_reason"":""Both"",""exterior_colour"":[""Other: white and blue""],""has_second_home"":""No"",""sport_amenities"":[""Tennis"",""Water sports"",""Padel""],""premium_features"":[""Other: private parking""],""community_mobility"":[""Personal Car""],""staff_accommodation"":""A maid's room"",""additional_amenities"":[""Children's Club"",""Spa & Gym"",""Social Lounge"",""Beach Club"",""Picnic Areas"",""Ladies Facilities"",""Restaurants"",""Cafes"",""Retail"",""Other: mall, supermarket, barber, pharmacy, pet shop, free beach access, spacious parking, roads for car access, souq""],""travel_to_destination"":""Car""}",5+ yrs,Car,"[""Personal Car""]"
1bbd0264-0c2c-4d89-9306-37fb2f3a9e54,2026-09-09 13:22:40.433047+00,,25–34,Saudi Arabia,Single,0,Family-owned,2030 onwards,Family holidays,Apartment,3BR,700k–1.5M SAR,"[""Balconies & Terraces"",""Outdoor Space"",""Park Views""]",,"[""Private Pool"",""Installed Kitchen"",""Built-in Wardrobes""]","[""Blue"",""Sand""]","[""Football"",""Tennis"",""Basketball""]","[""Restaurants"",""Spa & Gym"",""Retail"",""Cafes"",""Picnic Areas"",""Beach Club""]",No,"{""age"":""25–34"",""unit_size"":""3BR"",""nationality"":""Saudi Arabia"",""price_range"":""700k–1.5M SAR"",""payment_plan"":""5+ yrs"",""home_features"":[""Balconies & Terraces"",""Outdoor Space"",""Park Views""],""property_type"":""Apartment"",""social_status"":""Single"",""timing_to_buy"":""2030 onwards"",""managed_rental"":""No"",""no_of_children"":""0"",""primary_reason"":""Family holidays"",""exterior_colour"":[""Blue"",""Sand""],""has_second_home"":""Family-owned"",""sport_amenities"":[""Football"",""Tennis"",""Basketball""],""premium_features"":[""Private Pool"",""Installed Kitchen"",""Built-in Wardrobes""],""community_mobility"":[""Private Buggy""],""staff_accommodation"":null,""additional_amenities"":[""Restaurants"",""Spa & Gym"",""Retail"",""Cafes"",""Picnic Areas"",""Beach Club""],""travel_to_destination"":""Car""}",5+ yrs,Car,"[""Private Buggy""]"
1c266238-7c37-4af4-ae2f-d89b890d1f7a,2026-09-09 13:19:42.772133+00,,45–54,Egypt,Married,3,No,2030 onwards,Investment,Apartment,3BR,700k–1.5M SAR,"[""Sea Views""]",,"[""Installed Kitchen"",""Kitchen Appliances"",""Built-in Wardrobes"",""Private Pool""]","[""Sand"",""Sage""]","[""Basketball"",""Padel"",""Football""]","[""Spa & Gym"",""Children's Club"",""Beach Club"",""Cafes"",""Retail"",""Picnic Areas"",""Restaurants""]",Depends on fees & flexibility,"{""age"":""45–54"",""unit_size"":""3BR"",""nationality"":""Egypt"",""price_range"":""700k–1.5M SAR"",""payment_plan"":""5+ yrs"",""home_features"":[""Sea Views""],""property_type"":""Apartment"",""social_status"":""Married"",""timing_to_buy"":""2030 onwards"",""managed_rental"":""Depends on fees & flexibility"",""no_of_children"":""3"",""primary_reason"":""Investment"",""exterior_colour"":[""Sand"",""Sage""],""has_second_home"":""No"",""sport_amenities"":[""Basketball"",""Padel"",""Football""],""premium_features"":[""Installed Kitchen"",""Kitchen Appliances"",""Built-in Wardrobes"",""Private Pool""],""community_mobility"":[""Walking"",""Cycling"",""Personal Car""],""staff_accommodation"":null,""additional_amenities"":[""Spa & Gym"",""Children's Club"",""Beach Club"",""Cafes"",""Retail"",""Picnic Areas"",""Restaurants""],""travel_to_destination"":""Car""}",5+ yrs,Car,"[""Walking"",""Cycling"",""Personal Car""]"
1cb645c4-0ed0-4ba5-8f44-885a3ae61488,2026-09-10 07:48:42.020542+00,,45–54,Saudi Arabia,Married,1,Family-owned,2028 – 2029,Both,No preference,3BR,700k–1.5M SAR,"[""Outdoor Space"",""Balconies & Terraces"",""Sea Views""]",A maid's room,"[""Installed Kitchen""]","[""Sand""]","[""Padel"",""Water sports"",""Other: Equestrian""]","[""Spa & Gym"",""Children's Club"",""Social Lounge"",""Ladies Facilities"",""Picnic Areas"",""Beach Club"",""Restaurants"",""Cafes"",""Retail""]",Depends on return,"{""age"":""45–54"",""unit_size"":""3BR"",""nationality"":""Saudi Arabia"",""price_range"":""700k–1.5M SAR"",""payment_plan"":""3–5 years"",""home_features"":[""Outdoor Space"",""Balconies & Terraces"",""Sea Views""],""property_type"":""No preference"",""social_status"":""Married"",""timing_to_buy"":""2028 – 2029"",""managed_rental"":""Depends on return"",""no_of_children"":""1"",""primary_reason"":""Both"",""exterior_colour"":[""Sand""],""has_second_home"":""Family-owned"",""sport_amenities"":[""Padel"",""Water sports"",""Other: Equestrian""],""premium_features"":[""Installed Kitchen""],""community_mobility"":[""Private Buggy"",""Cycling"",""Walking"",""Shared Buggy / Community Shuttle""],""staff_accommodation"":""A maid's room"",""additional_amenities"":[""Spa & Gym"",""Children's Club"",""Social Lounge"",""Ladies Facilities"",""Picnic Areas"",""Beach Club"",""Restaurants"",""Cafes"",""Retail""],""travel_to_destination"":""Car""}",3–5 years,Car,"[""Private Buggy"",""Cycling"",""Walking"",""Shared Buggy / Community Shuttle""]"
1cb80b25-1c84-46d7-bc47-10faa62b156c,2026-09-10 07:21:21.258479+00,,35–44,France,Married,2,No,2030 onwards,Investment,Townhouse,4BR,700k–1.5M SAR,"[""Outdoor Space"",""Privacy"",""Sea Views""]",A maid's room,"[""Private Pool"",""Installed Kitchen""]","[""Sand""]","[""Water sports"",""Padel"",""Tennis""]","[""Spa & Gym"",""Picnic Areas"",""Beach Club"",""Restaurants"",""Cafes"",""Children's Club""]",Depends on return,"{""age"":""35–44"",""unit_size"":""4BR"",""nationality"":""France"",""price_range"":""700k–1.5M SAR"",""payment_plan"":""5+ yrs"",""home_features"":[""Outdoor Space"",""Privacy"",""Sea Views""],""property_type"":""Townhouse"",""social_status"":""Married"",""timing_to_buy"":""2030 onwards"",""managed_rental"":""Depends on return"",""no_of_children"":""2"",""primary_reason"":""Investment"",""exterior_colour"":[""Sand""],""has_second_home"":""No"",""sport_amenities"":[""Water sports"",""Padel"",""Tennis""],""premium_features"":[""Private Pool"",""Installed Kitchen""],""community_mobility"":[""Cycling"",""Walking""],""staff_accommodation"":""A maid's room"",""additional_amenities"":[""Spa & Gym"",""Picnic Areas"",""Beach Club"",""Restaurants"",""Cafes"",""Children's Club""],""travel_to_destination"":""Car""}",5+ yrs,Car,"[""Cycling"",""Walking""]"
1d650bab-232a-48a4-bff8-ac94129bc382,2026-09-09 13:17:05.87757+00,,35–44,Sri Lanka,Married,2,No,2028 – 2029,Investment,Apartment,2BR,700k–1.5M SAR,"[""Balconies & Terraces""]",,"[""Kitchen Appliances""]","[""Sand""]","[""Padel""]","[""Spa & Gym""]",Depends on return,"{""age"":""35–44"",""unit_size"":""2BR"",""nationality"":""Sri Lanka"",""price_range"":""700k–1.5M SAR"",""payment_plan"":""3–5 years"",""home_features"":[""Balconies & Terraces""],""property_type"":""Apartment"",""social_status"":""Married"",""timing_to_buy"":""2028 – 2029"",""managed_rental"":""Depends on return"",""no_of_children"":""2"",""primary_reason"":""Investment"",""exterior_colour"":[""Sand""],""has_second_home"":""No"",""sport_amenities"":[""Padel""],""premium_features"":[""Kitchen Appliances""],""community_mobility"":[""Walking""],""staff_accommodation"":null,""additional_amenities"":[""Spa & Gym""],""travel_to_destination"":""Car""}",3–5 years,Car,"[""Walking""]"
1e024dbc-4916-48ff-a61f-b4b6206257cc,2026-09-09 13:51:18.533163+00,,45–54,Egypt,Married,2,Self-owned,2026 – 2027,Both,Townhouse,3BR,700k–1.5M SAR,"[""Park Views"",""Sea Views"",""Outdoor Space""]",A maid's room,"[""Installed Kitchen"",""Kitchen Appliances""]","[""Sage"",""Sand"",""Rose"",""Blue""]","[""Padel"",""Football"",""Basketball""]","[""Spa & Gym"",""Children's Club"",""Social Lounge"",""Ladies Facilities"",""Beach Club"",""Restaurants"",""Cafes"",""Retail"",""Picnic Areas""]",No,"{""age"":""45–54"",""unit_size"":""3BR"",""nationality"":""Egypt"",""price_range"":""700k–1.5M SAR"",""payment_plan"":""5+ yrs"",""home_features"":[""Park Views"",""Sea Views"",""Outdoor Space""],""property_type"":""Townhouse"",""social_status"":""Married"",""timing_to_buy"":""2026 – 2027"",""managed_rental"":""No"",""no_of_children"":""2"",""primary_reason"":""Both"",""exterior_colour"":[""Sage"",""Sand"",""Rose"",""Blue""],""has_second_home"":""Self-owned"",""sport_amenities"":[""Padel"",""Football"",""Basketball""],""premium_features"":[""Installed Kitchen"",""Kitchen Appliances""],""community_mobility"":[""Walking"",""Cycling"",""Shared Buggy / Community Shuttle""],""staff_accommodation"":""A maid's room"",""additional_amenities"":[""Spa & Gym"",""Children's Club"",""Social Lounge"",""Ladies Facilities"",""Beach Club"",""Restaurants"",""Cafes"",""Retail"",""Picnic Areas""],""travel_to_destination"":""Car""}",5+ yrs,Car,"[""Walking"",""Cycling"",""Shared Buggy / Community Shuttle""]"
1e3ca18b-26cc-4316-879d-f72bf084ff50,2026-09-13 10:02:31.062413+00,,25–34,Saudi Arabia,Married,1,No,2030 onwards,Both,Apartment,1BR,700k–1.5M SAR,"[""Balconies & Terraces"",""Sea Views""]",,"[""Kitchen Appliances"",""Other: Living Room""]","[""Sage"",""Rose""]","[""Padel"",""Water sports""]","[""Spa & Gym"",""Children's Club"",""Social Lounge"",""Picnic Areas"",""Beach Club"",""Retail""]",Yes,"{""age"":""25–34"",""unit_size"":""1BR"",""nationality"":""Saudi Arabia"",""price_range"":""700k–1.5M SAR"",""payment_plan"":""5+ yrs"",""home_features"":[""Balconies & Terraces"",""Sea Views""],""property_type"":""Apartment"",""social_status"":""Married"",""timing_to_buy"":""2030 onwards"",""managed_rental"":""Yes"",""no_of_children"":""1"",""primary_reason"":""Both"",""exterior_colour"":[""Sage"",""Rose""],""has_second_home"":""No"",""sport_amenities"":[""Padel"",""Water sports""],""premium_features"":[""Kitchen Appliances"",""Other: Living Room""],""community_mobility"":[""Cycling""],""staff_accommodation"":null,""additional_amenities"":[""Spa & Gym"",""Children's Club"",""Social Lounge"",""Picnic Areas"",""Beach Club"",""Retail""],""travel_to_destination"":""Air""}",5+ yrs,Air,"[""Cycling""]"
1e6f6ecd-0c31-4676-a603-9aeb49549807,2026-09-09 13:18:24.46342+00,,35–44,Sri Lanka,Married,2,Self-owned,2028 – 2029,Both,Beach Villa,3BR,700k–1.5M SAR,"[""Outdoor Space"",""Balconies & Terraces"",""Sea Views""]",A maid's room,"[""Private Pool""]","[""Other: white""]","[""Other: Cricket""]","[""Spa & Gym"",""Children's Club"",""Picnic Areas"",""Social Lounge"",""Beach Club"",""Ladies Facilities"",""Restaurants"",""Cafes"",""Retail""]",Depends on fees & flexibility,"{""age"":""35–44"",""unit_size"":""3BR"",""nationality"":""Sri Lanka"",""price_range"":""700k–1.5M SAR"",""payment_plan"":""5+ yrs"",""home_features"":[""Outdoor Space"",""Balconies & Terraces"",""Sea Views""],""property_type"":""Beach Villa"",""social_status"":""Married"",""timing_to_buy"":""2028 – 2029"",""managed_rental"":""Depends on fees & flexibility"",""no_of_children"":""2"",""primary_reason"":""Both"",""exterior_colour"":[""Other: white""],""has_second_home"":""Self-owned"",""sport_amenities"":[""Other: Cricket""],""premium_features"":[""Private Pool""],""community_mobility"":[""Cycling""],""staff_accommodation"":""A maid's room"",""additional_amenities"":[""Spa & Gym"",""Children's Club"",""Picnic Areas"",""Social Lounge"",""Beach Club"",""Ladies Facilities"",""Restaurants"",""Cafes"",""Retail""],""travel_to_destination"":""Car""}",5+ yrs,Car,"[""Cycling""]"
1e9e991a-2818-4186-b2e8-27962bfcb64b,2026-09-09 13:55:49.807455+00,,35–44,Sudan,Married,0,Family-owned,2028 – 2029,Both,Apartment,2BR,700k–1.5M SAR,"[""Sea Views"",""Balconies & Terraces""]",,"[""Installed Kitchen"",""Built-in Wardrobes""]","[""Sand""]","[""Padel""]","[""Spa & Gym"",""Social Lounge"",""Beach Club"",""Restaurants"",""Cafes"",""Retail""]",Yes,"{""age"":""35–44"",""unit_size"":""2BR"",""nationality"":""Sudan"",""price_range"":""700k–1.5M SAR"",""payment_plan"":""5+ yrs"",""home_features"":[""Sea Views"",""Balconies & Terraces""],""property_type"":""Apartment"",""social_status"":""Married"",""timing_to_buy"":""2028 – 2029"",""managed_rental"":""Yes"",""no_of_children"":""0"",""primary_reason"":""Both"",""exterior_colour"":[""Sand""],""has_second_home"":""Family-owned"",""sport_amenities"":[""Padel""],""premium_features"":[""Installed Kitchen"",""Built-in Wardrobes""],""community_mobility"":[""Walking"",""Cycling""],""staff_accommodation"":null,""additional_amenities"":[""Spa & Gym"",""Social Lounge"",""Beach Club"",""Restaurants"",""Cafes"",""Retail""],""travel_to_destination"":""Air""}",5+ yrs,Air,"[""Walking"",""Cycling""]"
1f233243-5b6a-4e1b-8e26-c2efa8e24a19,2026-09-10 05:22:58.501429+00,,35–44,India,Married,3,No,2028 – 2029,Both,Beach Villa,3BR,1.5M–3M SAR,"[""Sea Views"",""Balconies & Terraces"",""Outdoor Space""]",Both,"[""Built-in Wardrobes"",""Installed Kitchen"",""Private Pool"",""Other: Garden""]","[""Other: beige""]","[""Padel""]","[""Spa & Gym"",""Children's Club"",""Social Lounge"",""Ladies Facilities"",""Picnic Areas"",""Beach Club"",""Restaurants"",""Cafes"",""Retail""]",Depends on return,"{""age"":""35–44"",""unit_size"":""3BR"",""nationality"":""India"",""price_range"":""1.5M–3M SAR"",""payment_plan"":""5+ yrs"",""home_features"":[""Sea Views"",""Balconies & Terraces"",""Outdoor Space""],""property_type"":""Beach Villa"",""social_status"":""Married"",""timing_to_buy"":""2028 – 2029"",""managed_rental"":""Depends on return"",""no_of_children"":""3"",""primary_reason"":""Both"",""exterior_colour"":[""Other: beige""],""has_second_home"":""No"",""sport_amenities"":[""Padel""],""premium_features"":[""Built-in Wardrobes"",""Installed Kitchen"",""Private Pool"",""Other: Garden""],""community_mobility"":[""Walking""],""staff_accommodation"":""Both"",""additional_amenities"":[""Spa & Gym"",""Children's Club"",""Social Lounge"",""Ladies Facilities"",""Picnic Areas"",""Beach Club"",""Restaurants"",""Cafes"",""Retail""],""travel_to_destination"":""Car""}",5+ yrs,Car,"[""Walking""]"
1f5e7369-405b-4a03-bcd3-476a39f54184,2026-09-10 06:31:00.134527+00,,25–34,Saudi Arabia,Married,2,No,2026 – 2027,Both,Beach Villa,3BR,3M–6M SAR,"[""Outdoor Space"",""Sea Views"",""Privacy""]",Both,"[""Installed Kitchen"",""Built-in Wardrobes"",""Private Pool""]","[""Other: Beige/Sandy""]","[""Padel"",""Tennis"",""Water sports""]","[""Spa & Gym"",""Children's Club"",""Ladies Facilities"",""Restaurants"",""Cafes"",""Retail"",""Beach Club""]",Yes,"{""age"":""25–34"",""unit_size"":""3BR"",""nationality"":""Saudi Arabia"",""price_range"":""3M–6M SAR"",""payment_plan"":""5+ yrs"",""home_features"":[""Outdoor Space"",""Sea Views"",""Privacy""],""property_type"":""Beach Villa"",""social_status"":""Married"",""timing_to_buy"":""2026 – 2027"",""managed_rental"":""Yes"",""no_of_children"":""2"",""primary_reason"":""Both"",""exterior_colour"":[""Other: Beige/Sandy""],""has_second_home"":""No"",""sport_amenities"":[""Padel"",""Tennis"",""Water sports""],""premium_features"":[""Installed Kitchen"",""Built-in Wardrobes"",""Private Pool""],""community_mobility"":[""Private Buggy"",""Cycling"",""Personal Car""],""staff_accommodation"":""Both"",""additional_amenities"":[""Spa & Gym"",""Children's Club"",""Ladies Facilities"",""Restaurants"",""Cafes"",""Retail"",""Beach Club""],""travel_to_destination"":""Air""}",5+ yrs,Air,"[""Private Buggy"",""Cycling"",""Personal Car""]"
201e81d6-2869-40bb-b3dd-acdbfb7022bd,2026-09-09 17:48:08.562303+00,,35–44,Saudi Arabia,Married,3,No,2026 – 2027,Family holidays,Apartment,1BR,700k–1.5M SAR,"[""Sea Views"",""Balconies & Terraces""]",,"[""Installed Kitchen""]","[""Sand""]","[""Padel"",""Football"",""Tennis""]","[""Children's Club"",""Beach Club"",""Restaurants"",""Social Lounge""]",No,"{""age"":""35–44"",""unit_size"":""1BR"",""nationality"":""Saudi Arabia"",""price_range"":""700k–1.5M SAR"",""payment_plan"":""5+ yrs"",""home_features"":[""Sea Views"",""Balconies & Terraces""],""property_type"":""Apartment"",""social_status"":""Married"",""timing_to_buy"":""2026 – 2027"",""managed_rental"":""No"",""no_of_children"":""3"",""primary_reason"":""Family holidays"",""exterior_colour"":[""Sand""],""has_second_home"":""No"",""sport_amenities"":[""Padel"",""Football"",""Tennis""],""premium_features"":[""Installed Kitchen""],""community_mobility"":[""Walking"",""Private Buggy""],""staff_accommodation"":null,""additional_amenities"":[""Children's Club"",""Beach Club"",""Restaurants"",""Social Lounge""],""travel_to_destination"":""Car""}",5+ yrs,Car,"[""Walking"",""Private Buggy""]"
2081f583-b03e-4988-bbab-0c57e09e1547,2026-09-09 14:30:33.943265+00,,45–54,India,Married,2,No,2028 – 2029,Both,Beach Villa,4BR,1.5M–3M SAR,"[""Sea Views""]",Not required,"[""Private Pool""]","[""Blue""]","[""Padel""]","[""Spa & Gym""]",Depends on return,"{""age"":""45–54"",""unit_size"":""4BR"",""nationality"":""India"",""price_range"":""1.5M–3M SAR"",""payment_plan"":""5+ yrs"",""home_features"":[""Sea Views""],""property_type"":""Beach Villa"",""social_status"":""Married"",""timing_to_buy"":""2028 – 2029"",""managed_rental"":""Depends on return"",""no_of_children"":""2"",""primary_reason"":""Both"",""exterior_colour"":[""Blue""],""has_second_home"":""No"",""sport_amenities"":[""Padel""],""premium_features"":[""Private Pool""],""community_mobility"":[""Cycling""],""staff_accommodation"":""Not required"",""additional_amenities"":[""Spa & Gym""],""travel_to_destination"":""Air""}",5+ yrs,Air,"[""Cycling""]"
20b06188-0c80-48e0-99e0-ba7e3534c707,2026-09-13 07:30:12.921457+00,,25–34,Saudi Arabia,Married,1,Family-owned,2030 onwards,Both,Villa,2BR,700k–1.5M SAR,"[""Privacy"",""Balconies & Terraces"",""Outdoor Space""]",A maid's room,"[""Installed Kitchen"",""Private Pool""]","[""Sand""]","[""Water sports""]","[""Spa & Gym"",""Children's Club"",""Ladies Facilities"",""Restaurants"",""Cafes"",""Retail"",""Social Lounge"",""Picnic Areas""]",Depends on fees & flexibility,"{""age"":""25–34"",""unit_size"":""2BR"",""nationality"":""Saudi Arabia"",""price_range"":""700k–1.5M SAR"",""payment_plan"":""5+ yrs"",""home_features"":[""Privacy"",""Balconies & Terraces"",""Outdoor Space""],""property_type"":""Villa"",""social_status"":""Married"",""timing_to_buy"":""2030 onwards"",""managed_rental"":""Depends on fees & flexibility"",""no_of_children"":""1"",""primary_reason"":""Both"",""exterior_colour"":[""Sand""],""has_second_home"":""Family-owned"",""sport_amenities"":[""Water sports""],""premium_features"":[""Installed Kitchen"",""Private Pool""],""community_mobility"":[""Private Buggy""],""staff_accommodation"":""A maid's room"",""additional_amenities"":[""Spa & Gym"",""Children's Club"",""Ladies Facilities"",""Restaurants"",""Cafes"",""Retail"",""Social Lounge"",""Picnic Areas""],""travel_to_destination"":""Car""}",5+ yrs,Car,"[""Private Buggy""]"
21afc158-692a-4949-9aff-4a9e29262b41,2026-09-09 14:01:16.875078+00,,45–54,Bosnia and Herzegovina,Married,2,No,2028 – 2029,Both,Apartment,2BR,700k–1.5M SAR,"[""Sea Views"",""Balconies & Terraces""]",,"[""Other: Comunal' 20-25 swimming pool available for swim from Early to Late Hours""]","[""Sand""]","[""Padel"",""Basketball"",""Volleyball""]","[""Spa & Gym"",""Cafes"",""Retail""]",Depends on return,"{""age"":""45–54"",""unit_size"":""2BR"",""nationality"":""Bosnia and Herzegovina"",""price_range"":""700k–1.5M SAR"",""payment_plan"":""Upfront cash in full"",""home_features"":[""Sea Views"",""Balconies & Terraces""],""property_type"":""Apartment"",""social_status"":""Married"",""timing_to_buy"":""2028 – 2029"",""managed_rental"":""Depends on return"",""no_of_children"":""2"",""primary_reason"":""Both"",""exterior_colour"":[""Sand""],""has_second_home"":""No"",""sport_amenities"":[""Padel"",""Basketball"",""Volleyball""],""premium_features"":[""Other: Comunal' 20-25 swimming pool available for swim from Early to Late Hours""],""community_mobility"":[""Walking""],""staff_accommodation"":null,""additional_amenities"":[""Spa & Gym"",""Cafes"",""Retail""],""travel_to_destination"":""Air""}",Upfront cash in full,Air,"[""Walking""]"
21afea2f-c75b-45fc-93f4-1c1a2627c79a,2026-09-10 06:58:36.703993+00,,45–54,Egypt,Married,2,No,2028 – 2029,Family holidays,Apartment,2BR,700k–1.5M SAR,"[""Balconies & Terraces"",""Sea Views"",""Outdoor Space""]",,"[""Built-in Wardrobes"",""Kitchen Appliances"",""Installed Kitchen""]","[""Sand""]","[""Water sports"",""Padel"",""Football""]","[""Spa & Gym"",""Social Lounge"",""Picnic Areas"",""Beach Club"",""Restaurants"",""Cafes""]",Yes,"{""age"":""45–54"",""unit_size"":""2BR"",""nationality"":""Egypt"",""price_range"":""700k–1.5M SAR"",""payment_plan"":""5+ yrs"",""home_features"":[""Balconies & Terraces"",""Sea Views"",""Outdoor Space""],""property_type"":""Apartment"",""social_status"":""Married"",""timing_to_buy"":""2028 – 2029"",""managed_rental"":""Yes"",""no_of_children"":""2"",""primary_reason"":""Family holidays"",""exterior_colour"":[""Sand""],""has_second_home"":""No"",""sport_amenities"":[""Water sports"",""Padel"",""Football""],""premium_features"":[""Built-in Wardrobes"",""Kitchen Appliances"",""Installed Kitchen""],""community_mobility"":[""Walking"",""Cycling""],""staff_accommodation"":null,""additional_amenities"":[""Spa & Gym"",""Social Lounge"",""Picnic Areas"",""Beach Club"",""Restaurants"",""Cafes""],""travel_to_destination"":""Car""}",5+ yrs,Car,"[""Walking"",""Cycling""]"
21b65386-4f20-4856-a70b-198cddb5bdc7,2026-09-09 13:36:24.274526+00,,25–34,Pakistan,Single,0,Self-owned,2028 – 2029,Both,No preference,2BR,700k–1.5M SAR,"[""Sea Views"",""Outdoor Space"",""Privacy""]",Not required,"[""Private Pool"",""Installed Kitchen""]","[""Sand""]","[""Water sports"",""Padel""]","[""Spa & Gym"",""Beach Club"",""Restaurants"",""Retail""]",Depends on return,"{""age"":""25–34"",""unit_size"":""2BR"",""nationality"":""Pakistan"",""price_range"":""700k–1.5M SAR"",""payment_plan"":""5+ yrs"",""home_features"":[""Sea Views"",""Outdoor Space"",""Privacy""],""property_type"":""No preference"",""social_status"":""Single"",""timing_to_buy"":""2028 – 2029"",""managed_rental"":""Depends on return"",""no_of_children"":""0"",""primary_reason"":""Both"",""exterior_colour"":[""Sand""],""has_second_home"":""Self-owned"",""sport_amenities"":[""Water sports"",""Padel""],""premium_features"":[""Private Pool"",""Installed Kitchen""],""community_mobility"":[""Walking""],""staff_accommodation"":""Not required"",""additional_amenities"":[""Spa & Gym"",""Beach Club"",""Restaurants"",""Retail""],""travel_to_destination"":""Car""}",5+ yrs,Car,"[""Walking""]"
21d8f5be-11d4-41c2-a3c2-9daa5d871371,2026-09-09 13:14:33.014668+00,,45–54,Saudi Arabia,Married,4+,Self-owned,2028 – 2029,Investment,Beach Villa,3BR,700k–1.5M SAR,"[""Sea Views""]",Not required,"[""Private Pool"",""Installed Kitchen"",""Built-in Wardrobes"",""Kitchen Appliances""]","[""Sand""]","[""Other: Swiming""]","[""Spa & Gym"",""Social Lounge"",""Ladies Facilities"",""Picnic Areas"",""Beach Club"",""Restaurants"",""Cafes""]",Yes,"{""age"":""45–54"",""unit_size"":""3BR"",""nationality"":""Saudi Arabia"",""price_range"":""700k–1.5M SAR"",""payment_plan"":""3–5 years"",""home_features"":[""Sea Views""],""property_type"":""Beach Villa"",""social_status"":""Married"",""timing_to_buy"":""2028 – 2029"",""managed_rental"":""Yes"",""no_of_children"":""4+"",""primary_reason"":""Investment"",""exterior_colour"":[""Sand""],""has_second_home"":""Self-owned"",""sport_amenities"":[""Other: Swiming""],""premium_features"":[""Private Pool"",""Installed Kitchen"",""Built-in Wardrobes"",""Kitchen Appliances""],""community_mobility"":[""Private Buggy"",""Walking""],""staff_accommodation"":""Not required"",""additional_amenities"":[""Spa & Gym"",""Social Lounge"",""Ladies Facilities"",""Picnic Areas"",""Beach Club"",""Restaurants"",""Cafes""],""travel_to_destination"":""Car""}",3–5 years,Car,"[""Private Buggy"",""Walking""]"
22f803da-4b43-4740-a465-a63398d28c30,2026-09-10 06:32:34.989528+00,,55–64,Saudi Arabia,Married,3,Self-owned,2028 – 2029,Both,Beach Villa,3BR,700k–1.5M SAR,"[""Sea Views"",""Privacy"",""Balconies & Terraces""]",Both,"[""Installed Kitchen"",""Built-in Wardrobes"",""Private Pool"",""Kitchen Appliances""]","[""Sage"",""Sand""]","[""Padel"",""Water sports"",""Tennis""]","[""Spa & Gym"",""Ladies Facilities"",""Picnic Areas"",""Retail"",""Cafes"",""Restaurants"",""Beach Club""]",Depends on fees & flexibility,"{""age"":""55–64"",""unit_size"":""3BR"",""nationality"":""Saudi Arabia"",""price_range"":""700k–1.5M SAR"",""payment_plan"":""5+ yrs"",""home_features"":[""Sea Views"",""Privacy"",""Balconies & Terraces""],""property_type"":""Beach Villa"",""social_status"":""Married"",""timing_to_buy"":""2028 – 2029"",""managed_rental"":""Depends on fees & flexibility"",""no_of_children"":""3"",""primary_reason"":""Both"",""exterior_colour"":[""Sage"",""Sand""],""has_second_home"":""Self-owned"",""sport_amenities"":[""Padel"",""Water sports"",""Tennis""],""premium_features"":[""Installed Kitchen"",""Built-in Wardrobes"",""Private Pool"",""Kitchen Appliances""],""community_mobility"":[""Walking"",""Private Buggy"",""Shared Buggy / Community Shuttle"",""Personal Car"",""Cycling""],""staff_accommodation"":""Both"",""additional_amenities"":[""Spa & Gym"",""Ladies Facilities"",""Picnic Areas"",""Retail"",""Cafes"",""Restaurants"",""Beach Club""],""travel_to_destination"":""Air""}",5+ yrs,Air,"[""Walking"",""Private Buggy"",""Shared Buggy / Community Shuttle"",""Personal Car"",""Cycling""]"
23eea653-ac61-4eb3-ac1b-697057bccfed,2026-09-09 20:25:10.54537+00,,25–34,Saudi Arabia,Married,0,Family-owned,2028 – 2029,Both,Apartment,Studio,700k–1.5M SAR,"[""Sea Views"",""Balconies & Terraces"",""Park Views""]",,"[""Installed Kitchen"",""Built-in Wardrobes""]","[""Other: Others""]","[""Tennis"",""Padel"",""Other: Badminton""]","[""Social Lounge"",""Ladies Facilities"",""Beach Club"",""Spa & Gym"",""Restaurants""]",Depends on fees & flexibility,"{""age"":""25–34"",""unit_size"":""Studio"",""nationality"":""Saudi Arabia"",""price_range"":""700k–1.5M SAR"",""payment_plan"":""5+ yrs"",""home_features"":[""Sea Views"",""Balconies & Terraces"",""Park Views""],""property_type"":""Apartment"",""social_status"":""Married"",""timing_to_buy"":""2028 – 2029"",""managed_rental"":""Depends on fees & flexibility"",""no_of_children"":""0"",""primary_reason"":""Both"",""exterior_colour"":[""Other: Others""],""has_second_home"":""Family-owned"",""sport_amenities"":[""Tennis"",""Padel"",""Other: Badminton""],""premium_features"":[""Installed Kitchen"",""Built-in Wardrobes""],""community_mobility"":[""Walking"",""Shared Buggy / Community Shuttle"",""Cycling""],""staff_accommodation"":null,""additional_amenities"":[""Social Lounge"",""Ladies Facilities"",""Beach Club"",""Spa & Gym"",""Restaurants""],""travel_to_destination"":""Car""}",5+ yrs,Car,"[""Walking"",""Shared Buggy / Community Shuttle"",""Cycling""]"
23fa7e1c-bcfd-481b-9455-d9b111538dc2,2026-09-10 08:13:32.231162+00,,55–64,Egypt,Married,2,Self-owned,2028 – 2029,Family holidays,Apartment,2BR,700k–1.5M SAR,"[""Outdoor Space""]",,"[""Installed Kitchen"",""Built-in Wardrobes""]","[""Blue""]","[""Padel"",""Volleyball"",""Water sports""]","[""Spa & Gym"",""Picnic Areas"",""Beach Club"",""Cafes"",""Retail""]",Depends on return,"{""age"":""55–64"",""unit_size"":""2BR"",""nationality"":""Egypt"",""price_range"":""700k–1.5M SAR"",""payment_plan"":""5+ yrs"",""home_features"":[""Outdoor Space""],""property_type"":""Apartment"",""social_status"":""Married"",""timing_to_buy"":""2028 – 2029"",""managed_rental"":""Depends on return"",""no_of_children"":""2"",""primary_reason"":""Family holidays"",""exterior_colour"":[""Blue""],""has_second_home"":""Self-owned"",""sport_amenities"":[""Padel"",""Volleyball"",""Water sports""],""premium_features"":[""Installed Kitchen"",""Built-in Wardrobes""],""community_mobility"":[""Walking"",""Private Buggy"",""Shared Buggy / Community Shuttle""],""staff_accommodation"":null,""additional_amenities"":[""Spa & Gym"",""Picnic Areas"",""Beach Club"",""Cafes"",""Retail""],""travel_to_destination"":""Air""}",5+ yrs,Air,"[""Walking"",""Private Buggy"",""Shared Buggy / Community Shuttle""]"
2403d68f-61e6-423b-b482-4a9fcfd135f4,2026-09-09 13:26:27.103103+00,,25–34,Saudi Arabia,Married,1,No,2026 – 2027,Both,Beach Villa,3BR,700k–1.5M SAR,"[""Sea Views""]",A maid's room,"[""Private Pool"",""Built-in Wardrobes"",""Installed Kitchen""]","[""Sage""]","[""Football"",""Basketball"",""Water sports""]","[""Spa & Gym"",""Children's Club"",""Ladies Facilities"",""Retail"",""Cafes"",""Restaurants""]",Depends on return,"{""age"":""25–34"",""unit_size"":""3BR"",""nationality"":""Saudi Arabia"",""price_range"":""700k–1.5M SAR"",""payment_plan"":""5+ yrs"",""home_features"":[""Sea Views""],""property_type"":""Beach Villa"",""social_status"":""Married"",""timing_to_buy"":""2026 – 2027"",""managed_rental"":""Depends on return"",""no_of_children"":""1"",""primary_reason"":""Both"",""exterior_colour"":[""Sage""],""has_second_home"":""No"",""sport_amenities"":[""Football"",""Basketball"",""Water sports""],""premium_features"":[""Private Pool"",""Built-in Wardrobes"",""Installed Kitchen""],""community_mobility"":[""Private Buggy"",""Walking"",""Cycling"",""Personal Car""],""staff_accommodation"":""A maid's room"",""additional_amenities"":[""Spa & Gym"",""Children's Club"",""Ladies Facilities"",""Retail"",""Cafes"",""Restaurants""],""travel_to_destination"":""Air""}",5+ yrs,Air,"[""Private Buggy"",""Walking"",""Cycling"",""Personal Car""]"
247d45b5-74df-4b72-9b14-5dc0a5c0f2d5,2026-09-10 07:58:12.096765+00,,25–34,India,Married,0,Self-owned,2028 – 2029,Investment,Apartment,1BR,700k–1.5M SAR,"[""Balconies & Terraces"",""Outdoor Space"",""Sea Views""]",,"[""Installed Kitchen"",""Kitchen Appliances"",""Built-in Wardrobes""]","[""Blue""]","[""Padel"",""Tennis""]","[""Spa & Gym"",""Children's Club"",""Social Lounge"",""Ladies Facilities"",""Cafes"",""Restaurants"",""Retail"",""Beach Club""]",Yes,"{""age"":""25–34"",""unit_size"":""1BR"",""nationality"":""India"",""price_range"":""700k–1.5M SAR"",""payment_plan"":""5+ yrs"",""home_features"":[""Balconies & Terraces"",""Outdoor Space"",""Sea Views""],""property_type"":""Apartment"",""social_status"":""Married"",""timing_to_buy"":""2028 – 2029"",""managed_rental"":""Yes"",""no_of_children"":""0"",""primary_reason"":""Investment"",""exterior_colour"":[""Blue""],""has_second_home"":""Self-owned"",""sport_amenities"":[""Padel"",""Tennis""],""premium_features"":[""Installed Kitchen"",""Kitchen Appliances"",""Built-in Wardrobes""],""community_mobility"":[""Walking"",""Cycling"",""Private Buggy""],""staff_accommodation"":null,""additional_amenities"":[""Spa & Gym"",""Children's Club"",""Social Lounge"",""Ladies Facilities"",""Cafes"",""Restaurants"",""Retail"",""Beach Club""],""travel_to_destination"":""Car""}",5+ yrs,Car,"[""Walking"",""Cycling"",""Private Buggy""]"
247ed5ef-1ad0-442a-ab39-594595ac3336,2026-09-09 13:34:29.446898+00,,35–44,India,Married,2,No,2028 – 2029,Both,Villa,2BR,700k–1.5M SAR,"[""Privacy"",""Sea Views"",""Outdoor Space""]",Not required,"[""Installed Kitchen"",""Built-in Wardrobes"",""Private Pool""]","[""Sand""]","[""Water sports"",""Padel""]","[""Children's Club"",""Spa & Gym"",""Ladies Facilities"",""Restaurants"",""Cafes"",""Retail"",""Picnic Areas"",""Beach Club"",""Social Lounge""]",Depends on fees & flexibility,"{""age"":""35–44"",""unit_size"":""2BR"",""nationality"":""India"",""price_range"":""700k–1.5M SAR"",""payment_plan"":""3–5 years"",""home_features"":[""Privacy"",""Sea Views"",""Outdoor Space""],""property_type"":""Villa"",""social_status"":""Married"",""timing_to_buy"":""2028 – 2029"",""managed_rental"":""Depends on fees & flexibility"",""no_of_children"":""2"",""primary_reason"":""Both"",""exterior_colour"":[""Sand""],""has_second_home"":""No"",""sport_amenities"":[""Water sports"",""Padel""],""premium_features"":[""Installed Kitchen"",""Built-in Wardrobes"",""Private Pool""],""community_mobility"":[""Walking"",""Cycling"",""Private Buggy""],""staff_accommodation"":""Not required"",""additional_amenities"":[""Children's Club"",""Spa & Gym"",""Ladies Facilities"",""Restaurants"",""Cafes"",""Retail"",""Picnic Areas"",""Beach Club"",""Social Lounge""],""travel_to_destination"":""Car""}",3–5 years,Car,"[""Walking"",""Cycling"",""Private Buggy""]"
2654561f-52c7-4b4b-8523-464213f59529,2026-09-10 04:22:53.057368+00,,35–44,Egypt,Married,2,Self-owned,2026 – 2027,Both,Apartment,3BR,1.5M–3M SAR,"[""Sea Views""]",,"[""Private Pool""]","[""Blue"",""Sand""]","[""Other: GYM""]","[""Spa & Gym"",""Social Lounge"",""Beach Club"",""Ladies Facilities"",""Restaurants"",""Cafes"",""Retail""]",Depends on return,"{""age"":""35–44"",""unit_size"":""3BR"",""nationality"":""Egypt"",""price_range"":""1.5M–3M SAR"",""payment_plan"":""3–5 years"",""home_features"":[""Sea Views""],""property_type"":""Apartment"",""social_status"":""Married"",""timing_to_buy"":""2026 – 2027"",""managed_rental"":""Depends on return"",""no_of_children"":""2"",""primary_reason"":""Both"",""exterior_colour"":[""Blue"",""Sand""],""has_second_home"":""Self-owned"",""sport_amenities"":[""Other: GYM""],""premium_features"":[""Private Pool""],""community_mobility"":[""Personal Car""],""staff_accommodation"":null,""additional_amenities"":[""Spa & Gym"",""Social Lounge"",""Beach Club"",""Ladies Facilities"",""Restaurants"",""Cafes"",""Retail""],""travel_to_destination"":""Air""}",3–5 years,Air,"[""Personal Car""]"
269b7ddb-1f2a-4367-b7fb-b1df0eef8151,2026-09-09 14:19:18.840804+00,,45–54,India,Married,2,Self-owned,2028 – 2029,Both,Villa,2BR,700k–1.5M SAR,"[""Balconies & Terraces"",""Sea Views"",""Outdoor Space""]",Not required,"[""Installed Kitchen"",""Built-in Wardrobes"",""Other: Car park""]","[""Sand""]","[""Tennis""]","[""Spa & Gym"",""Picnic Areas"",""Restaurants""]",Yes,"{""age"":""45–54"",""unit_size"":""2BR"",""nationality"":""India"",""price_range"":""700k–1.5M SAR"",""payment_plan"":""3–5 years"",""home_features"":[""Balconies & Terraces"",""Sea Views"",""Outdoor Space""],""property_type"":""Villa"",""social_status"":""Married"",""timing_to_buy"":""2028 – 2029"",""managed_rental"":""Yes"",""no_of_children"":""2"",""primary_reason"":""Both"",""exterior_colour"":[""Sand""],""has_second_home"":""Self-owned"",""sport_amenities"":[""Tennis""],""premium_features"":[""Installed Kitchen"",""Built-in Wardrobes"",""Other: Car park""],""community_mobility"":[""Walking"",""Cycling""],""staff_accommodation"":""Not required"",""additional_amenities"":[""Spa & Gym"",""Picnic Areas"",""Restaurants""],""travel_to_destination"":""Car""}",3–5 years,Car,"[""Walking"",""Cycling""]"
276b9839-ae45-485c-bbce-ded5c154cc5e,2026-09-09 13:46:37.648076+00,,35–44,India,Married,2,No,2028 – 2029,Investment,Apartment,2BR,700k–1.5M SAR,"[""Park Views"",""Balconies & Terraces""]",,"[""Installed Kitchen"",""Other: Dedicated carparking""]","[""Sand""]","[""Other: cricket""]","[""Children's Club"",""Picnic Areas"",""Restaurants""]",Depends on fees & flexibility,"{""age"":""35–44"",""unit_size"":""2BR"",""nationality"":""India"",""price_range"":""700k–1.5M SAR"",""payment_plan"":""3–5 years"",""home_features"":[""Park Views"",""Balconies & Terraces""],""property_type"":""Apartment"",""social_status"":""Married"",""timing_to_buy"":""2028 – 2029"",""managed_rental"":""Depends on fees & flexibility"",""no_of_children"":""2"",""primary_reason"":""Investment"",""exterior_colour"":[""Sand""],""has_second_home"":""No"",""sport_amenities"":[""Other: cricket""],""premium_features"":[""Installed Kitchen"",""Other: Dedicated carparking""],""community_mobility"":[""Personal Car""],""staff_accommodation"":null,""additional_amenities"":[""Children's Club"",""Picnic Areas"",""Restaurants""],""travel_to_destination"":""Car""}",3–5 years,Car,"[""Personal Car""]"
279aee1e-dc5d-432e-8068-82a27a58f827,2026-09-10 05:25:38.769868+00,,55–64,Zimbabwe,Married,2,Family-owned,2030 onwards,Investment,Villa,4BR,1.5M–3M SAR,"[""Sea Views""]",A maid's room,"[""Installed Kitchen""]","[""Sand""]","[""Football""]","[""Spa & Gym""]",Depends on return,"{""age"":""55–64"",""unit_size"":""4BR"",""nationality"":""Zimbabwe"",""price_range"":""1.5M–3M SAR"",""payment_plan"":""3–5 years"",""home_features"":[""Sea Views""],""property_type"":""Villa"",""social_status"":""Married"",""timing_to_buy"":""2030 onwards"",""managed_rental"":""Depends on return"",""no_of_children"":""2"",""primary_reason"":""Investment"",""exterior_colour"":[""Sand""],""has_second_home"":""Family-owned"",""sport_amenities"":[""Football""],""premium_features"":[""Installed Kitchen""],""community_mobility"":[""Cycling""],""staff_accommodation"":""A maid's room"",""additional_amenities"":[""Spa & Gym""],""travel_to_destination"":""Car""}",3–5 years,Car,"[""Cycling""]"
27e0c625-ad77-44c6-b9dd-ac0a7b4aaa43,2026-09-09 13:58:41.431507+00,,25–34,Saudi Arabia,Single,0,No,2030 onwards,Both,Apartment,2BR,700k–1.5M SAR,"[""Sea Views""]",,"[""Private Pool""]","[""Rose""]","[""Padel""]","[""Spa & Gym"",""Ladies Facilities"",""Social Lounge"",""Beach Club""]",Depends on return,"{""age"":""25–34"",""unit_size"":""2BR"",""nationality"":""Saudi Arabia"",""price_range"":""700k–1.5M SAR"",""payment_plan"":""5+ yrs"",""home_features"":[""Sea Views""],""property_type"":""Apartment"",""social_status"":""Single"",""timing_to_buy"":""2030 onwards"",""managed_rental"":""Depends on return"",""no_of_children"":""0"",""primary_reason"":""Both"",""exterior_colour"":[""Rose""],""has_second_home"":""No"",""sport_amenities"":[""Padel""],""premium_features"":[""Private Pool""],""community_mobility"":[""Private Buggy""],""staff_accommodation"":null,""additional_amenities"":[""Spa & Gym"",""Ladies Facilities"",""Social Lounge"",""Beach Club""],""travel_to_destination"":""Air""}",5+ yrs,Air,"[""Private Buggy""]"
28026656-c446-420e-860f-fc0cf004f11b,2026-09-09 13:42:50.238442+00,,25–34,Saudi Arabia,Married,1,Family-owned,2026 – 2027,Family holidays,Townhouse,3BR,700k–1.5M SAR,"[""Privacy"",""Balconies & Terraces"",""Other: Access to different near by attractions suitable for families""]",Not required,"[""Installed Kitchen""]","[""Sand""]","[""Tennis"",""Other: Golf""]","[""Spa & Gym"",""Restaurants"",""Cafes"",""Retail"",""Picnic Areas"",""Ladies Facilities""]",No,"{""age"":""25–34"",""unit_size"":""3BR"",""nationality"":""Saudi Arabia"",""price_range"":""700k–1.5M SAR"",""payment_plan"":""Upfront cash in full"",""home_features"":[""Privacy"",""Balconies & Terraces"",""Other: Access to different near by attractions suitable for families""],""property_type"":""Townhouse"",""social_status"":""Married"",""timing_to_buy"":""2026 – 2027"",""managed_rental"":""No"",""no_of_children"":""1"",""primary_reason"":""Family holidays"",""exterior_colour"":[""Sand""],""has_second_home"":""Family-owned"",""sport_amenities"":[""Tennis"",""Other: Golf""],""premium_features"":[""Installed Kitchen""],""community_mobility"":[""Shared Buggy / Community Shuttle"",""Private Buggy"",""Walking""],""staff_accommodation"":""Not required"",""additional_amenities"":[""Spa & Gym"",""Restaurants"",""Cafes"",""Retail"",""Picnic Areas"",""Ladies Facilities""],""travel_to_destination"":""Air""}",Upfront cash in full,Air,"[""Shared Buggy / Community Shuttle"",""Private Buggy"",""Walking""]"
2876b579-923c-4b52-8fd9-948fee303dc9,2026-09-09 18:13:18.957811+00,,25–34,Saudi Arabia,Single,0,Family-owned,2028 – 2029,Both,Townhouse,3BR,700k–1.5M SAR,"[""Outdoor Space"",""Sea Views"",""Privacy""]",A maid's room,"[""Installed Kitchen"",""Kitchen Appliances"",""Private Pool""]","[""Sage""]","[""Football"",""Water sports""]","[""Restaurants""]",Yes,"{""age"":""25–34"",""unit_size"":""3BR"",""nationality"":""Saudi Arabia"",""price_range"":""700k–1.5M SAR"",""payment_plan"":""3–5 years"",""home_features"":[""Outdoor Space"",""Sea Views"",""Privacy""],""property_type"":""Townhouse"",""social_status"":""Single"",""timing_to_buy"":""2028 – 2029"",""managed_rental"":""Yes"",""no_of_children"":""0"",""primary_reason"":""Both"",""exterior_colour"":[""Sage""],""has_second_home"":""Family-owned"",""sport_amenities"":[""Football"",""Water sports""],""premium_features"":[""Installed Kitchen"",""Kitchen Appliances"",""Private Pool""],""community_mobility"":[""Walking"",""Cycling"",""Private Buggy""],""staff_accommodation"":""A maid's room"",""additional_amenities"":[""Restaurants""],""travel_to_destination"":""Car""}",3–5 years,Car,"[""Walking"",""Cycling"",""Private Buggy""]"
28f5069d-5698-42ba-a816-548f6c4792fd,2026-09-09 13:20:01.640337+00,,35–44,Saudi Arabia,Married,2,Self-owned,2030 onwards,Both,Villa,4BR,1.5M–3M SAR,"[""Outdoor Space"",""Privacy"",""Park Views""]",A maid's room,"[""Built-in Wardrobes"",""Installed Kitchen"",""Private Pool""]","[""Other: not one specific color, I would look at the overall design and color scheme""]","[""Football"",""Padel"",""Water sports""]","[""Spa & Gym"",""Social Lounge"",""Picnic Areas"",""Cafes"",""Retail"",""Restaurants"",""Ladies Facilities"",""Children's Club""]",Depends on fees & flexibility,"{""age"":""35–44"",""unit_size"":""4BR"",""nationality"":""Saudi Arabia"",""price_range"":""1.5M–3M SAR"",""payment_plan"":""5+ yrs"",""home_features"":[""Outdoor Space"",""Privacy"",""Park Views""],""property_type"":""Villa"",""social_status"":""Married"",""timing_to_buy"":""2030 onwards"",""managed_rental"":""Depends on fees & flexibility"",""no_of_children"":""2"",""primary_reason"":""Both"",""exterior_colour"":[""Other: not one specific color, I would look at the overall design and color scheme""],""has_second_home"":""Self-owned"",""sport_amenities"":[""Football"",""Padel"",""Water sports""],""premium_features"":[""Built-in Wardrobes"",""Installed Kitchen"",""Private Pool""],""community_mobility"":[""Walking"",""Shared Buggy / Community Shuttle"",""Personal Car""],""staff_accommodation"":""A maid's room"",""additional_amenities"":[""Spa & Gym"",""Social Lounge"",""Picnic Areas"",""Cafes"",""Retail"",""Restaurants"",""Ladies Facilities"",""Children's Club""],""travel_to_destination"":""Car""}",5+ yrs,Car,"[""Walking"",""Shared Buggy / Community Shuttle"",""Personal Car""]"
29d9efac-0008-4a88-ad80-b85af435782d,2026-09-09 13:07:34.223277+00,,35–44,Saudi Arabia,Married,1,Family-owned,2028 – 2029,Family holidays,Beach Villa,3BR,700k–1.5M SAR,"[""Outdoor Space"",""Sea Views"",""Privacy""]",Both,"[""Built-in Wardrobes"",""Kitchen Appliances"",""Installed Kitchen"",""Private Pool""]","[""Sage""]","[""Padel"",""Tennis"",""Water sports""]","[""Spa & Gym"",""Children's Club"",""Beach Club"",""Cafes"",""Retail"",""Restaurants"",""Ladies Facilities""]",Depends on fees & flexibility,"{""age"":""35–44"",""unit_size"":""3BR"",""nationality"":""Saudi Arabia"",""price_range"":""700k–1.5M SAR"",""payment_plan"":""5+ yrs"",""home_features"":[""Outdoor Space"",""Sea Views"",""Privacy""],""property_type"":""Beach Villa"",""social_status"":""Married"",""timing_to_buy"":""2028 – 2029"",""managed_rental"":""Depends on fees & flexibility"",""no_of_children"":""1"",""primary_reason"":""Family holidays"",""exterior_colour"":[""Sage""],""has_second_home"":""Family-owned"",""sport_amenities"":[""Padel"",""Tennis"",""Water sports""],""premium_features"":[""Built-in Wardrobes"",""Kitchen Appliances"",""Installed Kitchen"",""Private Pool""],""community_mobility"":[""Private Buggy"",""Personal Car"",""Shared Buggy / Community Shuttle""],""staff_accommodation"":""Both"",""additional_amenities"":[""Spa & Gym"",""Children's Club"",""Beach Club"",""Cafes"",""Retail"",""Restaurants"",""Ladies Facilities""],""travel_to_destination"":""Car""}",5+ yrs,Car,"[""Private Buggy"",""Personal Car"",""Shared Buggy / Community Shuttle""]"
2a0ab1a4-1ec7-455a-9faf-632ff2ee9c80,2026-09-09 13:39:03.961106+00,,35–44,Saudi Arabia,Married,1,Self-owned,2030 onwards,Both,Beach Villa,3BR,1.5M–3M SAR,"[""Balconies & Terraces"",""Privacy"",""Sea Views""]",A maid's room,"[""Private Pool"",""Kitchen Appliances"",""Installed Kitchen"",""Built-in Wardrobes""]","[""Sand""]","[""Padel"",""Water sports""]","[""Spa & Gym"",""Children's Club"",""Beach Club"",""Ladies Facilities"",""Restaurants"",""Cafes"",""Retail""]",Depends on return,"{""age"":""35–44"",""unit_size"":""3BR"",""nationality"":""Saudi Arabia"",""price_range"":""1.5M–3M SAR"",""payment_plan"":""5+ yrs"",""home_features"":[""Balconies & Terraces"",""Privacy"",""Sea Views""],""property_type"":""Beach Villa"",""social_status"":""Married"",""timing_to_buy"":""2030 onwards"",""managed_rental"":""Depends on return"",""no_of_children"":""1"",""primary_reason"":""Both"",""exterior_colour"":[""Sand""],""has_second_home"":""Self-owned"",""sport_amenities"":[""Padel"",""Water sports""],""premium_features"":[""Private Pool"",""Kitchen Appliances"",""Installed Kitchen"",""Built-in Wardrobes""],""community_mobility"":[""Private Buggy"",""Personal Car""],""staff_accommodation"":""A maid's room"",""additional_amenities"":[""Spa & Gym"",""Children's Club"",""Beach Club"",""Ladies Facilities"",""Restaurants"",""Cafes"",""Retail""],""travel_to_destination"":""Air""}",5+ yrs,Air,"[""Private Buggy"",""Personal Car""]"
2a52e38b-f6f0-4de9-9ba1-0a3ee7085fff,2026-09-10 15:08:33.445745+00,,45–54,Egypt,Single,0,Family-owned,2030 onwards,Both,Beach Villa,4BR,700k–1.5M SAR,"[""Balconies & Terraces"",""Outdoor Space"",""Privacy""]",A maid's room,"[""Built-in Wardrobes"",""Private Pool""]","[""Other: earth tone"",""Blue"",""Sand""]","[""Football"",""Volleyball"",""Other: track""]","[""Ladies Facilities"",""Beach Club"",""Spa & Gym"",""Restaurants"",""Cafes"",""Retail"",""Picnic Areas"",""Other: dog friendly amenities""]",Depends on fees & flexibility,"{""age"":""45–54"",""unit_size"":""4BR"",""nationality"":""Egypt"",""price_range"":""700k–1.5M SAR"",""payment_plan"":""5+ yrs"",""home_features"":[""Balconies & Terraces"",""Outdoor Space"",""Privacy""],""property_type"":""Beach Villa"",""social_status"":""Single"",""timing_to_buy"":""2030 onwards"",""managed_rental"":""Depends on fees & flexibility"",""no_of_children"":""0"",""primary_reason"":""Both"",""exterior_colour"":[""Other: earth tone"",""Blue"",""Sand""],""has_second_home"":""Family-owned"",""sport_amenities"":[""Football"",""Volleyball"",""Other: track""],""premium_features"":[""Built-in Wardrobes"",""Private Pool""],""community_mobility"":[""Walking"",""Private Buggy""],""staff_accommodation"":""A maid's room"",""additional_amenities"":[""Ladies Facilities"",""Beach Club"",""Spa & Gym"",""Restaurants"",""Cafes"",""Retail"",""Picnic Areas"",""Other: dog friendly amenities""],""travel_to_destination"":""Air""}",5+ yrs,Air,"[""Walking"",""Private Buggy""]"
2a743ea9-08bf-4c74-b022-387b2522cebe,2026-09-10 07:01:11.142126+00,,25–34,Saudi Arabia,Single,0,No,2030 onwards,Both,Beach Villa,3BR,1.5M–3M SAR,"[""Balconies & Terraces"",""Sea Views""]",Not required,"[""Private Pool"",""Built-in Wardrobes"",""Installed Kitchen""]","[""Other: off white. stone""]","[""Football"",""Water sports""]","[""Spa & Gym"",""Social Lounge"",""Beach Club"",""Retail"",""Cafes"",""Restaurants""]",Depends on fees & flexibility,"{""age"":""25–34"",""unit_size"":""3BR"",""nationality"":""Saudi Arabia"",""price_range"":""1.5M–3M SAR"",""payment_plan"":""5+ yrs"",""home_features"":[""Balconies & Terraces"",""Sea Views""],""property_type"":""Beach Villa"",""social_status"":""Single"",""timing_to_buy"":""2030 onwards"",""managed_rental"":""Depends on fees & flexibility"",""no_of_children"":""0"",""primary_reason"":""Both"",""exterior_colour"":[""Other: off white. stone""],""has_second_home"":""No"",""sport_amenities"":[""Football"",""Water sports""],""premium_features"":[""Private Pool"",""Built-in Wardrobes"",""Installed Kitchen""],""community_mobility"":[""Walking"",""Private Buggy"",""Cycling""],""staff_accommodation"":""Not required"",""additional_amenities"":[""Spa & Gym"",""Social Lounge"",""Beach Club"",""Retail"",""Cafes"",""Restaurants""],""travel_to_destination"":""Air""}",5+ yrs,Air,"[""Walking"",""Private Buggy"",""Cycling""]"
2aeb6d83-fe43-4649-9ce7-2a9f9e789dff,2026-09-09 13:49:14.357037+00,,55–64,France,Married,1,Self-owned,2028 – 2029,Both,Townhouse,3BR,700k–1.5M SAR,"[""Outdoor Space"",""Balconies & Terraces"",""Sea Views""]",Not required,"[""Installed Kitchen"",""Kitchen Appliances"",""Built-in Wardrobes"",""Private Pool""]","[""Blue""]","[""Water sports"",""Padel"",""Other: yoga, gym, snorkling""]","[""Spa & Gym"",""Beach Club"",""Retail"",""Cafes"",""Restaurants""]",Depends on return,"{""age"":""55–64"",""unit_size"":""3BR"",""nationality"":""France"",""price_range"":""700k–1.5M SAR"",""payment_plan"":""1–2 years"",""home_features"":[""Outdoor Space"",""Balconies & Terraces"",""Sea Views""],""property_type"":""Townhouse"",""social_status"":""Married"",""timing_to_buy"":""2028 – 2029"",""managed_rental"":""Depends on return"",""no_of_children"":""1"",""primary_reason"":""Both"",""exterior_colour"":[""Blue""],""has_second_home"":""Self-owned"",""sport_amenities"":[""Water sports"",""Padel"",""Other: yoga, gym, snorkling""],""premium_features"":[""Installed Kitchen"",""Kitchen Appliances"",""Built-in Wardrobes"",""Private Pool""],""community_mobility"":[""Cycling"",""Walking""],""staff_accommodation"":""Not required"",""additional_amenities"":[""Spa & Gym"",""Beach Club"",""Retail"",""Cafes"",""Restaurants""],""travel_to_destination"":""Air""}",1–2 years,Air,"[""Cycling"",""Walking""]"
2b1e90bb-8600-4c2e-943d-0ee61f0a31f2,2026-09-09 14:05:10.243734+00,,45–54,Indonesia,Single,2,Family-owned,2028 – 2029,Both,Apartment,2BR,700k–1.5M SAR,"[""Balconies & Terraces"",""Sea Views"",""Park Views""]",,"[""Private Pool"",""Installed Kitchen""]","[""Sand""]","[""Water sports"",""Basketball""]","[""Children's Club"",""Spa & Gym"",""Cafes"",""Retail"",""Restaurants""]",Depends on return,"{""age"":""45–54"",""unit_size"":""2BR"",""nationality"":""Indonesia"",""price_range"":""700k–1.5M SAR"",""payment_plan"":""1–2 years"",""home_features"":[""Balconies & Terraces"",""Sea Views"",""Park Views""],""property_type"":""Apartment"",""social_status"":""Single"",""timing_to_buy"":""2028 – 2029"",""managed_rental"":""Depends on return"",""no_of_children"":""2"",""primary_reason"":""Both"",""exterior_colour"":[""Sand""],""has_second_home"":""Family-owned"",""sport_amenities"":[""Water sports"",""Basketball""],""premium_features"":[""Private Pool"",""Installed Kitchen""],""community_mobility"":[""Walking"",""Cycling""],""staff_accommodation"":null,""additional_amenities"":[""Children's Club"",""Spa & Gym"",""Cafes"",""Retail"",""Restaurants""],""travel_to_destination"":""Car""}",1–2 years,Car,"[""Walking"",""Cycling""]"
2bac3ad4-def3-4816-bd22-f55dfb81bffe,2026-09-10 08:42:51.655724+00,,35–44,Saudi Arabia,Married,3,Self-owned,2030 onwards,Both,Villa,4BR,1.5M–3M SAR,"[""Outdoor Space"",""Balconies & Terraces"",""Park Views""]",A maid's room,"[""Private Pool"",""Built-in Wardrobes""]","[""Sage""]","[""Water sports"",""Football"",""Other: multi-purpose gym""]","[""Spa & Gym"",""Children's Club"",""Social Lounge"",""Picnic Areas"",""Beach Club"",""Restaurants"",""Cafes"",""Retail""]",Yes,"{""age"":""35–44"",""unit_size"":""4BR"",""nationality"":""Saudi Arabia"",""price_range"":""1.5M–3M SAR"",""payment_plan"":""5+ yrs"",""home_features"":[""Outdoor Space"",""Balconies & Terraces"",""Park Views""],""property_type"":""Villa"",""social_status"":""Married"",""timing_to_buy"":""2030 onwards"",""managed_rental"":""Yes"",""no_of_children"":""3"",""primary_reason"":""Both"",""exterior_colour"":[""Sage""],""has_second_home"":""Self-owned"",""sport_amenities"":[""Water sports"",""Football"",""Other: multi-purpose gym""],""premium_features"":[""Private Pool"",""Built-in Wardrobes""],""community_mobility"":[""Walking"",""Cycling"",""Shared Buggy / Community Shuttle""],""staff_accommodation"":""A maid's room"",""additional_amenities"":[""Spa & Gym"",""Children's Club"",""Social Lounge"",""Picnic Areas"",""Beach Club"",""Restaurants"",""Cafes"",""Retail""],""travel_to_destination"":""Air""}",5+ yrs,Air,"[""Walking"",""Cycling"",""Shared Buggy / Community Shuttle""]"
2bde3f1d-964a-4c73-a4e8-9142c24bd97b,2026-09-10 01:22:26.564635+00,,35–44,Saudi Arabia,Married,4+,Self-owned,2028 – 2029,Both,Villa,4BR,1.5M–3M SAR,"[""Outdoor Space"",""Privacy"",""Balconies & Terraces""]",Both,"[""Installed Kitchen"",""Private Pool"",""Kitchen Appliances"",""Built-in Wardrobes""]","[""Sand""]","[""Football"",""Volleyball"",""Water sports""]","[""Spa & Gym"",""Social Lounge"",""Beach Club"",""Cafes"",""Restaurants"",""Children's Club"",""Picnic Areas"",""Ladies Facilities"",""Retail""]",Depends on fees & flexibility,"{""age"":""35–44"",""unit_size"":""4BR"",""nationality"":""Saudi Arabia"",""price_range"":""1.5M–3M SAR"",""payment_plan"":""5+ yrs"",""home_features"":[""Outdoor Space"",""Privacy"",""Balconies & Terraces""],""property_type"":""Villa"",""social_status"":""Married"",""timing_to_buy"":""2028 – 2029"",""managed_rental"":""Depends on fees & flexibility"",""no_of_children"":""4+"",""primary_reason"":""Both"",""exterior_colour"":[""Sand""],""has_second_home"":""Self-owned"",""sport_amenities"":[""Football"",""Volleyball"",""Water sports""],""premium_features"":[""Installed Kitchen"",""Private Pool"",""Kitchen Appliances"",""Built-in Wardrobes""],""community_mobility"":[""Walking"",""Private Buggy"",""Personal Car""],""staff_accommodation"":""Both"",""additional_amenities"":[""Spa & Gym"",""Social Lounge"",""Beach Club"",""Cafes"",""Restaurants"",""Children's Club"",""Picnic Areas"",""Ladies Facilities"",""Retail""],""travel_to_destination"":""Air""}",5+ yrs,Air,"[""Walking"",""Private Buggy"",""Personal Car""]"
2c67c81e-63a7-4ec4-b37d-52c043f73286,2026-09-09 16:33:48.529234+00,,45–54,Egypt,Married,2,Self-owned,2028 – 2029,Both,No preference,3BR,700k–1.5M SAR,"[""Sea Views"",""Park Views"",""Outdoor Space""]",Not required,"[""Built-in Wardrobes"",""Installed Kitchen""]","[""Sand""]","[""Water sports""]","[""Spa & Gym"",""Beach Club"",""Restaurants"",""Retail"",""Social Lounge""]",Yes,"{""age"":""45–54"",""unit_size"":""3BR"",""nationality"":""Egypt"",""price_range"":""700k–1.5M SAR"",""payment_plan"":""5+ yrs"",""home_features"":[""Sea Views"",""Park Views"",""Outdoor Space""],""property_type"":""No preference"",""social_status"":""Married"",""timing_to_buy"":""2028 – 2029"",""managed_rental"":""Yes"",""no_of_children"":""2"",""primary_reason"":""Both"",""exterior_colour"":[""Sand""],""has_second_home"":""Self-owned"",""sport_amenities"":[""Water sports""],""premium_features"":[""Built-in Wardrobes"",""Installed Kitchen""],""community_mobility"":[""Personal Car""],""staff_accommodation"":""Not required"",""additional_amenities"":[""Spa & Gym"",""Beach Club"",""Restaurants"",""Retail"",""Social Lounge""],""travel_to_destination"":""Car""}",5+ yrs,Car,"[""Personal Car""]"
2d5a5eda-101e-4862-970f-9f06c22ed82d,2026-09-13 14:27:57.823462+00,,35–44,Egypt,Single,0,Self-owned,2028 – 2029,Family holidays,Beach Villa,4BR,700k–1.5M SAR,"[""Sea Views"",""Balconies & Terraces"",""Outdoor Space""]",A maid's room,"[""Built-in Wardrobes"",""Installed Kitchen""]","[""Other: White""]","[""Tennis"",""Water sports""]","[""Social Lounge"",""Beach Club"",""Restaurants"",""Cafes"",""Retail""]",No,"{""age"":""35–44"",""unit_size"":""4BR"",""nationality"":""Egypt"",""price_range"":""700k–1.5M SAR"",""payment_plan"":""3–5 years"",""home_features"":[""Sea Views"",""Balconies & Terraces"",""Outdoor Space""],""property_type"":""Beach Villa"",""social_status"":""Single"",""timing_to_buy"":""2028 – 2029"",""managed_rental"":""No"",""no_of_children"":""0"",""primary_reason"":""Family holidays"",""exterior_colour"":[""Other: White""],""has_second_home"":""Self-owned"",""sport_amenities"":[""Tennis"",""Water sports""],""premium_features"":[""Built-in Wardrobes"",""Installed Kitchen""],""community_mobility"":[""Walking""],""staff_accommodation"":""A maid's room"",""additional_amenities"":[""Social Lounge"",""Beach Club"",""Restaurants"",""Cafes"",""Retail""],""travel_to_destination"":""Car""}",3–5 years,Car,"[""Walking""]"
2db34c8e-146b-458d-ace5-f38592b3da1a,2026-09-10 09:37:57.756176+00,,35–44,Saudi Arabia,Married,0,No,2026 – 2027,Both,Beach Villa,3BR,1.5M–3M SAR,"[""Sea Views"",""Other: Kitchen and air con. installed"",""Privacy""]",A maid's room,"[""Built-in Wardrobes"",""Private Pool""]","[""Other: Natural mixed color blended from the surrondings, not plain color"",""Blue""]","[""Tennis"",""Padel"",""Volleyball""]","[""Spa & Gym"",""Children's Club"",""Social Lounge"",""Ladies Facilities"",""Picnic Areas"",""Beach Club"",""Restaurants"",""Cafes"",""Retail""]",Yes,"{""age"":""35–44"",""unit_size"":""3BR"",""nationality"":""Saudi Arabia"",""price_range"":""1.5M–3M SAR"",""payment_plan"":""5+ yrs"",""home_features"":[""Sea Views"",""Other: Kitchen and air con. installed"",""Privacy""],""property_type"":""Beach Villa"",""social_status"":""Married"",""timing_to_buy"":""2026 – 2027"",""managed_rental"":""Yes"",""no_of_children"":""0"",""primary_reason"":""Both"",""exterior_colour"":[""Other: Natural mixed color blended from the surrondings, not plain color"",""Blue""],""has_second_home"":""No"",""sport_amenities"":[""Tennis"",""Padel"",""Volleyball""],""premium_features"":[""Built-in Wardrobes"",""Private Pool""],""community_mobility"":[""Walking"",""Cycling"",""Private Buggy""],""staff_accommodation"":""A maid's room"",""additional_amenities"":[""Spa & Gym"",""Children's Club"",""Social Lounge"",""Ladies Facilities"",""Picnic Areas"",""Beach Club"",""Restaurants"",""Cafes"",""Retail""],""travel_to_destination"":""Air""}",5+ yrs,Air,"[""Walking"",""Cycling"",""Private Buggy""]"
2e07ae49-3252-4167-9c3f-b9162d66b1d4,2026-09-10 06:55:47.684665+00,,25–34,United Kingdom,Single,0,No,2028 – 2029,Investment,Apartment,2BR,700k–1.5M SAR,"[""Outdoor Space"",""Sea Views""]",,"[""Installed Kitchen""]","[""Sand""]","[""Water sports""]","[""Beach Club"",""Cafes"",""Spa & Gym""]",Depends on return,"{""age"":""25–34"",""unit_size"":""2BR"",""nationality"":""United Kingdom"",""price_range"":""700k–1.5M SAR"",""payment_plan"":""3–5 years"",""home_features"":[""Outdoor Space"",""Sea Views""],""property_type"":""Apartment"",""social_status"":""Single"",""timing_to_buy"":""2028 – 2029"",""managed_rental"":""Depends on return"",""no_of_children"":""0"",""primary_reason"":""Investment"",""exterior_colour"":[""Sand""],""has_second_home"":""No"",""sport_amenities"":[""Water sports""],""premium_features"":[""Installed Kitchen""],""community_mobility"":[""Walking"",""Cycling""],""staff_accommodation"":null,""additional_amenities"":[""Beach Club"",""Cafes"",""Spa & Gym""],""travel_to_destination"":""Car""}",3–5 years,Car,"[""Walking"",""Cycling""]"
2e9794b3-4201-4423-ad17-4c79ec752a72,2026-09-09 13:34:22.383059+00,,25–34,Saudi Arabia,Married,4+,Self-owned,2028 – 2029,Both,Villa,4BR,700k–1.5M SAR,"[""Outdoor Space"",""Balconies & Terraces"",""Park Views""]",A maid's room,"[""Installed Kitchen"",""Built-in Wardrobes"",""Private Pool""]","[""Other: off white""]","[""Football""]","[""Spa & Gym"",""Children's Club"",""Ladies Facilities"",""Restaurants"",""Cafes"",""Beach Club""]",Depends on fees & flexibility,"{""age"":""25–34"",""unit_size"":""4BR"",""nationality"":""Saudi Arabia"",""price_range"":""700k–1.5M SAR"",""payment_plan"":""5+ yrs"",""home_features"":[""Outdoor Space"",""Balconies & Terraces"",""Park Views""],""property_type"":""Villa"",""social_status"":""Married"",""timing_to_buy"":""2028 – 2029"",""managed_rental"":""Depends on fees & flexibility"",""no_of_children"":""4+"",""primary_reason"":""Both"",""exterior_colour"":[""Other: off white""],""has_second_home"":""Self-owned"",""sport_amenities"":[""Football""],""premium_features"":[""Installed Kitchen"",""Built-in Wardrobes"",""Private Pool""],""community_mobility"":[""Walking""],""staff_accommodation"":""A maid's room"",""additional_amenities"":[""Spa & Gym"",""Children's Club"",""Ladies Facilities"",""Restaurants"",""Cafes"",""Beach Club""],""travel_to_destination"":""Car""}",5+ yrs,Car,"[""Walking""]"
2ed6597b-df25-4c13-84fc-07a4e973532f,2026-09-09 14:51:52.133778+00,,45–54,United Kingdom,Married,2,Self-owned,2026 – 2027,Both,No preference,4BR,6M+ SAR,"[""Outdoor Space"",""Sea Views"",""Other: Parking, storage, quality of finishes (as well as privacy)""]",A maid's room,"[""Installed Kitchen"",""Kitchen Appliances"",""Built-in Wardrobes"",""Private Pool""]","[""Sand""]","[""Other: Gym & golf"",""Padel"",""Water sports""]","[""Spa & Gym"",""Social Lounge"",""Beach Club"",""Cafes"",""Retail"",""Restaurants"",""Other: Event / entertainment venues, market, co-working space""]",Depends on fees & flexibility,"{""age"":""45–54"",""unit_size"":""4BR"",""nationality"":""United Kingdom"",""price_range"":""6M+ SAR"",""payment_plan"":""5+ yrs"",""home_features"":[""Outdoor Space"",""Sea Views"",""Other: Parking, storage, quality of finishes (as well as privacy)""],""property_type"":""No preference"",""social_status"":""Married"",""timing_to_buy"":""2026 – 2027"",""managed_rental"":""Depends on fees & flexibility"",""no_of_children"":""2"",""primary_reason"":""Both"",""exterior_colour"":[""Sand""],""has_second_home"":""Self-owned"",""sport_amenities"":[""Other: Gym & golf"",""Padel"",""Water sports""],""premium_features"":[""Installed Kitchen"",""Kitchen Appliances"",""Built-in Wardrobes"",""Private Pool""],""community_mobility"":[""Cycling"",""Private Buggy"",""Walking""],""staff_accommodation"":""A maid's room"",""additional_amenities"":[""Spa & Gym"",""Social Lounge"",""Beach Club"",""Cafes"",""Retail"",""Restaurants"",""Other: Event / entertainment venues, market, co-working space""],""travel_to_destination"":""Air""}",5+ yrs,Air,"[""Cycling"",""Private Buggy"",""Walking""]"
2f065893-54bc-4175-a487-99442ff71325,2026-09-10 04:57:03.075774+00,,45–54,Saudi Arabia,Married,3,Self-owned,2030 onwards,Both,Apartment,4BR,700k–1.5M SAR,"[""Sea Views"",""Balconies & Terraces""]",,"[""Installed Kitchen"",""Kitchen Appliances""]","[""Sand""]","[""Padel"",""Water sports"",""Volleyball""]","[""Spa & Gym"",""Children's Club"",""Social Lounge"",""Ladies Facilities"",""Beach Club"",""Cafes"",""Restaurants"",""Retail""]",Depends on fees & flexibility,"{""age"":""45–54"",""unit_size"":""4BR"",""nationality"":""Saudi Arabia"",""price_range"":""700k–1.5M SAR"",""payment_plan"":""5+ yrs"",""home_features"":[""Sea Views"",""Balconies & Terraces""],""property_type"":""Apartment"",""social_status"":""Married"",""timing_to_buy"":""2030 onwards"",""managed_rental"":""Depends on fees & flexibility"",""no_of_children"":""3"",""primary_reason"":""Both"",""exterior_colour"":[""Sand""],""has_second_home"":""Self-owned"",""sport_amenities"":[""Padel"",""Water sports"",""Volleyball""],""premium_features"":[""Installed Kitchen"",""Kitchen Appliances""],""community_mobility"":[""Cycling"",""Private Buggy"",""Walking"",""Shared Buggy / Community Shuttle"",""Personal Car""],""staff_accommodation"":null,""additional_amenities"":[""Spa & Gym"",""Children's Club"",""Social Lounge"",""Ladies Facilities"",""Beach Club"",""Cafes"",""Restaurants"",""Retail""],""travel_to_destination"":""Car""}",5+ yrs,Car,"[""Cycling"",""Private Buggy"",""Walking"",""Shared Buggy / Community Shuttle"",""Personal Car""]"
2f237790-7f49-4f52-bfb2-bdf19333c1e8,2026-09-09 13:33:19.70235+00,,35–44,Saudi Arabia,Married,3,Self-owned,2028 – 2029,Investment,Apartment,3BR,700k–1.5M SAR,"[""Privacy"",""Park Views"",""Balconies & Terraces""]",,"[""Built-in Wardrobes"",""Kitchen Appliances"",""Installed Kitchen""]","[""Other: more of like Riyadh stone color""]","[""Other: walking track and gym""]","[""Spa & Gym"",""Children's Club"",""Restaurants"",""Cafes"",""Social Lounge""]",Depends on return,"{""age"":""35–44"",""unit_size"":""3BR"",""nationality"":""Saudi Arabia"",""price_range"":""700k–1.5M SAR"",""payment_plan"":""3–5 years"",""home_features"":[""Privacy"",""Park Views"",""Balconies & Terraces""],""property_type"":""Apartment"",""social_status"":""Married"",""timing_to_buy"":""2028 – 2029"",""managed_rental"":""Depends on return"",""no_of_children"":""3"",""primary_reason"":""Investment"",""exterior_colour"":[""Other: more of like Riyadh stone color""],""has_second_home"":""Self-owned"",""sport_amenities"":[""Other: walking track and gym""],""premium_features"":[""Built-in Wardrobes"",""Kitchen Appliances"",""Installed Kitchen""],""community_mobility"":[""Walking""],""staff_accommodation"":null,""additional_amenities"":[""Spa & Gym"",""Children's Club"",""Restaurants"",""Cafes"",""Social Lounge""],""travel_to_destination"":""Car""}",3–5 years,Car,"[""Walking""]"
2f36a1a3-6133-425e-9816-c12518aae4b2,2026-09-09 13:20:04.76796+00,,45–54,United Kingdom,Married,3,Self-owned,2028 – 2029,Both,Townhouse,3BR,700k–1.5M SAR,"[""Outdoor Space"",""Balconies & Terraces"",""Sea Views""]",A maid's room,"[""Installed Kitchen"",""Built-in Wardrobes""]","[""Sand""]","[""Football"",""Water sports"",""Padel""]","[""Spa & Gym"",""Children's Club"",""Social Lounge"",""Beach Club"",""Cafes"",""Restaurants""]",Yes,"{""age"":""45–54"",""unit_size"":""3BR"",""nationality"":""United Kingdom"",""price_range"":""700k–1.5M SAR"",""payment_plan"":""5+ yrs"",""home_features"":[""Outdoor Space"",""Balconies & Terraces"",""Sea Views""],""property_type"":""Townhouse"",""social_status"":""Married"",""timing_to_buy"":""2028 – 2029"",""managed_rental"":""Yes"",""no_of_children"":""3"",""primary_reason"":""Both"",""exterior_colour"":[""Sand""],""has_second_home"":""Self-owned"",""sport_amenities"":[""Football"",""Water sports"",""Padel""],""premium_features"":[""Installed Kitchen"",""Built-in Wardrobes""],""community_mobility"":[""Walking""],""staff_accommodation"":""A maid's room"",""additional_amenities"":[""Spa & Gym"",""Children's Club"",""Social Lounge"",""Beach Club"",""Cafes"",""Restaurants""],""travel_to_destination"":""Car""}",5+ yrs,Car,"[""Walking""]"
2f4fbaea-adb4-4402-876c-61cb0e1d4f0f,2026-09-09 14:33:50.377467+00,,35–44,Pakistan,Married,2,No,2028 – 2029,Investment,Apartment,2BR,700k–1.5M SAR,"[""Balconies & Terraces""]",,"[""Installed Kitchen"",""Kitchen Appliances"",""Built-in Wardrobes""]","[""Blue"",""Sage""]","[""Padel"",""Football""]","[""Children's Club"",""Spa & Gym"",""Restaurants"",""Ladies Facilities""]",Yes,"{""age"":""35–44"",""unit_size"":""2BR"",""nationality"":""Pakistan"",""price_range"":""700k–1.5M SAR"",""payment_plan"":""3–5 years"",""home_features"":[""Balconies & Terraces""],""property_type"":""Apartment"",""social_status"":""Married"",""timing_to_buy"":""2028 – 2029"",""managed_rental"":""Yes"",""no_of_children"":""2"",""primary_reason"":""Investment"",""exterior_colour"":[""Blue"",""Sage""],""has_second_home"":""No"",""sport_amenities"":[""Padel"",""Football""],""premium_features"":[""Installed Kitchen"",""Kitchen Appliances"",""Built-in Wardrobes""],""community_mobility"":[""Walking""],""staff_accommodation"":null,""additional_amenities"":[""Children's Club"",""Spa & Gym"",""Restaurants"",""Ladies Facilities""],""travel_to_destination"":""Car""}",3–5 years,Car,"[""Walking""]"
2fb2d7a3-c75b-4ad8-a83b-dfa521814e76,2026-09-09 13:11:28.748085+00,,55–64,United Kingdom,Married,3,Self-owned,2026 – 2027,Both,Apartment,2BR,700k–1.5M SAR,"[""Balconies & Terraces"",""Sea Views"",""Outdoor Space""]",,"[""Installed Kitchen"",""Kitchen Appliances""]","[""Blue"",""Rose"",""Sand""]","[""Padel"",""Other: Golf, could be a driving range like TopGolf"",""Football""]","[""Spa & Gym"",""Cafes"",""Retail"",""Other: Grocery stores / supermarket""]",Yes,"{""age"":""55–64"",""unit_size"":""2BR"",""nationality"":""United Kingdom"",""price_range"":""700k–1.5M SAR"",""payment_plan"":""3–5 years"",""home_features"":[""Balconies & Terraces"",""Sea Views"",""Outdoor Space""],""property_type"":""Apartment"",""social_status"":""Married"",""timing_to_buy"":""2026 – 2027"",""managed_rental"":""Yes"",""no_of_children"":""3"",""primary_reason"":""Both"",""exterior_colour"":[""Blue"",""Rose"",""Sand""],""has_second_home"":""Self-owned"",""sport_amenities"":[""Padel"",""Other: Golf, could be a driving range like TopGolf"",""Football""],""premium_features"":[""Installed Kitchen"",""Kitchen Appliances""],""community_mobility"":[""Walking"",""Shared Buggy / Community Shuttle""],""staff_accommodation"":null,""additional_amenities"":[""Spa & Gym"",""Cafes"",""Retail"",""Other: Grocery stores / supermarket""],""travel_to_destination"":""Air""}",3–5 years,Air,"[""Walking"",""Shared Buggy / Community Shuttle""]"
30925de4-f38a-4ac0-a0f0-66e916f91b62,2026-09-10 06:02:44.507001+00,,35–44,Saudi Arabia,Married,2,No,2030 onwards,Family holidays,Apartment,2BR,700k–1.5M SAR,"[""Park Views""]",,"[""Installed Kitchen"",""Kitchen Appliances"",""Built-in Wardrobes""]","[""Blue""]","[""Padel""]","[""Social Lounge"",""Children's Club"",""Spa & Gym"",""Beach Club"",""Retail"",""Cafes"",""Restaurants"",""Ladies Facilities""]",Yes,"{""age"":""35–44"",""unit_size"":""2BR"",""nationality"":""Saudi Arabia"",""price_range"":""700k–1.5M SAR"",""payment_plan"":""5+ yrs"",""home_features"":[""Park Views""],""property_type"":""Apartment"",""social_status"":""Married"",""timing_to_buy"":""2030 onwards"",""managed_rental"":""Yes"",""no_of_children"":""2"",""primary_reason"":""Family holidays"",""exterior_colour"":[""Blue""],""has_second_home"":""No"",""sport_amenities"":[""Padel""],""premium_features"":[""Installed Kitchen"",""Kitchen Appliances"",""Built-in Wardrobes""],""community_mobility"":[""Cycling"",""Private Buggy"",""Shared Buggy / Community Shuttle""],""staff_accommodation"":null,""additional_amenities"":[""Social Lounge"",""Children's Club"",""Spa & Gym"",""Beach Club"",""Retail"",""Cafes"",""Restaurants"",""Ladies Facilities""],""travel_to_destination"":""Air""}",5+ yrs,Air,"[""Cycling"",""Private Buggy"",""Shared Buggy / Community Shuttle""]"
30c1141b-d63f-48fe-9dd5-d63471b352e0,2026-09-09 13:52:31.904646+00,,35–44,India,Married,2,Self-owned,2030 onwards,Both,Villa,3BR,700k–1.5M SAR,"[""Sea Views""]",A maid's room,"[""Private Pool""]","[""Sand""]","[""Padel"",""Football"",""Volleyball""]","[""Spa & Gym"",""Social Lounge"",""Children's Club"",""Picnic Areas"",""Beach Club"",""Ladies Facilities"",""Restaurants"",""Cafes"",""Retail""]",Depends on return,"{""age"":""35–44"",""unit_size"":""3BR"",""nationality"":""India"",""price_range"":""700k–1.5M SAR"",""payment_plan"":""5+ yrs"",""home_features"":[""Sea Views""],""property_type"":""Villa"",""social_status"":""Married"",""timing_to_buy"":""2030 onwards"",""managed_rental"":""Depends on return"",""no_of_children"":""2"",""primary_reason"":""Both"",""exterior_colour"":[""Sand""],""has_second_home"":""Self-owned"",""sport_amenities"":[""Padel"",""Football"",""Volleyball""],""premium_features"":[""Private Pool""],""community_mobility"":[""Cycling"",""Walking"",""Personal Car""],""staff_accommodation"":""A maid's room"",""additional_amenities"":[""Spa & Gym"",""Social Lounge"",""Children's Club"",""Picnic Areas"",""Beach Club"",""Ladies Facilities"",""Restaurants"",""Cafes"",""Retail""],""travel_to_destination"":""Air""}",5+ yrs,Air,"[""Cycling"",""Walking"",""Personal Car""]"
32927d1a-d6b5-4b7a-ac4c-40e8ae8cbbdb,2026-09-09 13:10:15.300511+00,,35–44,Argentina,Married,2,Self-owned,2028 – 2029,Investment,Townhouse,3BR,700k–1.5M SAR,"[""Sea Views"",""Balconies & Terraces"",""Outdoor Space""]",A maid's room,"[""Installed Kitchen""]","[""Sand""]","[""Basketball"",""Water sports"",""Football""]","[""Children's Club"",""Retail"",""Picnic Areas"",""Restaurants"",""Cafes"",""Social Lounge"",""Spa & Gym"",""Beach Club"",""Ladies Facilities""]",Yes,"{""age"":""35–44"",""unit_size"":""3BR"",""nationality"":""Argentina"",""price_range"":""700k–1.5M SAR"",""payment_plan"":""5+ yrs"",""home_features"":[""Sea Views"",""Balconies & Terraces"",""Outdoor Space""],""property_type"":""Townhouse"",""social_status"":""Married"",""timing_to_buy"":""2028 – 2029"",""managed_rental"":""Yes"",""no_of_children"":""2"",""primary_reason"":""Investment"",""exterior_colour"":[""Sand""],""has_second_home"":""Self-owned"",""sport_amenities"":[""Basketball"",""Water sports"",""Football""],""premium_features"":[""Installed Kitchen""],""community_mobility"":[""Cycling"",""Walking""],""staff_accommodation"":""A maid's room"",""additional_amenities"":[""Children's Club"",""Retail"",""Picnic Areas"",""Restaurants"",""Cafes"",""Social Lounge"",""Spa & Gym"",""Beach Club"",""Ladies Facilities""],""travel_to_destination"":""Air""}",5+ yrs,Air,"[""Cycling"",""Walking""]"
32f2a2af-7a87-47f0-9b8e-819331138ae3,2026-09-09 13:24:15.231978+00,,25–34,Saudi Arabia,Single,0,No,2028 – 2029,Both,Apartment,2BR,700k–1.5M SAR,"[""Balconies & Terraces"",""Outdoor Space"",""Sea Views""]",,"[""Installed Kitchen"",""Private Pool"",""Built-in Wardrobes"",""Kitchen Appliances""]","[""Blue""]","[""Padel"",""Tennis"",""Water sports""]","[""Spa & Gym"",""Social Lounge"",""Ladies Facilities"",""Picnic Areas"",""Beach Club"",""Restaurants"",""Cafes"",""Retail""]",Depends on fees & flexibility,"{""age"":""25–34"",""unit_size"":""2BR"",""nationality"":""Saudi Arabia"",""price_range"":""700k–1.5M SAR"",""payment_plan"":""5+ yrs"",""home_features"":[""Balconies & Terraces"",""Outdoor Space"",""Sea Views""],""property_type"":""Apartment"",""social_status"":""Single"",""timing_to_buy"":""2028 – 2029"",""managed_rental"":""Depends on fees & flexibility"",""no_of_children"":""0"",""primary_reason"":""Both"",""exterior_colour"":[""Blue""],""has_second_home"":""No"",""sport_amenities"":[""Padel"",""Tennis"",""Water sports""],""premium_features"":[""Installed Kitchen"",""Private Pool"",""Built-in Wardrobes"",""Kitchen Appliances""],""community_mobility"":[""Shared Buggy / Community Shuttle""],""staff_accommodation"":null,""additional_amenities"":[""Spa & Gym"",""Social Lounge"",""Ladies Facilities"",""Picnic Areas"",""Beach Club"",""Restaurants"",""Cafes"",""Retail""],""travel_to_destination"":""Air""}",5+ yrs,Air,"[""Shared Buggy / Community Shuttle""]"
3425458b-d68d-458d-988f-0a159d2c537c,2026-09-10 05:47:15.708688+00,,35–44,Saudi Arabia,Married,4+,No,2026 – 2027,Both,Beach Villa,2BR,700k–1.5M SAR,"[""Sea Views"",""Privacy"",""Outdoor Space""]",Both,"[""Private Pool"",""Installed Kitchen"",""Other: Majlis for guests""]","[""Other: Shades of coral reefs""]","[""Padel"",""Water sports"",""Volleyball""]","[""Spa & Gym"",""Children's Club"",""Social Lounge"",""Ladies Facilities"",""Beach Club"",""Restaurants"",""Cafes"",""Retail"",""Other: Like strip mall or shopping mall.""]",Depends on return,"{""age"":""35–44"",""unit_size"":""2BR"",""nationality"":""Saudi Arabia"",""price_range"":""700k–1.5M SAR"",""payment_plan"":""5+ yrs"",""home_features"":[""Sea Views"",""Privacy"",""Outdoor Space""],""property_type"":""Beach Villa"",""social_status"":""Married"",""timing_to_buy"":""2026 – 2027"",""managed_rental"":""Depends on return"",""no_of_children"":""4+"",""primary_reason"":""Both"",""exterior_colour"":[""Other: Shades of coral reefs""],""has_second_home"":""No"",""sport_amenities"":[""Padel"",""Water sports"",""Volleyball""],""premium_features"":[""Private Pool"",""Installed Kitchen"",""Other: Majlis for guests""],""community_mobility"":[""Private Buggy"",""Personal Car""],""staff_accommodation"":""Both"",""additional_amenities"":[""Spa & Gym"",""Children's Club"",""Social Lounge"",""Ladies Facilities"",""Beach Club"",""Restaurants"",""Cafes"",""Retail"",""Other: Like strip mall or shopping mall.""],""travel_to_destination"":""Car""}",5+ yrs,Car,"[""Private Buggy"",""Personal Car""]"
345979ac-ddcd-4f71-817d-696e524d20e8,2026-09-09 13:25:11.91796+00,,45–54,Saudi Arabia,Married,3,No,2026 – 2027,Both,No preference,3BR,700k–1.5M SAR,"[""Outdoor Space""]",Both,"[""Private Pool""]","[""Sand""]","[""Water sports""]","[""Children's Club"",""Social Lounge"",""Beach Club"",""Cafes"",""Restaurants""]",Yes,"{""age"":""45–54"",""unit_size"":""3BR"",""nationality"":""Saudi Arabia"",""price_range"":""700k–1.5M SAR"",""payment_plan"":""5+ yrs"",""home_features"":[""Outdoor Space""],""property_type"":""No preference"",""social_status"":""Married"",""timing_to_buy"":""2026 – 2027"",""managed_rental"":""Yes"",""no_of_children"":""3"",""primary_reason"":""Both"",""exterior_colour"":[""Sand""],""has_second_home"":""No"",""sport_amenities"":[""Water sports""],""premium_features"":[""Private Pool""],""community_mobility"":[""Shared Buggy / Community Shuttle""],""staff_accommodation"":""Both"",""additional_amenities"":[""Children's Club"",""Social Lounge"",""Beach Club"",""Cafes"",""Restaurants""],""travel_to_destination"":""Car""}",5+ yrs,Car,"[""Shared Buggy / Community Shuttle""]"
34b0d6b2-c670-4c9d-9759-d30d0f9da4a4,2026-09-10 08:20:14.58027+00,,Under 25,Jordan,Single,0,No,2026 – 2027,Investment,Beach Villa,2BR,700k–1.5M SAR,"[""Privacy"",""Balconies & Terraces""]",Not required,"[""Private Pool""]","[""Rose""]","[""Padel"",""Volleyball""]","[""Spa & Gym"",""Social Lounge"",""Cafes"",""Ladies Facilities""]",Depends on fees & flexibility,"{""age"":""Under 25"",""unit_size"":""2BR"",""nationality"":""Jordan"",""price_range"":""700k–1.5M SAR"",""payment_plan"":""5+ yrs"",""home_features"":[""Privacy"",""Balconies & Terraces""],""property_type"":""Beach Villa"",""social_status"":""Single"",""timing_to_buy"":""2026 – 2027"",""managed_rental"":""Depends on fees & flexibility"",""no_of_children"":""0"",""primary_reason"":""Investment"",""exterior_colour"":[""Rose""],""has_second_home"":""No"",""sport_amenities"":[""Padel"",""Volleyball""],""premium_features"":[""Private Pool""],""community_mobility"":[""Cycling""],""staff_accommodation"":""Not required"",""additional_amenities"":[""Spa & Gym"",""Social Lounge"",""Cafes"",""Ladies Facilities""],""travel_to_destination"":""Air""}",5+ yrs,Air,"[""Cycling""]"
34d1c522-120b-4666-b6b5-3ce98a27c21b,2026-09-09 13:27:37.288698+00,,45–54,Bahamas,Married,2,Self-owned,2026 – 2027,Both,Villa,3BR,700k–1.5M SAR,"[""Outdoor Space"",""Balconies & Terraces"",""Privacy""]",A maid's room,"[""Installed Kitchen"",""Built-in Wardrobes"",""Private Pool""]","[""Sand""]","[""Tennis"",""Other: Gym, Mini Golf, Squash,""]","[""Spa & Gym"",""Children's Club"",""Picnic Areas"",""Beach Club"",""Restaurants"",""Cafes"",""Retail""]",Depends on return,"{""age"":""45–54"",""unit_size"":""3BR"",""nationality"":""Bahamas"",""price_range"":""700k–1.5M SAR"",""payment_plan"":""3–5 years"",""home_features"":[""Outdoor Space"",""Balconies & Terraces"",""Privacy""],""property_type"":""Villa"",""social_status"":""Married"",""timing_to_buy"":""2026 – 2027"",""managed_rental"":""Depends on return"",""no_of_children"":""2"",""primary_reason"":""Both"",""exterior_colour"":[""Sand""],""has_second_home"":""Self-owned"",""sport_amenities"":[""Tennis"",""Other: Gym, Mini Golf, Squash,""],""premium_features"":[""Installed Kitchen"",""Built-in Wardrobes"",""Private Pool""],""community_mobility"":[""Cycling"",""Walking""],""staff_accommodation"":""A maid's room"",""additional_amenities"":[""Spa & Gym"",""Children's Club"",""Picnic Areas"",""Beach Club"",""Restaurants"",""Cafes"",""Retail""],""travel_to_destination"":""Car""}",3–5 years,Car,"[""Cycling"",""Walking""]"
34da7125-b1b7-4231-b29b-6c29f0bc3e00,2026-09-09 13:10:32.021647+00,,45–54,South Africa,Married,2,Self-owned,2026 – 2027,Investment,Townhouse,3BR,1.5M–3M SAR,"[""Sea Views"",""Outdoor Space"",""Privacy""]",A maid's room,"[""Installed Kitchen""]","[""Sand""]","[""Padel"",""Water sports"",""Other: Golf""]","[""Spa & Gym"",""Beach Club"",""Restaurants"",""Retail"",""Cafes"",""Picnic Areas""]",Depends on return,"{""age"":""45–54"",""unit_size"":""3BR"",""nationality"":""South Africa"",""price_range"":""1.5M–3M SAR"",""payment_plan"":""5+ yrs"",""home_features"":[""Sea Views"",""Outdoor Space"",""Privacy""],""property_type"":""Townhouse"",""social_status"":""Married"",""timing_to_buy"":""2026 – 2027"",""managed_rental"":""Depends on return"",""no_of_children"":""2"",""primary_reason"":""Investment"",""exterior_colour"":[""Sand""],""has_second_home"":""Self-owned"",""sport_amenities"":[""Padel"",""Water sports"",""Other: Golf""],""premium_features"":[""Installed Kitchen""],""community_mobility"":[""Cycling""],""staff_accommodation"":""A maid's room"",""additional_amenities"":[""Spa & Gym"",""Beach Club"",""Restaurants"",""Retail"",""Cafes"",""Picnic Areas""],""travel_to_destination"":""Air""}",5+ yrs,Air,"[""Cycling""]"
3530d404-576b-46eb-9460-1e1a10da6081,2026-09-13 10:45:36.651307+00,,25–34,Saudi Arabia,Single,0,Self-owned,2026 – 2027,Both,Apartment,2BR,700k–1.5M SAR,"[""Outdoor Space"",""Balconies & Terraces"",""Sea Views""]",,"[""Installed Kitchen"",""Built-in Wardrobes"",""Kitchen Appliances""]","[""Other: A very light color almost a shade of white""]","[""Padel"",""Water sports"",""Tennis""]","[""Spa & Gym"",""Cafes"",""Restaurants"",""Retail"",""Social Lounge"",""Beach Club""]",Depends on fees & flexibility,"{""age"":""25–34"",""unit_size"":""2BR"",""nationality"":""Saudi Arabia"",""price_range"":""700k–1.5M SAR"",""payment_plan"":""Upfront cash in full"",""home_features"":[""Outdoor Space"",""Balconies & Terraces"",""Sea Views""],""property_type"":""Apartment"",""social_status"":""Single"",""timing_to_buy"":""2026 – 2027"",""managed_rental"":""Depends on fees & flexibility"",""no_of_children"":""0"",""primary_reason"":""Both"",""exterior_colour"":[""Other: A very light color almost a shade of white""],""has_second_home"":""Self-owned"",""sport_amenities"":[""Padel"",""Water sports"",""Tennis""],""premium_features"":[""Installed Kitchen"",""Built-in Wardrobes"",""Kitchen Appliances""],""community_mobility"":[""Shared Buggy / Community Shuttle"",""Private Buggy"",""Walking"",""Cycling""],""staff_accommodation"":null,""additional_amenities"":[""Spa & Gym"",""Cafes"",""Restaurants"",""Retail"",""Social Lounge"",""Beach Club""],""travel_to_destination"":""Air""}",Upfront cash in full,Air,"[""Shared Buggy / Community Shuttle"",""Private Buggy"",""Walking"",""Cycling""]"
3566e2cf-8ef8-478a-bc65-4ddc8d19c626,2026-09-09 13:11:49.423825+00,,55–64,United Kingdom,Married,3,No,2028 – 2029,Both,Villa,3BR,1.5M–3M SAR,"[""Outdoor Space"",""Balconies & Terraces"",""Sea Views""]",Not required,"[""Kitchen Appliances"",""Installed Kitchen"",""Private Pool""]","[""Sand""]","[""Other: Cycling"",""Water sports""]","[""Spa & Gym"",""Restaurants"",""Cafes"",""Retail"",""Picnic Areas""]",Depends on return,"{""age"":""55–64"",""unit_size"":""3BR"",""nationality"":""United Kingdom"",""price_range"":""1.5M–3M SAR"",""payment_plan"":""5+ yrs"",""home_features"":[""Outdoor Space"",""Balconies & Terraces"",""Sea Views""],""property_type"":""Villa"",""social_status"":""Married"",""timing_to_buy"":""2028 – 2029"",""managed_rental"":""Depends on return"",""no_of_children"":""3"",""primary_reason"":""Both"",""exterior_colour"":[""Sand""],""has_second_home"":""No"",""sport_amenities"":[""Other: Cycling"",""Water sports""],""premium_features"":[""Kitchen Appliances"",""Installed Kitchen"",""Private Pool""],""community_mobility"":[""Personal Car"",""Cycling"",""Private Buggy""],""staff_accommodation"":""Not required"",""additional_amenities"":[""Spa & Gym"",""Restaurants"",""Cafes"",""Retail"",""Picnic Areas""],""travel_to_destination"":""Air""}",5+ yrs,Air,"[""Personal Car"",""Cycling"",""Private Buggy""]"
356b2403-293f-4802-aee1-936d454ac83e,2026-09-09 16:34:37.560942+00,,25–34,Saudi Arabia,Single,0,No,2026 – 2027,Investment,Townhouse,2BR,700k–1.5M SAR,"[""Outdoor Space"",""Privacy"",""Sea Views""]",Not required,"[""Kitchen Appliances"",""Installed Kitchen"",""Built-in Wardrobes""]","[""Sand""]","[""Padel"",""Water sports"",""Tennis""]","[""Spa & Gym"",""Social Lounge"",""Beach Club"",""Restaurants"",""Cafes""]",Depends on return,"{""age"":""25–34"",""unit_size"":""2BR"",""nationality"":""Saudi Arabia"",""price_range"":""700k–1.5M SAR"",""payment_plan"":""5+ yrs"",""home_features"":[""Outdoor Space"",""Privacy"",""Sea Views""],""property_type"":""Townhouse"",""social_status"":""Single"",""timing_to_buy"":""2026 – 2027"",""managed_rental"":""Depends on return"",""no_of_children"":""0"",""primary_reason"":""Investment"",""exterior_colour"":[""Sand""],""has_second_home"":""No"",""sport_amenities"":[""Padel"",""Water sports"",""Tennis""],""premium_features"":[""Kitchen Appliances"",""Installed Kitchen"",""Built-in Wardrobes""],""community_mobility"":[""Walking"",""Private Buggy""],""staff_accommodation"":""Not required"",""additional_amenities"":[""Spa & Gym"",""Social Lounge"",""Beach Club"",""Restaurants"",""Cafes""],""travel_to_destination"":""Air""}",5+ yrs,Air,"[""Walking"",""Private Buggy""]"
35ffef8e-1a65-441a-bc87-b802f899767e,2026-09-09 17:22:57.307218+00,,25–34,Saudi Arabia,Single,0,No,2030 onwards,Both,No preference,3BR,700k–1.5M SAR,"[""Sea Views""]",Both,"[""Private Pool""]","[""Sand""]","[""Volleyball""]","[""Children's Club""]",Depends on return,"{""age"":""25–34"",""unit_size"":""3BR"",""nationality"":""Saudi Arabia"",""price_range"":""700k–1.5M SAR"",""payment_plan"":""5+ yrs"",""home_features"":[""Sea Views""],""property_type"":""No preference"",""social_status"":""Single"",""timing_to_buy"":""2030 onwards"",""managed_rental"":""Depends on return"",""no_of_children"":""0"",""primary_reason"":""Both"",""exterior_colour"":[""Sand""],""has_second_home"":""No"",""sport_amenities"":[""Volleyball""],""premium_features"":[""Private Pool""],""community_mobility"":[""Cycling""],""staff_accommodation"":""Both"",""additional_amenities"":[""Children's Club""],""travel_to_destination"":""Air""}",5+ yrs,Air,"[""Cycling""]"
363f762a-f69a-4219-b516-67a4013df8e1,2026-09-09 13:23:18.451012+00,,45–54,Philippines,Married,2,No,2030 onwards,Investment,Apartment,3BR,700k–1.5M SAR,"[""Sea Views""]",,"[""Private Pool""]","[""Blue""]","[""Basketball"",""Water sports"",""Football""]","[""Spa & Gym"",""Children's Club"",""Restaurants"",""Cafes"",""Picnic Areas"",""Beach Club"",""Retail""]",Depends on return,"{""age"":""45–54"",""unit_size"":""3BR"",""nationality"":""Philippines"",""price_range"":""700k–1.5M SAR"",""payment_plan"":""5+ yrs"",""home_features"":[""Sea Views""],""property_type"":""Apartment"",""social_status"":""Married"",""timing_to_buy"":""2030 onwards"",""managed_rental"":""Depends on return"",""no_of_children"":""2"",""primary_reason"":""Investment"",""exterior_colour"":[""Blue""],""has_second_home"":""No"",""sport_amenities"":[""Basketball"",""Water sports"",""Football""],""premium_features"":[""Private Pool""],""community_mobility"":[""Walking""],""staff_accommodation"":null,""additional_amenities"":[""Spa & Gym"",""Children's Club"",""Restaurants"",""Cafes"",""Picnic Areas"",""Beach Club"",""Retail""],""travel_to_destination"":""Car""}",5+ yrs,Car,"[""Walking""]"
36bd7050-e7a6-4709-8197-b7145ba7aa69,2026-09-13 09:19:14.880404+00,,35–44,Lebanon,Single,0,No,2030 onwards,Both,Townhouse,2BR,700k–1.5M SAR,"[""Sea Views"",""Balconies & Terraces"",""Outdoor Space""]",A maid's room,"[""Built-in Wardrobes"",""Private Pool"",""Installed Kitchen"",""Kitchen Appliances""]","[""Other: each zone could be one of the 4 above colors, Rose is the least appealing.""]","[""Padel"",""Tennis"",""Water sports""]","[""Spa & Gym"",""Social Lounge"",""Picnic Areas"",""Beach Club"",""Restaurants"",""Cafes"",""Retail""]",Depends on fees & flexibility,"{""age"":""35–44"",""unit_size"":""2BR"",""nationality"":""Lebanon"",""price_range"":""700k–1.5M SAR"",""payment_plan"":""3–5 years"",""home_features"":[""Sea Views"",""Balconies & Terraces"",""Outdoor Space""],""property_type"":""Townhouse"",""social_status"":""Single"",""timing_to_buy"":""2030 onwards"",""managed_rental"":""Depends on fees & flexibility"",""no_of_children"":""0"",""primary_reason"":""Both"",""exterior_colour"":[""Other: each zone could be one of the 4 above colors, Rose is the least appealing.""],""has_second_home"":""No"",""sport_amenities"":[""Padel"",""Tennis"",""Water sports""],""premium_features"":[""Built-in Wardrobes"",""Private Pool"",""Installed Kitchen"",""Kitchen Appliances""],""community_mobility"":[""Walking"",""Shared Buggy / Community Shuttle"",""Cycling"",""Personal Car""],""staff_accommodation"":""A maid's room"",""additional_amenities"":[""Spa & Gym"",""Social Lounge"",""Picnic Areas"",""Beach Club"",""Restaurants"",""Cafes"",""Retail""],""travel_to_destination"":""Car""}",3–5 years,Car,"[""Walking"",""Shared Buggy / Community Shuttle"",""Cycling"",""Personal Car""]"
36fb736d-64d9-418a-bf36-7522f93d5435,2026-09-09 13:21:53.506248+00,,35–44,Saudi Arabia,Married,1,Family-owned,2026 – 2027,Both,Beach Villa,2BR,700k–1.5M SAR,"[""Sea Views"",""Privacy"",""Outdoor Space""]",A maid's room,"[""Private Pool"",""Installed Kitchen"",""Other: majlis for guests only, more space.""]","[""Other: white and light blue,  like Santorni""]","[""Volleyball"",""Water sports"",""Padel""]","[""Ladies Facilities"",""Cafes"",""Restaurants"",""Retail"",""Beach Club"",""Social Lounge"",""Spa & Gym"",""Other: mosque""]",Depends on fees & flexibility,"{""age"":""35–44"",""unit_size"":""2BR"",""nationality"":""Saudi Arabia"",""price_range"":""700k–1.5M SAR"",""payment_plan"":""5+ yrs"",""home_features"":[""Sea Views"",""Privacy"",""Outdoor Space""],""property_type"":""Beach Villa"",""social_status"":""Married"",""timing_to_buy"":""2026 – 2027"",""managed_rental"":""Depends on fees & flexibility"",""no_of_children"":""1"",""primary_reason"":""Both"",""exterior_colour"":[""Other: white and light blue,  like Santorni""],""has_second_home"":""Family-owned"",""sport_amenities"":[""Volleyball"",""Water sports"",""Padel""],""premium_features"":[""Private Pool"",""Installed Kitchen"",""Other: majlis for guests only, more space.""],""community_mobility"":[""Walking"",""Shared Buggy / Community Shuttle"",""Personal Car""],""staff_accommodation"":""A maid's room"",""additional_amenities"":[""Ladies Facilities"",""Cafes"",""Restaurants"",""Retail"",""Beach Club"",""Social Lounge"",""Spa & Gym"",""Other: mosque""],""travel_to_destination"":""Car""}",5+ yrs,Car,"[""Walking"",""Shared Buggy / Community Shuttle"",""Personal Car""]"
37554466-65b7-4a7c-8639-0f391c4b0f4e,2026-09-09 13:08:27.869894+00,,35–44,India,Married,3,Self-owned,2028 – 2029,Both,Villa,4BR,700k–1.5M SAR,"[""Outdoor Space"",""Balconies & Terraces"",""Sea Views""]",A maid's room,"[""Installed Kitchen"",""Built-in Wardrobes"",""Private Pool""]","[""Sand"",""Rose""]","[""Tennis"",""Water sports"",""Football""]","[""Spa & Gym"",""Children's Club"",""Picnic Areas"",""Ladies Facilities"",""Restaurants"",""Cafes"",""Social Lounge"",""Beach Club"",""Retail""]",Yes,"{""age"":""35–44"",""unit_size"":""4BR"",""nationality"":""India"",""price_range"":""700k–1.5M SAR"",""payment_plan"":""1–2 years"",""home_features"":[""Outdoor Space"",""Balconies & Terraces"",""Sea Views""],""property_type"":""Villa"",""social_status"":""Married"",""timing_to_buy"":""2028 – 2029"",""managed_rental"":""Yes"",""no_of_children"":""3"",""primary_reason"":""Both"",""exterior_colour"":[""Sand"",""Rose""],""has_second_home"":""Self-owned"",""sport_amenities"":[""Tennis"",""Water sports"",""Football""],""premium_features"":[""Installed Kitchen"",""Built-in Wardrobes"",""Private Pool""],""community_mobility"":[""Walking"",""Cycling"",""Private Buggy"",""Personal Car""],""staff_accommodation"":""A maid's room"",""additional_amenities"":[""Spa & Gym"",""Children's Club"",""Picnic Areas"",""Ladies Facilities"",""Restaurants"",""Cafes"",""Social Lounge"",""Beach Club"",""Retail""],""travel_to_destination"":""Car""}",1–2 years,Car,"[""Walking"",""Cycling"",""Private Buggy"",""Personal Car""]"
3782b718-6ec9-4632-903c-4a283760885d,2026-09-09 13:37:43.352477+00,,25–34,Saudi Arabia,Single,0,No,2030 onwards,Both,Beach Villa,2BR,700k–1.5M SAR,"[""Privacy"",""Sea Views"",""Outdoor Space""]",Not required,"[""Installed Kitchen"",""Private Pool"",""Built-in Wardrobes""]","[""Sand""]","[""Tennis"",""Water sports""]","[""Spa & Gym"",""Restaurants"",""Retail"",""Cafes""]",Depends on fees & flexibility,"{""age"":""25–34"",""unit_size"":""2BR"",""nationality"":""Saudi Arabia"",""price_range"":""700k–1.5M SAR"",""payment_plan"":""3–5 years"",""home_features"":[""Privacy"",""Sea Views"",""Outdoor Space""],""property_type"":""Beach Villa"",""social_status"":""Single"",""timing_to_buy"":""2030 onwards"",""managed_rental"":""Depends on fees & flexibility"",""no_of_children"":""0"",""primary_reason"":""Both"",""exterior_colour"":[""Sand""],""has_second_home"":""No"",""sport_amenities"":[""Tennis"",""Water sports""],""premium_features"":[""Installed Kitchen"",""Private Pool"",""Built-in Wardrobes""],""community_mobility"":[""Walking"",""Private Buggy"",""Shared Buggy / Community Shuttle""],""staff_accommodation"":""Not required"",""additional_amenities"":[""Spa & Gym"",""Restaurants"",""Retail"",""Cafes""],""travel_to_destination"":""Air""}",3–5 years,Air,"[""Walking"",""Private Buggy"",""Shared Buggy / Community Shuttle""]"
37889f89-f09e-4198-ba1d-7fbef9e74464,2026-09-13 13:48:02.455046+00,,Under 25,Saudi Arabia,Single,0,Self-owned,2026 – 2027,Family holidays,Villa,2BR,700k–1.5M SAR,"[""Outdoor Space""]",A driver's room,"[""Installed Kitchen""]","[""Rose""]","[""Tennis""]","[""Children's Club""]",Yes,"{""age"":""Under 25"",""unit_size"":""2BR"",""nationality"":""Saudi Arabia"",""price_range"":""700k–1.5M SAR"",""payment_plan"":""1–2 years"",""home_features"":[""Outdoor Space""],""property_type"":""Villa"",""social_status"":""Single"",""timing_to_buy"":""2026 – 2027"",""managed_rental"":""Yes"",""no_of_children"":""0"",""primary_reason"":""Family holidays"",""exterior_colour"":[""Rose""],""has_second_home"":""Self-owned"",""sport_amenities"":[""Tennis""],""premium_features"":[""Installed Kitchen""],""community_mobility"":[""Walking""],""staff_accommodation"":""A driver's room"",""additional_amenities"":[""Children's Club""],""travel_to_destination"":""Car""}",1–2 years,Car,"[""Walking""]"
378c18b4-93e1-41c2-b2a2-eace86950376,2026-09-09 13:11:36.63665+00,,45–54,Saudi Arabia,Married,3,Self-owned,2026 – 2027,Both,Apartment,3BR,700k–1.5M SAR,"[""Sea Views"",""Balconies & Terraces"",""Outdoor Space""]",,"[""Installed Kitchen"",""Kitchen Appliances"",""Built-in Wardrobes""]","[""Sand""]","[""Padel"",""Tennis"",""Water sports""]","[""Beach Club"",""Picnic Areas"",""Spa & Gym"",""Social Lounge"",""Restaurants"",""Cafes"",""Retail""]",Depends on return,"{""age"":""45–54"",""unit_size"":""3BR"",""nationality"":""Saudi Arabia"",""price_range"":""700k–1.5M SAR"",""payment_plan"":""5+ yrs"",""home_features"":[""Sea Views"",""Balconies & Terraces"",""Outdoor Space""],""property_type"":""Apartment"",""social_status"":""Married"",""timing_to_buy"":""2026 – 2027"",""managed_rental"":""Depends on return"",""no_of_children"":""3"",""primary_reason"":""Both"",""exterior_colour"":[""Sand""],""has_second_home"":""Self-owned"",""sport_amenities"":[""Padel"",""Tennis"",""Water sports""],""premium_features"":[""Installed Kitchen"",""Kitchen Appliances"",""Built-in Wardrobes""],""community_mobility"":[""Walking"",""Cycling"",""Personal Car""],""staff_accommodation"":null,""additional_amenities"":[""Beach Club"",""Picnic Areas"",""Spa & Gym"",""Social Lounge"",""Restaurants"",""Cafes"",""Retail""],""travel_to_destination"":""Car""}",5+ yrs,Car,"[""Walking"",""Cycling"",""Personal Car""]"
38affce9-35c7-4dff-8742-0ad2c0594192,2026-09-13 08:05:54.387513+00,,45–54,Jordan,Married,4+,Self-owned,2026 – 2027,Both,No preference,2BR,700k–1.5M SAR,"[""Privacy"",""Outdoor Space"",""Sea Views""]",A maid's room,"[""Private Pool""]","[""Sand""]","[""Water sports""]","[""Spa & Gym"",""Ladies Facilities"",""Picnic Areas"",""Beach Club"",""Restaurants"",""Cafes""]",Depends on return,"{""age"":""45–54"",""unit_size"":""2BR"",""nationality"":""Jordan"",""price_range"":""700k–1.5M SAR"",""payment_plan"":""5+ yrs"",""home_features"":[""Privacy"",""Outdoor Space"",""Sea Views""],""property_type"":""No preference"",""social_status"":""Married"",""timing_to_buy"":""2026 – 2027"",""managed_rental"":""Depends on return"",""no_of_children"":""4+"",""primary_reason"":""Both"",""exterior_colour"":[""Sand""],""has_second_home"":""Self-owned"",""sport_amenities"":[""Water sports""],""premium_features"":[""Private Pool""],""community_mobility"":[""Private Buggy"",""Cycling"",""Walking""],""staff_accommodation"":""A maid's room"",""additional_amenities"":[""Spa & Gym"",""Ladies Facilities"",""Picnic Areas"",""Beach Club"",""Restaurants"",""Cafes""],""travel_to_destination"":""Car""}",5+ yrs,Car,"[""Private Buggy"",""Cycling"",""Walking""]"
38f7dc97-b34e-4328-8d76-7294c2197da7,2026-09-09 13:47:16.025207+00,,25–34,Saudi Arabia,Married,0,No,2030 onwards,Both,Apartment,2BR,700k–1.5M SAR,"[""Sea Views""]",,"[""Private Pool""]","[""Sand""]","[""Volleyball""]","[""Social Lounge"",""Children's Club"",""Spa & Gym"",""Ladies Facilities"",""Picnic Areas"",""Beach Club"",""Retail"",""Cafes"",""Restaurants""]",No,"{""age"":""25–34"",""unit_size"":""2BR"",""nationality"":""Saudi Arabia"",""price_range"":""700k–1.5M SAR"",""payment_plan"":""5+ yrs"",""home_features"":[""Sea Views""],""property_type"":""Apartment"",""social_status"":""Married"",""timing_to_buy"":""2030 onwards"",""managed_rental"":""No"",""no_of_children"":""0"",""primary_reason"":""Both"",""exterior_colour"":[""Sand""],""has_second_home"":""No"",""sport_amenities"":[""Volleyball""],""premium_features"":[""Private Pool""],""community_mobility"":[""Walking""],""staff_accommodation"":null,""additional_amenities"":[""Social Lounge"",""Children's Club"",""Spa & Gym"",""Ladies Facilities"",""Picnic Areas"",""Beach Club"",""Retail"",""Cafes"",""Restaurants""],""travel_to_destination"":""Car""}",5+ yrs,Car,"[""Walking""]"
3955207a-3b20-4658-bc4b-fefdd6808d21,2026-09-09 13:14:25.761349+00,,25–34,Saudi Arabia,Single,0,Family-owned,2028 – 2029,Family holidays,Beach Villa,2BR,700k–1.5M SAR,"[""Outdoor Space"",""Sea Views"",""Balconies & Terraces""]",A maid's room,"[""Built-in Wardrobes"",""Installed Kitchen"",""Private Pool""]","[""Blue""]","[""Water sports"",""Volleyball"",""Tennis""]","[""Spa & Gym"",""Children's Club"",""Beach Club"",""Cafes"",""Restaurants"",""Retail"",""Ladies Facilities""]",Depends on return,"{""age"":""25–34"",""unit_size"":""2BR"",""nationality"":""Saudi Arabia"",""price_range"":""700k–1.5M SAR"",""payment_plan"":""3–5 years"",""home_features"":[""Outdoor Space"",""Sea Views"",""Balconies & Terraces""],""property_type"":""Beach Villa"",""social_status"":""Single"",""timing_to_buy"":""2028 – 2029"",""managed_rental"":""Depends on return"",""no_of_children"":""0"",""primary_reason"":""Family holidays"",""exterior_colour"":[""Blue""],""has_second_home"":""Family-owned"",""sport_amenities"":[""Water sports"",""Volleyball"",""Tennis""],""premium_features"":[""Built-in Wardrobes"",""Installed Kitchen"",""Private Pool""],""community_mobility"":[""Private Buggy"",""Cycling""],""staff_accommodation"":""A maid's room"",""additional_amenities"":[""Spa & Gym"",""Children's Club"",""Beach Club"",""Cafes"",""Restaurants"",""Retail"",""Ladies Facilities""],""travel_to_destination"":""Car""}",3–5 years,Car,"[""Private Buggy"",""Cycling""]"
398e1116-b14a-4ed0-aed9-345aaf9d2e98,2026-09-09 14:46:48.075816+00,,25–34,Saudi Arabia,Married,1,Family-owned,2028 – 2029,Investment,Beach Villa,4BR,700k–1.5M SAR,"[""Balconies & Terraces"",""Sea Views"",""Privacy""]",A maid's room,"[""Installed Kitchen"",""Kitchen Appliances"",""Private Pool""]","[""Blue"",""Sage""]","[""Tennis"",""Water sports"",""Padel""]","[""Spa & Gym"",""Ladies Facilities"",""Beach Club"",""Retail"",""Children's Club""]",Depends on return,"{""age"":""25–34"",""unit_size"":""4BR"",""nationality"":""Saudi Arabia"",""price_range"":""700k–1.5M SAR"",""payment_plan"":""Upfront cash in full"",""home_features"":[""Balconies & Terraces"",""Sea Views"",""Privacy""],""property_type"":""Beach Villa"",""social_status"":""Married"",""timing_to_buy"":""2028 – 2029"",""managed_rental"":""Depends on return"",""no_of_children"":""1"",""primary_reason"":""Investment"",""exterior_colour"":[""Blue"",""Sage""],""has_second_home"":""Family-owned"",""sport_amenities"":[""Tennis"",""Water sports"",""Padel""],""premium_features"":[""Installed Kitchen"",""Kitchen Appliances"",""Private Pool""],""community_mobility"":[""Private Buggy"",""Personal Car"",""Cycling""],""staff_accommodation"":""A maid's room"",""additional_amenities"":[""Spa & Gym"",""Ladies Facilities"",""Beach Club"",""Retail"",""Children's Club""],""travel_to_destination"":""Car""}",Upfront cash in full,Car,"[""Private Buggy"",""Personal Car"",""Cycling""]"
39cab6ef-5a15-44d9-8d02-2ea1bdc5e9d4,2026-09-09 13:09:01.291248+00,,25–34,United Kingdom,Married,1,Self-owned,2026 – 2027,Investment,Apartment,2BR,700k–1.5M SAR,"[""Outdoor Space"",""Sea Views"",""Balconies & Terraces""]",,"[""Installed Kitchen"",""Kitchen Appliances"",""Built-in Wardrobes""]","[""Rose""]","[""Padel"",""Water sports"",""Basketball""]","[""Children's Club"",""Spa & Gym"",""Beach Club"",""Restaurants"",""Cafes"",""Picnic Areas""]",Yes,"{""age"":""25–34"",""unit_size"":""2BR"",""nationality"":""United Kingdom"",""price_range"":""700k–1.5M SAR"",""payment_plan"":""5+ yrs"",""home_features"":[""Outdoor Space"",""Sea Views"",""Balconies & Terraces""],""property_type"":""Apartment"",""social_status"":""Married"",""timing_to_buy"":""2026 – 2027"",""managed_rental"":""Yes"",""no_of_children"":""1"",""primary_reason"":""Investment"",""exterior_colour"":[""Rose""],""has_second_home"":""Self-owned"",""sport_amenities"":[""Padel"",""Water sports"",""Basketball""],""premium_features"":[""Installed Kitchen"",""Kitchen Appliances"",""Built-in Wardrobes""],""community_mobility"":[""Cycling"",""Walking""],""staff_accommodation"":null,""additional_amenities"":[""Children's Club"",""Spa & Gym"",""Beach Club"",""Restaurants"",""Cafes"",""Picnic Areas""],""travel_to_destination"":""Car""}",5+ yrs,Car,"[""Cycling"",""Walking""]"
39dd3a74-e0f1-4ef4-955f-e250b7fce1c5,2026-09-09 14:20:29.65418+00,,35–44,Saudi Arabia,Married,1,No,2030 onwards,Both,Beach Villa,5BR+,1.5M–3M SAR,"[""Outdoor Space"",""Balconies & Terraces"",""Sea Views""]",Both,"[""Installed Kitchen"",""Built-in Wardrobes"",""Kitchen Appliances"",""Private Pool""]","[""Blue""]","[""Basketball"",""Football"",""Water sports""]","[""Spa & Gym"",""Children's Club"",""Restaurants"",""Beach Club"",""Social Lounge"",""Ladies Facilities"",""Picnic Areas""]",Depends on return,"{""age"":""35–44"",""unit_size"":""5BR+"",""nationality"":""Saudi Arabia"",""price_range"":""1.5M–3M SAR"",""payment_plan"":""5+ yrs"",""home_features"":[""Outdoor Space"",""Balconies & Terraces"",""Sea Views""],""property_type"":""Beach Villa"",""social_status"":""Married"",""timing_to_buy"":""2030 onwards"",""managed_rental"":""Depends on return"",""no_of_children"":""1"",""primary_reason"":""Both"",""exterior_colour"":[""Blue""],""has_second_home"":""No"",""sport_amenities"":[""Basketball"",""Football"",""Water sports""],""premium_features"":[""Installed Kitchen"",""Built-in Wardrobes"",""Kitchen Appliances"",""Private Pool""],""community_mobility"":[""Private Buggy""],""staff_accommodation"":""Both"",""additional_amenities"":[""Spa & Gym"",""Children's Club"",""Restaurants"",""Beach Club"",""Social Lounge"",""Ladies Facilities"",""Picnic Areas""],""travel_to_destination"":""Air""}",5+ yrs,Air,"[""Private Buggy""]"
39e4e6fa-8a74-4e34-9928-e1851146c996,2026-09-09 14:10:34.613274+00,,25–34,Saudi Arabia,Married,1,No,2030 onwards,Family holidays,Beach Villa,2BR,700k–1.5M SAR,"[""Outdoor Space"",""Sea Views"",""Privacy""]",A maid's room,"[""Private Pool""]","[""Sand""]","[""Water sports"",""Padel""]","[""Ladies Facilities"",""Picnic Areas"",""Restaurants"",""Cafes""]",Depends on return,"{""age"":""25–34"",""unit_size"":""2BR"",""nationality"":""Saudi Arabia"",""price_range"":""700k–1.5M SAR"",""payment_plan"":""5+ yrs"",""home_features"":[""Outdoor Space"",""Sea Views"",""Privacy""],""property_type"":""Beach Villa"",""social_status"":""Married"",""timing_to_buy"":""2030 onwards"",""managed_rental"":""Depends on return"",""no_of_children"":""1"",""primary_reason"":""Family holidays"",""exterior_colour"":[""Sand""],""has_second_home"":""No"",""sport_amenities"":[""Water sports"",""Padel""],""premium_features"":[""Private Pool""],""community_mobility"":[""Cycling"",""Private Buggy"",""Walking""],""staff_accommodation"":""A maid's room"",""additional_amenities"":[""Ladies Facilities"",""Picnic Areas"",""Restaurants"",""Cafes""],""travel_to_destination"":""Air""}",5+ yrs,Air,"[""Cycling"",""Private Buggy"",""Walking""]"
3a1b7c99-160a-471c-a781-806bf781191c,2026-09-09 13:11:42.751694+00,,35–44,Saudi Arabia,Married,1,Family-owned,2028 – 2029,Both,Apartment,1BR,700k–1.5M SAR,"[""Privacy"",""Sea Views"",""Outdoor Space""]",,"[""Kitchen Appliances"",""Installed Kitchen""]","[""Sand""]","[""Water sports""]","[""Ladies Facilities"",""Cafes""]",Depends on return,"{""age"":""35–44"",""unit_size"":""1BR"",""nationality"":""Saudi Arabia"",""price_range"":""700k–1.5M SAR"",""payment_plan"":""5+ yrs"",""home_features"":[""Privacy"",""Sea Views"",""Outdoor Space""],""property_type"":""Apartment"",""social_status"":""Married"",""timing_to_buy"":""2028 – 2029"",""managed_rental"":""Depends on return"",""no_of_children"":""1"",""primary_reason"":""Both"",""exterior_colour"":[""Sand""],""has_second_home"":""Family-owned"",""sport_amenities"":[""Water sports""],""premium_features"":[""Kitchen Appliances"",""Installed Kitchen""],""community_mobility"":[""Private Buggy""],""staff_accommodation"":null,""additional_amenities"":[""Ladies Facilities"",""Cafes""],""travel_to_destination"":""Car""}",5+ yrs,Car,"[""Private Buggy""]"
3a7afdb0-3b1c-4ee6-b331-f8fd01b7ef81,2026-09-09 15:36:58.4394+00,,25–34,Saudi Arabia,Married,2,Family-owned,2028 – 2029,Both,Villa,3BR,700k–1.5M SAR,"[""Outdoor Space"",""Sea Views"",""Privacy""]",Not required,"[""Installed Kitchen"",""Kitchen Appliances"",""Built-in Wardrobes"",""Private Pool""]","[""Sand""]","[""Water sports"",""Volleyball"",""Padel""]","[""Spa & Gym"",""Children's Club""]",No,"{""age"":""25–34"",""unit_size"":""3BR"",""nationality"":""Saudi Arabia"",""price_range"":""700k–1.5M SAR"",""payment_plan"":""5+ yrs"",""home_features"":[""Outdoor Space"",""Sea Views"",""Privacy""],""property_type"":""Villa"",""social_status"":""Married"",""timing_to_buy"":""2028 – 2029"",""managed_rental"":""No"",""no_of_children"":""2"",""primary_reason"":""Both"",""exterior_colour"":[""Sand""],""has_second_home"":""Family-owned"",""sport_amenities"":[""Water sports"",""Volleyball"",""Padel""],""premium_features"":[""Installed Kitchen"",""Kitchen Appliances"",""Built-in Wardrobes"",""Private Pool""],""community_mobility"":[""Walking""],""staff_accommodation"":""Not required"",""additional_amenities"":[""Spa & Gym"",""Children's Club""],""travel_to_destination"":""Car""}",5+ yrs,Car,"[""Walking""]"
3aa412ae-2259-42a9-89f4-b9e7ccd6263d,2026-09-09 13:07:21.615185+00,,35–44,Saudi Arabia,Married,1,No,2026 – 2027,Both,Apartment,2BR,700k–1.5M SAR,"[""Outdoor Space""]",,"[""Private Pool""]","[""Sage""]","[""Padel""]","[""Spa & Gym"",""Ladies Facilities"",""Picnic Areas"",""Restaurants""]",Depends on return,"{""age"":""35–44"",""unit_size"":""2BR"",""nationality"":""Saudi Arabia"",""price_range"":""700k–1.5M SAR"",""payment_plan"":""5+ yrs"",""home_features"":[""Outdoor Space""],""property_type"":""Apartment"",""social_status"":""Married"",""timing_to_buy"":""2026 – 2027"",""managed_rental"":""Depends on return"",""no_of_children"":""1"",""primary_reason"":""Both"",""exterior_colour"":[""Sage""],""has_second_home"":""No"",""sport_amenities"":[""Padel""],""premium_features"":[""Private Pool""],""community_mobility"":[""Shared Buggy / Community Shuttle""],""staff_accommodation"":null,""additional_amenities"":[""Spa & Gym"",""Ladies Facilities"",""Picnic Areas"",""Restaurants""],""travel_to_destination"":""Car""}",5+ yrs,Car,"[""Shared Buggy / Community Shuttle""]"
3ade8399-ad4d-410f-99f1-31c73b114b50,2026-09-09 13:15:02.614995+00,,35–44,Saudi Arabia,Married,3,No,2026 – 2027,Both,Townhouse,3BR,1.5M–3M SAR,"[""Sea Views"",""Privacy"",""Balconies & Terraces""]",Not required,"[""Installed Kitchen"",""Private Pool""]","[""Other: ."",""Sand""]","[""Water sports"",""Padel"",""Football""]","[""Children's Club""]",Depends on fees & flexibility,"{""age"":""35–44"",""unit_size"":""3BR"",""nationality"":""Saudi Arabia"",""price_range"":""1.5M–3M SAR"",""payment_plan"":""5+ yrs"",""home_features"":[""Sea Views"",""Privacy"",""Balconies & Terraces""],""property_type"":""Townhouse"",""social_status"":""Married"",""timing_to_buy"":""2026 – 2027"",""managed_rental"":""Depends on fees & flexibility"",""no_of_children"":""3"",""primary_reason"":""Both"",""exterior_colour"":[""Other: ."",""Sand""],""has_second_home"":""No"",""sport_amenities"":[""Water sports"",""Padel"",""Football""],""premium_features"":[""Installed Kitchen"",""Private Pool""],""community_mobility"":[""Private Buggy""],""staff_accommodation"":""Not required"",""additional_amenities"":[""Children's Club""],""travel_to_destination"":""Car""}",5+ yrs,Car,"[""Private Buggy""]"
3aebe64a-e6a4-4e70-a853-d82edd1ea2de,2026-09-09 13:11:45.079275+00,,25–34,Saudi Arabia,Single,0,Family-owned,2030 onwards,Both,Beach Villa,4BR,1.5M–3M SAR,"[""Balconies & Terraces"",""Sea Views"",""Park Views""]",Both,"[""Installed Kitchen"",""Kitchen Appliances"",""Built-in Wardrobes""]","[""Sage"",""Sand"",""Rose"",""Blue""]","[""Other: golf""]","[""Ladies Facilities"",""Spa & Gym"",""Children's Club"",""Picnic Areas"",""Retail"",""Other: golf club""]",Depends on return,"{""age"":""25–34"",""unit_size"":""4BR"",""nationality"":""Saudi Arabia"",""price_range"":""1.5M–3M SAR"",""payment_plan"":""Upfront cash in full"",""home_features"":[""Balconies & Terraces"",""Sea Views"",""Park Views""],""property_type"":""Beach Villa"",""social_status"":""Single"",""timing_to_buy"":""2030 onwards"",""managed_rental"":""Depends on return"",""no_of_children"":""0"",""primary_reason"":""Both"",""exterior_colour"":[""Sage"",""Sand"",""Rose"",""Blue""],""has_second_home"":""Family-owned"",""sport_amenities"":[""Other: golf""],""premium_features"":[""Installed Kitchen"",""Kitchen Appliances"",""Built-in Wardrobes""],""community_mobility"":[""Cycling"",""Private Buggy"",""Shared Buggy / Community Shuttle"",""Personal Car""],""staff_accommodation"":""Both"",""additional_amenities"":[""Ladies Facilities"",""Spa & Gym"",""Children's Club"",""Picnic Areas"",""Retail"",""Other: golf club""],""travel_to_destination"":""Air""}",Upfront cash in full,Air,"[""Cycling"",""Private Buggy"",""Shared Buggy / Community Shuttle"",""Personal Car""]"
3b3fceed-e5d0-4330-bff6-b3a507e3c227,2026-09-09 13:43:43.687172+00,,25–34,Saudi Arabia,Single,0,No,2028 – 2029,Family holidays,Beach Villa,5BR+,1.5M–3M SAR,"[""Balconies & Terraces"",""Sea Views"",""Outdoor Space""]",A maid's room,"[""Built-in Wardrobes"",""Installed Kitchen"",""Private Pool""]","[""Sand""]","[""Padel"",""Tennis"",""Basketball""]","[""Spa & Gym"",""Children's Club"",""Cafes"",""Ladies Facilities"",""Beach Club""]",Yes,"{""age"":""25–34"",""unit_size"":""5BR+"",""nationality"":""Saudi Arabia"",""price_range"":""1.5M–3M SAR"",""payment_plan"":""5+ yrs"",""home_features"":[""Balconies & Terraces"",""Sea Views"",""Outdoor Space""],""property_type"":""Beach Villa"",""social_status"":""Single"",""timing_to_buy"":""2028 – 2029"",""managed_rental"":""Yes"",""no_of_children"":""0"",""primary_reason"":""Family holidays"",""exterior_colour"":[""Sand""],""has_second_home"":""No"",""sport_amenities"":[""Padel"",""Tennis"",""Basketball""],""premium_features"":[""Built-in Wardrobes"",""Installed Kitchen"",""Private Pool""],""community_mobility"":[""Walking"",""Cycling"",""Private Buggy""],""staff_accommodation"":""A maid's room"",""additional_amenities"":[""Spa & Gym"",""Children's Club"",""Cafes"",""Ladies Facilities"",""Beach Club""],""travel_to_destination"":""Air""}",5+ yrs,Air,"[""Walking"",""Cycling"",""Private Buggy""]"
3b609e93-3e98-4d91-982c-dcd851f4cb01,2026-09-09 14:02:17.850856+00,,55–64,Philippines,Married,2,No,2028 – 2029,Investment,Townhouse,2BR,700k–1.5M SAR,"[""Sea Views""]",Not required,"[""Installed Kitchen""]","[""Sage""]","[""Padel"",""Basketball"",""Tennis""]","[""Spa & Gym""]",Yes,"{""age"":""55–64"",""unit_size"":""2BR"",""nationality"":""Philippines"",""price_range"":""700k–1.5M SAR"",""payment_plan"":""3–5 years"",""home_features"":[""Sea Views""],""property_type"":""Townhouse"",""social_status"":""Married"",""timing_to_buy"":""2028 – 2029"",""managed_rental"":""Yes"",""no_of_children"":""2"",""primary_reason"":""Investment"",""exterior_colour"":[""Sage""],""has_second_home"":""No"",""sport_amenities"":[""Padel"",""Basketball"",""Tennis""],""premium_features"":[""Installed Kitchen""],""community_mobility"":[""Walking""],""staff_accommodation"":""Not required"",""additional_amenities"":[""Spa & Gym""],""travel_to_destination"":""Car""}",3–5 years,Car,"[""Walking""]"
3d0e3943-3894-486b-a8eb-e4b57a353e03,2026-09-10 08:41:17.065954+00,,25–34,Saudi Arabia,Married,4+,Family-owned,2026 – 2027,Both,Beach Villa,2BR,700k–1.5M SAR,"[""Sea Views"",""Outdoor Space"",""Privacy""]",Both,"[""Private Pool"",""Installed Kitchen""]","[""Sand""]","[""Water sports"",""Football"",""Volleyball""]","[""Spa & Gym"",""Beach Club"",""Cafes"",""Restaurants"",""Ladies Facilities"",""Children's Club"",""Social Lounge"",""Retail""]",Depends on fees & flexibility,"{""age"":""25–34"",""unit_size"":""2BR"",""nationality"":""Saudi Arabia"",""price_range"":""700k–1.5M SAR"",""payment_plan"":""5+ yrs"",""home_features"":[""Sea Views"",""Outdoor Space"",""Privacy""],""property_type"":""Beach Villa"",""social_status"":""Married"",""timing_to_buy"":""2026 – 2027"",""managed_rental"":""Depends on fees & flexibility"",""no_of_children"":""4+"",""primary_reason"":""Both"",""exterior_colour"":[""Sand""],""has_second_home"":""Family-owned"",""sport_amenities"":[""Water sports"",""Football"",""Volleyball""],""premium_features"":[""Private Pool"",""Installed Kitchen""],""community_mobility"":[""Personal Car"",""Private Buggy""],""staff_accommodation"":""Both"",""additional_amenities"":[""Spa & Gym"",""Beach Club"",""Cafes"",""Restaurants"",""Ladies Facilities"",""Children's Club"",""Social Lounge"",""Retail""],""travel_to_destination"":""Car""}",5+ yrs,Car,"[""Personal Car"",""Private Buggy""]"
3da47dbe-3bb4-4416-be4c-a2614e89c6c7,2026-09-09 13:29:29.616253+00,,25–34,Saudi Arabia,Married,2,No,2028 – 2029,Family holidays,Apartment,1BR,700k–1.5M SAR,"[""Sea Views""]",,"[""Private Pool""]","[""Sand""]","[""Water sports""]","[""Children's Club"",""Restaurants"",""Retail"",""Spa & Gym""]",No,"{""age"":""25–34"",""unit_size"":""1BR"",""nationality"":""Saudi Arabia"",""price_range"":""700k–1.5M SAR"",""payment_plan"":""5+ yrs"",""home_features"":[""Sea Views""],""property_type"":""Apartment"",""social_status"":""Married"",""timing_to_buy"":""2028 – 2029"",""managed_rental"":""No"",""no_of_children"":""2"",""primary_reason"":""Family holidays"",""exterior_colour"":[""Sand""],""has_second_home"":""No"",""sport_amenities"":[""Water sports""],""premium_features"":[""Private Pool""],""community_mobility"":[""Private Buggy""],""staff_accommodation"":null,""additional_amenities"":[""Children's Club"",""Restaurants"",""Retail"",""Spa & Gym""],""travel_to_destination"":""Air""}",5+ yrs,Air,"[""Private Buggy""]"
3dcfb83c-e105-46fa-af66-fb46b66cec96,2026-09-10 06:04:43.531194+00,,35–44,Egypt,Married,3,Family-owned,2028 – 2029,Both,Beach Villa,3BR,700k–1.5M SAR,"[""Balconies & Terraces"",""Sea Views"",""Privacy""]",A driver's room,"[""Private Pool"",""Built-in Wardrobes"",""Installed Kitchen"",""Kitchen Appliances""]","[""Rose""]","[""Football"",""Basketball"",""Water sports""]","[""Children's Club"",""Retail"",""Picnic Areas"",""Spa & Gym"",""Restaurants"",""Cafes"",""Ladies Facilities"",""Beach Club"",""Social Lounge""]",Depends on return,"{""age"":""35–44"",""unit_size"":""3BR"",""nationality"":""Egypt"",""price_range"":""700k–1.5M SAR"",""payment_plan"":""1–2 years"",""home_features"":[""Balconies & Terraces"",""Sea Views"",""Privacy""],""property_type"":""Beach Villa"",""social_status"":""Married"",""timing_to_buy"":""2028 – 2029"",""managed_rental"":""Depends on return"",""no_of_children"":""3"",""primary_reason"":""Both"",""exterior_colour"":[""Rose""],""has_second_home"":""Family-owned"",""sport_amenities"":[""Football"",""Basketball"",""Water sports""],""premium_features"":[""Private Pool"",""Built-in Wardrobes"",""Installed Kitchen"",""Kitchen Appliances""],""community_mobility"":[""Walking""],""staff_accommodation"":""A driver's room"",""additional_amenities"":[""Children's Club"",""Retail"",""Picnic Areas"",""Spa & Gym"",""Restaurants"",""Cafes"",""Ladies Facilities"",""Beach Club"",""Social Lounge""],""travel_to_destination"":""Car""}",1–2 years,Car,"[""Walking""]"
3ebb7aee-4183-42bd-96b2-f9b0063512a3,2026-09-09 13:55:26.730475+00,,35–44,Saudi Arabia,Married,2,No,2028 – 2029,Investment,Townhouse,2BR,700k–1.5M SAR,"[""Outdoor Space"",""Balconies & Terraces"",""Sea Views""]",A maid's room,"[""Private Pool"",""Installed Kitchen""]","[""Blue""]","[""Water sports""]","[""Spa & Gym"",""Children's Club"",""Social Lounge"",""Cafes"",""Restaurants"",""Retail""]",Depends on fees & flexibility,"{""age"":""35–44"",""unit_size"":""2BR"",""nationality"":""Saudi Arabia"",""price_range"":""700k–1.5M SAR"",""payment_plan"":""5+ yrs"",""home_features"":[""Outdoor Space"",""Balconies & Terraces"",""Sea Views""],""property_type"":""Townhouse"",""social_status"":""Married"",""timing_to_buy"":""2028 – 2029"",""managed_rental"":""Depends on fees & flexibility"",""no_of_children"":""2"",""primary_reason"":""Investment"",""exterior_colour"":[""Blue""],""has_second_home"":""No"",""sport_amenities"":[""Water sports""],""premium_features"":[""Private Pool"",""Installed Kitchen""],""community_mobility"":[""Cycling"",""Private Buggy"",""Personal Car""],""staff_accommodation"":""A maid's room"",""additional_amenities"":[""Spa & Gym"",""Children's Club"",""Social Lounge"",""Cafes"",""Restaurants"",""Retail""],""travel_to_destination"":""Car""}",5+ yrs,Car,"[""Cycling"",""Private Buggy"",""Personal Car""]"
3f234312-bc6e-4f5e-860e-2fa2c57a4bc2,2026-09-09 13:18:46.976999+00,,35–44,Romania,Single,0,Self-owned,2028 – 2029,Both,Beach Villa,5BR+,700k–1.5M SAR,"[""Sea Views""]",Not required,"[""Installed Kitchen"",""Private Pool"",""Built-in Wardrobes""]","[""Rose""]","[""Water sports"",""Padel""]","[""Children's Club"",""Spa & Gym""]",Yes,"{""age"":""35–44"",""unit_size"":""5BR+"",""nationality"":""Romania"",""price_range"":""700k–1.5M SAR"",""payment_plan"":""1–2 years"",""home_features"":[""Sea Views""],""property_type"":""Beach Villa"",""social_status"":""Single"",""timing_to_buy"":""2028 – 2029"",""managed_rental"":""Yes"",""no_of_children"":""0"",""primary_reason"":""Both"",""exterior_colour"":[""Rose""],""has_second_home"":""Self-owned"",""sport_amenities"":[""Water sports"",""Padel""],""premium_features"":[""Installed Kitchen"",""Private Pool"",""Built-in Wardrobes""],""community_mobility"":[""Walking""],""staff_accommodation"":""Not required"",""additional_amenities"":[""Children's Club"",""Spa & Gym""],""travel_to_destination"":""Air""}",1–2 years,Air,"[""Walking""]"
3f2d62dd-e83c-4158-b475-1f5951680818,2026-09-09 13:08:46.722941+00,,25–34,Saudi Arabia,Single,0,No,2028 – 2029,Both,Beach Villa,3BR,1.5M–3M SAR,"[""Sea Views"",""Privacy"",""Outdoor Space""]",Not required,"[""Installed Kitchen"",""Private Pool""]","[""Sage""]","[""Tennis"",""Padel"",""Water sports""]","[""Spa & Gym"",""Beach Club"",""Cafes"",""Restaurants""]",Depends on return,"{""age"":""25–34"",""unit_size"":""3BR"",""nationality"":""Saudi Arabia"",""price_range"":""1.5M–3M SAR"",""payment_plan"":""5+ yrs"",""home_features"":[""Sea Views"",""Privacy"",""Outdoor Space""],""property_type"":""Beach Villa"",""social_status"":""Single"",""timing_to_buy"":""2028 – 2029"",""managed_rental"":""Depends on return"",""no_of_children"":""0"",""primary_reason"":""Both"",""exterior_colour"":[""Sage""],""has_second_home"":""No"",""sport_amenities"":[""Tennis"",""Padel"",""Water sports""],""premium_features"":[""Installed Kitchen"",""Private Pool""],""community_mobility"":[""Walking"",""Private Buggy"",""Cycling""],""staff_accommodation"":""Not required"",""additional_amenities"":[""Spa & Gym"",""Beach Club"",""Cafes"",""Restaurants""],""travel_to_destination"":""Air""}",5+ yrs,Air,"[""Walking"",""Private Buggy"",""Cycling""]"
40be8eb2-7e79-4bcc-9675-e7b1552cbdce,2026-09-09 13:29:32.473931+00,,35–44,Lebanon,Married,0,No,2028 – 2029,Both,Beach Villa,2BR,700k–1.5M SAR,"[""Sea Views"",""Privacy"",""Outdoor Space""]",Not required,"[""Installed Kitchen""]","[""Other: Grey or of-white""]","[""Padel"",""Tennis"",""Football""]","[""Spa & Gym"",""Social Lounge"",""Beach Club"",""Restaurants"",""Cafes"",""Retail""]",Depends on return,"{""age"":""35–44"",""unit_size"":""2BR"",""nationality"":""Lebanon"",""price_range"":""700k–1.5M SAR"",""payment_plan"":""3–5 years"",""home_features"":[""Sea Views"",""Privacy"",""Outdoor Space""],""property_type"":""Beach Villa"",""social_status"":""Married"",""timing_to_buy"":""2028 – 2029"",""managed_rental"":""Depends on return"",""no_of_children"":""0"",""primary_reason"":""Both"",""exterior_colour"":[""Other: Grey or of-white""],""has_second_home"":""No"",""sport_amenities"":[""Padel"",""Tennis"",""Football""],""premium_features"":[""Installed Kitchen""],""community_mobility"":[""Walking"",""Private Buggy""],""staff_accommodation"":""Not required"",""additional_amenities"":[""Spa & Gym"",""Social Lounge"",""Beach Club"",""Restaurants"",""Cafes"",""Retail""],""travel_to_destination"":""Air""}",3–5 years,Air,"[""Walking"",""Private Buggy""]"
40d55617-ae30-405c-aa04-9e0869148e92,2026-09-09 13:23:05.960258+00,,25–34,Saudi Arabia,Single,0,No,2030 onwards,Both,No preference,2BR,700k–1.5M SAR,"[""Outdoor Space"",""Balconies & Terraces"",""Sea Views""]",Not required,"[""Installed Kitchen"",""Kitchen Appliances"",""Built-in Wardrobes"",""Private Pool""]","[""Sand""]","[""Padel"",""Tennis"",""Football""]","[""Spa & Gym"",""Children's Club"",""Social Lounge"",""Picnic Areas"",""Ladies Facilities"",""Restaurants"",""Cafes"",""Retail"",""Beach Club""]",Depends on fees & flexibility,"{""age"":""25–34"",""unit_size"":""2BR"",""nationality"":""Saudi Arabia"",""price_range"":""700k–1.5M SAR"",""payment_plan"":""5+ yrs"",""home_features"":[""Outdoor Space"",""Balconies & Terraces"",""Sea Views""],""property_type"":""No preference"",""social_status"":""Single"",""timing_to_buy"":""2030 onwards"",""managed_rental"":""Depends on fees & flexibility"",""no_of_children"":""0"",""primary_reason"":""Both"",""exterior_colour"":[""Sand""],""has_second_home"":""No"",""sport_amenities"":[""Padel"",""Tennis"",""Football""],""premium_features"":[""Installed Kitchen"",""Kitchen Appliances"",""Built-in Wardrobes"",""Private Pool""],""community_mobility"":[""Walking"",""Cycling"",""Private Buggy"",""Shared Buggy / Community Shuttle"",""Personal Car""],""staff_accommodation"":""Not required"",""additional_amenities"":[""Spa & Gym"",""Children's Club"",""Social Lounge"",""Picnic Areas"",""Ladies Facilities"",""Restaurants"",""Cafes"",""Retail"",""Beach Club""],""travel_to_destination"":""Car""}",5+ yrs,Car,"[""Walking"",""Cycling"",""Private Buggy"",""Shared Buggy / Community Shuttle"",""Personal Car""]"
40da1ee3-d30f-4f4d-b35e-5c4035a2437d,2026-09-09 14:01:44.177847+00,,35–44,Egypt,Married,3,Self-owned,2026 – 2027,Family holidays,Apartment,2BR,700k–1.5M SAR,"[""Balconies & Terraces"",""Sea Views"",""Park Views""]",,"[""Installed Kitchen"",""Kitchen Appliances"",""Private Pool""]","[""Sand""]","[""Padel"",""Volleyball"",""Basketball""]","[""Social Lounge"",""Restaurants"",""Cafes"",""Beach Club""]",Depends on return,"{""age"":""35–44"",""unit_size"":""2BR"",""nationality"":""Egypt"",""price_range"":""700k–1.5M SAR"",""payment_plan"":""1–2 years"",""home_features"":[""Balconies & Terraces"",""Sea Views"",""Park Views""],""property_type"":""Apartment"",""social_status"":""Married"",""timing_to_buy"":""2026 – 2027"",""managed_rental"":""Depends on return"",""no_of_children"":""3"",""primary_reason"":""Family holidays"",""exterior_colour"":[""Sand""],""has_second_home"":""Self-owned"",""sport_amenities"":[""Padel"",""Volleyball"",""Basketball""],""premium_features"":[""Installed Kitchen"",""Kitchen Appliances"",""Private Pool""],""community_mobility"":[""Cycling""],""staff_accommodation"":null,""additional_amenities"":[""Social Lounge"",""Restaurants"",""Cafes"",""Beach Club""],""travel_to_destination"":""Car""}",1–2 years,Car,"[""Cycling""]"
40e92fdd-da6e-4ba3-939c-d017b7e2067f,2026-09-09 13:08:53.279276+00,,25–34,Lebanon,Married,1,Family-owned,2026 – 2027,Investment,No preference,2BR,700k–1.5M SAR,"[""Balconies & Terraces"",""Privacy"",""Sea Views""]",Not required,"[""Installed Kitchen"",""Built-in Wardrobes"",""Private Pool""]","[""Blue""]","[""Football"",""Water sports"",""Tennis""]","[""Spa & Gym"",""Children's Club"",""Ladies Facilities"",""Picnic Areas"",""Restaurants"",""Social Lounge""]",Depends on fees & flexibility,"{""age"":""25–34"",""unit_size"":""2BR"",""nationality"":""Lebanon"",""price_range"":""700k–1.5M SAR"",""payment_plan"":""3–5 years"",""home_features"":[""Balconies & Terraces"",""Privacy"",""Sea Views""],""property_type"":""No preference"",""social_status"":""Married"",""timing_to_buy"":""2026 – 2027"",""managed_rental"":""Depends on fees & flexibility"",""no_of_children"":""1"",""primary_reason"":""Investment"",""exterior_colour"":[""Blue""],""has_second_home"":""Family-owned"",""sport_amenities"":[""Football"",""Water sports"",""Tennis""],""premium_features"":[""Installed Kitchen"",""Built-in Wardrobes"",""Private Pool""],""community_mobility"":[""Cycling"",""Walking""],""staff_accommodation"":""Not required"",""additional_amenities"":[""Spa & Gym"",""Children's Club"",""Ladies Facilities"",""Picnic Areas"",""Restaurants"",""Social Lounge""],""travel_to_destination"":""Car""}",3–5 years,Car,"[""Cycling"",""Walking""]"
411a4575-d3ff-4e1f-9932-43507cda4345,2026-09-12 06:48:28.860129+00,,25–34,Saudi Arabia,Married,1,No,2030 onwards,Family holidays,No preference,2BR,700k–1.5M SAR,"[""Privacy"",""Outdoor Space"",""Balconies & Terraces""]",Both,"[""Private Pool"",""Installed Kitchen""]","[""Blue""]","[""Football"",""Basketball"",""Water sports""]","[""Spa & Gym"",""Children's Club"",""Beach Club"",""Cafes"",""Restaurants"",""Ladies Facilities"",""Picnic Areas"",""Social Lounge"",""Retail""]",Depends on fees & flexibility,"{""age"":""25–34"",""unit_size"":""2BR"",""nationality"":""Saudi Arabia"",""price_range"":""700k–1.5M SAR"",""payment_plan"":""3–5 years"",""home_features"":[""Privacy"",""Outdoor Space"",""Balconies & Terraces""],""property_type"":""No preference"",""social_status"":""Married"",""timing_to_buy"":""2030 onwards"",""managed_rental"":""Depends on fees & flexibility"",""no_of_children"":""1"",""primary_reason"":""Family holidays"",""exterior_colour"":[""Blue""],""has_second_home"":""No"",""sport_amenities"":[""Football"",""Basketball"",""Water sports""],""premium_features"":[""Private Pool"",""Installed Kitchen""],""community_mobility"":[""Private Buggy"",""Personal Car"",""Shared Buggy / Community Shuttle"",""Walking"",""Cycling""],""staff_accommodation"":""Both"",""additional_amenities"":[""Spa & Gym"",""Children's Club"",""Beach Club"",""Cafes"",""Restaurants"",""Ladies Facilities"",""Picnic Areas"",""Social Lounge"",""Retail""],""travel_to_destination"":""Car""}",3–5 years,Car,"[""Private Buggy"",""Personal Car"",""Shared Buggy / Community Shuttle"",""Walking"",""Cycling""]"
41394cd3-d25f-44cd-8f90-2e00ce9e8765,2026-09-09 15:03:10.301433+00,,35–44,Jordan,Married,2,No,2030 onwards,Investment,No preference,1BR,700k–1.5M SAR,"[""Balconies & Terraces"",""Sea Views"",""Privacy""]",Not required,"[""Private Pool"",""Installed Kitchen"",""Built-in Wardrobes""]","[""Sand"",""Blue""]","[""Water sports"",""Football"",""Basketball""]","[""Spa & Gym"",""Children's Club"",""Beach Club"",""Ladies Facilities"",""Cafes"",""Retail"",""Restaurants""]",Depends on return,"{""age"":""35–44"",""unit_size"":""1BR"",""nationality"":""Jordan"",""price_range"":""700k–1.5M SAR"",""payment_plan"":""5+ yrs"",""home_features"":[""Balconies & Terraces"",""Sea Views"",""Privacy""],""property_type"":""No preference"",""social_status"":""Married"",""timing_to_buy"":""2030 onwards"",""managed_rental"":""Depends on return"",""no_of_children"":""2"",""primary_reason"":""Investment"",""exterior_colour"":[""Sand"",""Blue""],""has_second_home"":""No"",""sport_amenities"":[""Water sports"",""Football"",""Basketball""],""premium_features"":[""Private Pool"",""Installed Kitchen"",""Built-in Wardrobes""],""community_mobility"":[""Walking"",""Private Buggy""],""staff_accommodation"":""Not required"",""additional_amenities"":[""Spa & Gym"",""Children's Club"",""Beach Club"",""Ladies Facilities"",""Cafes"",""Retail"",""Restaurants""],""travel_to_destination"":""Car""}",5+ yrs,Car,"[""Walking"",""Private Buggy""]"
415806a1-81cd-4b6a-b4c9-532173d07d55,2026-09-09 13:17:01.843596+00,,35–44,Pakistan,Married,3,Self-owned,2028 – 2029,Both,Townhouse,4BR,1.5M–3M SAR,"[""Privacy"",""Sea Views"",""Balconies & Terraces""]",A maid's room,"[""Installed Kitchen"",""Kitchen Appliances"",""Built-in Wardrobes"",""Private Pool""]","[""Sand""]","[""Padel"",""Tennis"",""Football""]","[""Spa & Gym"",""Children's Club"",""Picnic Areas"",""Beach Club"",""Cafes"",""Restaurants""]",No,"{""age"":""35–44"",""unit_size"":""4BR"",""nationality"":""Pakistan"",""price_range"":""1.5M–3M SAR"",""payment_plan"":""5+ yrs"",""home_features"":[""Privacy"",""Sea Views"",""Balconies & Terraces""],""property_type"":""Townhouse"",""social_status"":""Married"",""timing_to_buy"":""2028 – 2029"",""managed_rental"":""No"",""no_of_children"":""3"",""primary_reason"":""Both"",""exterior_colour"":[""Sand""],""has_second_home"":""Self-owned"",""sport_amenities"":[""Padel"",""Tennis"",""Football""],""premium_features"":[""Installed Kitchen"",""Kitchen Appliances"",""Built-in Wardrobes"",""Private Pool""],""community_mobility"":[""Walking""],""staff_accommodation"":""A maid's room"",""additional_amenities"":[""Spa & Gym"",""Children's Club"",""Picnic Areas"",""Beach Club"",""Cafes"",""Restaurants""],""travel_to_destination"":""Air""}",5+ yrs,Air,"[""Walking""]"
41b179d0-57f2-46f8-9897-87a1b701946f,2026-09-09 13:19:01.267995+00,,35–44,India,Married,2,Self-owned,2030 onwards,Both,Beach Villa,3BR,700k–1.5M SAR,"[""Sea Views"",""Balconies & Terraces"",""Privacy""]",Not required,"[""Private Pool"",""Built-in Wardrobes"",""Installed Kitchen""]","[""Sage"",""Sand""]","[""Tennis"",""Football"",""Water sports""]","[""Spa & Gym"",""Children's Club"",""Ladies Facilities"",""Restaurants"",""Cafes"",""Beach Club"",""Retail"",""Social Lounge"",""Picnic Areas""]",Depends on fees & flexibility,"{""age"":""35–44"",""unit_size"":""3BR"",""nationality"":""India"",""price_range"":""700k–1.5M SAR"",""payment_plan"":""5+ yrs"",""home_features"":[""Sea Views"",""Balconies & Terraces"",""Privacy""],""property_type"":""Beach Villa"",""social_status"":""Married"",""timing_to_buy"":""2030 onwards"",""managed_rental"":""Depends on fees & flexibility"",""no_of_children"":""2"",""primary_reason"":""Both"",""exterior_colour"":[""Sage"",""Sand""],""has_second_home"":""Self-owned"",""sport_amenities"":[""Tennis"",""Football"",""Water sports""],""premium_features"":[""Private Pool"",""Built-in Wardrobes"",""Installed Kitchen""],""community_mobility"":[""Walking"",""Shared Buggy / Community Shuttle""],""staff_accommodation"":""Not required"",""additional_amenities"":[""Spa & Gym"",""Children's Club"",""Ladies Facilities"",""Restaurants"",""Cafes"",""Beach Club"",""Retail"",""Social Lounge"",""Picnic Areas""],""travel_to_destination"":""Air""}",5+ yrs,Air,"[""Walking"",""Shared Buggy / Community Shuttle""]"
42341b16-5f63-4e47-9053-e7d37c3c69ea,2026-09-09 13:16:39.960942+00,,45–54,United Kingdom,Married,4+,No,2026 – 2027,Both,Beach Villa,2BR,1.5M–3M SAR,"[""Sea Views"",""Balconies & Terraces"",""Privacy""]",Not required,"[""Built-in Wardrobes"",""Installed Kitchen"",""Kitchen Appliances"",""Private Pool""]","[""Sand""]","[""Padel"",""Water sports""]","[""Spa & Gym"",""Beach Club"",""Restaurants"",""Cafes""]",Depends on return,"{""age"":""45–54"",""unit_size"":""2BR"",""nationality"":""United Kingdom"",""price_range"":""1.5M–3M SAR"",""payment_plan"":""3–5 years"",""home_features"":[""Sea Views"",""Balconies & Terraces"",""Privacy""],""property_type"":""Beach Villa"",""social_status"":""Married"",""timing_to_buy"":""2026 – 2027"",""managed_rental"":""Depends on return"",""no_of_children"":""4+"",""primary_reason"":""Both"",""exterior_colour"":[""Sand""],""has_second_home"":""No"",""sport_amenities"":[""Padel"",""Water sports""],""premium_features"":[""Built-in Wardrobes"",""Installed Kitchen"",""Kitchen Appliances"",""Private Pool""],""community_mobility"":[""Cycling""],""staff_accommodation"":""Not required"",""additional_amenities"":[""Spa & Gym"",""Beach Club"",""Restaurants"",""Cafes""],""travel_to_destination"":""Air""}",3–5 years,Air,"[""Cycling""]"
42454abf-6f34-46df-9abc-cbaa22deebd8,2026-09-13 07:37:11.308014+00,,35–44,Egypt,Married,2,No,2026 – 2027,Both,Townhouse,3BR,700k–1.5M SAR,"[""Outdoor Space"",""Balconies & Terraces"",""Park Views""]",Not required,"[""Installed Kitchen"",""Built-in Wardrobes""]","[""Sage""]","[""Padel"",""Water sports"",""Football""]","[""Picnic Areas"",""Spa & Gym"",""Social Lounge""]",Depends on return,"{""age"":""35–44"",""unit_size"":""3BR"",""nationality"":""Egypt"",""price_range"":""700k–1.5M SAR"",""payment_plan"":""1–2 years"",""home_features"":[""Outdoor Space"",""Balconies & Terraces"",""Park Views""],""property_type"":""Townhouse"",""social_status"":""Married"",""timing_to_buy"":""2026 – 2027"",""managed_rental"":""Depends on return"",""no_of_children"":""2"",""primary_reason"":""Both"",""exterior_colour"":[""Sage""],""has_second_home"":""No"",""sport_amenities"":[""Padel"",""Water sports"",""Football""],""premium_features"":[""Installed Kitchen"",""Built-in Wardrobes""],""community_mobility"":[""Walking"",""Cycling""],""staff_accommodation"":""Not required"",""additional_amenities"":[""Picnic Areas"",""Spa & Gym"",""Social Lounge""],""travel_to_destination"":""Car""}",1–2 years,Car,"[""Walking"",""Cycling""]"
4296d4b0-9fbc-4cd7-bd4d-e4a9c8126bfb,2026-09-13 12:12:54.662559+00,,25–34,Saudi Arabia,Married,3,Self-owned,2028 – 2029,Both,Townhouse,3BR,700k–1.5M SAR,"[""Sea Views""]",Not required,"[""Installed Kitchen""]","[""Blue""]","[""Football""]","[""Children's Club""]",Depends on fees & flexibility,"{""age"":""25–34"",""unit_size"":""3BR"",""nationality"":""Saudi Arabia"",""price_range"":""700k–1.5M SAR"",""payment_plan"":""5+ yrs"",""home_features"":[""Sea Views""],""property_type"":""Townhouse"",""social_status"":""Married"",""timing_to_buy"":""2028 – 2029"",""managed_rental"":""Depends on fees & flexibility"",""no_of_children"":""3"",""primary_reason"":""Both"",""exterior_colour"":[""Blue""],""has_second_home"":""Self-owned"",""sport_amenities"":[""Football""],""premium_features"":[""Installed Kitchen""],""community_mobility"":[""Walking"",""Cycling""],""staff_accommodation"":""Not required"",""additional_amenities"":[""Children's Club""],""travel_to_destination"":""Car""}",5+ yrs,Car,"[""Walking"",""Cycling""]"
42b8d9e8-dfe8-4c96-a1ab-bacb98b7a1e9,2026-09-10 06:26:03.930804+00,,35–44,South Africa,Married,2,Self-owned,2028 – 2029,Family holidays,Apartment,2BR,700k–1.5M SAR,"[""Outdoor Space"",""Privacy"",""Balconies & Terraces""]",,"[""Installed Kitchen"",""Kitchen Appliances"",""Built-in Wardrobes""]","[""Sand""]","[""Football"",""Tennis"",""Water sports""]","[""Picnic Areas"",""Social Lounge"",""Retail"",""Restaurants""]",Depends on fees & flexibility,"{""age"":""35–44"",""unit_size"":""2BR"",""nationality"":""South Africa"",""price_range"":""700k–1.5M SAR"",""payment_plan"":""1–2 years"",""home_features"":[""Outdoor Space"",""Privacy"",""Balconies & Terraces""],""property_type"":""Apartment"",""social_status"":""Married"",""timing_to_buy"":""2028 – 2029"",""managed_rental"":""Depends on fees & flexibility"",""no_of_children"":""2"",""primary_reason"":""Family holidays"",""exterior_colour"":[""Sand""],""has_second_home"":""Self-owned"",""sport_amenities"":[""Football"",""Tennis"",""Water sports""],""premium_features"":[""Installed Kitchen"",""Kitchen Appliances"",""Built-in Wardrobes""],""community_mobility"":[""Walking"",""Shared Buggy / Community Shuttle"",""Personal Car""],""staff_accommodation"":null,""additional_amenities"":[""Picnic Areas"",""Social Lounge"",""Retail"",""Restaurants""],""travel_to_destination"":""Air""}",1–2 years,Air,"[""Walking"",""Shared Buggy / Community Shuttle"",""Personal Car""]"
43d11194-5585-4d97-ba27-ea51adde638e,2026-09-10 06:42:28.976917+00,,35–44,Jordan,Single,1,No,2028 – 2029,Investment,Townhouse,2BR,700k–1.5M SAR,"[""Outdoor Space"",""Balconies & Terraces"",""Park Views""]",A maid's room,"[""Built-in Wardrobes"",""Installed Kitchen"",""Kitchen Appliances""]","[""Sage"",""Blue""]","[""Basketball"",""Padel""]","[""Spa & Gym"",""Children's Club"",""Beach Club"",""Cafes""]",Depends on return,"{""age"":""35–44"",""unit_size"":""2BR"",""nationality"":""Jordan"",""price_range"":""700k–1.5M SAR"",""payment_plan"":""5+ yrs"",""home_features"":[""Outdoor Space"",""Balconies & Terraces"",""Park Views""],""property_type"":""Townhouse"",""social_status"":""Single"",""timing_to_buy"":""2028 – 2029"",""managed_rental"":""Depends on return"",""no_of_children"":""1"",""primary_reason"":""Investment"",""exterior_colour"":[""Sage"",""Blue""],""has_second_home"":""No"",""sport_amenities"":[""Basketball"",""Padel""],""premium_features"":[""Built-in Wardrobes"",""Installed Kitchen"",""Kitchen Appliances""],""community_mobility"":[""Walking"",""Cycling""],""staff_accommodation"":""A maid's room"",""additional_amenities"":[""Spa & Gym"",""Children's Club"",""Beach Club"",""Cafes""],""travel_to_destination"":""Car""}",5+ yrs,Car,"[""Walking"",""Cycling""]"
4419382f-e5c6-4f39-9ebd-acaa2aad00a7,2026-09-09 13:17:22.224562+00,,35–44,Saudi Arabia,Married,3,Self-owned,2030 onwards,Both,Beach Villa,3BR,700k–1.5M SAR,"[""Sea Views"",""Balconies & Terraces"",""Privacy""]",Not required,"[""Installed Kitchen"",""Kitchen Appliances"",""Built-in Wardrobes""]","[""Sand"",""Blue""]","[""Water sports"",""Volleyball"",""Football""]","[""Spa & Gym"",""Children's Club"",""Social Lounge"",""Ladies Facilities"",""Beach Club"",""Restaurants""]",Depends on return,"{""age"":""35–44"",""unit_size"":""3BR"",""nationality"":""Saudi Arabia"",""price_range"":""700k–1.5M SAR"",""payment_plan"":""5+ yrs"",""home_features"":[""Sea Views"",""Balconies & Terraces"",""Privacy""],""property_type"":""Beach Villa"",""social_status"":""Married"",""timing_to_buy"":""2030 onwards"",""managed_rental"":""Depends on return"",""no_of_children"":""3"",""primary_reason"":""Both"",""exterior_colour"":[""Sand"",""Blue""],""has_second_home"":""Self-owned"",""sport_amenities"":[""Water sports"",""Volleyball"",""Football""],""premium_features"":[""Installed Kitchen"",""Kitchen Appliances"",""Built-in Wardrobes""],""community_mobility"":[""Walking"",""Cycling""],""staff_accommodation"":""Not required"",""additional_amenities"":[""Spa & Gym"",""Children's Club"",""Social Lounge"",""Ladies Facilities"",""Beach Club"",""Restaurants""],""travel_to_destination"":""Car""}",5+ yrs,Car,"[""Walking"",""Cycling""]"
44c353f1-a79b-4835-8b5f-3bcf4998916a,2026-09-09 13:45:31.347459+00,,45–54,India,Married,3,No,2030 onwards,Both,Villa,4BR,700k–1.5M SAR,"[""Outdoor Space"",""Balconies & Terraces"",""Sea Views""]",Not required,"[""Private Pool""]","[""Sage"",""Sand"",""Blue""]","[""Football"",""Water sports"",""Padel""]","[""Spa & Gym"",""Children's Club"",""Beach Club"",""Picnic Areas"",""Restaurants"",""Cafes"",""Retail""]",Depends on fees & flexibility,"{""age"":""45–54"",""unit_size"":""4BR"",""nationality"":""India"",""price_range"":""700k–1.5M SAR"",""payment_plan"":""3–5 years"",""home_features"":[""Outdoor Space"",""Balconies & Terraces"",""Sea Views""],""property_type"":""Villa"",""social_status"":""Married"",""timing_to_buy"":""2030 onwards"",""managed_rental"":""Depends on fees & flexibility"",""no_of_children"":""3"",""primary_reason"":""Both"",""exterior_colour"":[""Sage"",""Sand"",""Blue""],""has_second_home"":""No"",""sport_amenities"":[""Football"",""Water sports"",""Padel""],""premium_features"":[""Private Pool""],""community_mobility"":[""Walking"",""Personal Car"",""Shared Buggy / Community Shuttle"",""Cycling""],""staff_accommodation"":""Not required"",""additional_amenities"":[""Spa & Gym"",""Children's Club"",""Beach Club"",""Picnic Areas"",""Restaurants"",""Cafes"",""Retail""],""travel_to_destination"":""Car""}",3–5 years,Car,"[""Walking"",""Personal Car"",""Shared Buggy / Community Shuttle"",""Cycling""]"
45aba38f-1df9-48ee-9984-22797ffd9e2f,2026-09-10 08:58:41.219571+00,,35–44,Philippines,Married,1,Self-owned,2028 – 2029,Investment,Apartment,1BR,700k–1.5M SAR,"[""Balconies & Terraces"",""Park Views"",""Privacy""]",,"[""Built-in Wardrobes""]","[""Rose""]","[""Padel""]","[""Spa & Gym"",""Social Lounge"",""Ladies Facilities"",""Picnic Areas"",""Restaurants"",""Cafes"",""Retail""]",Yes,"{""age"":""35–44"",""unit_size"":""1BR"",""nationality"":""Philippines"",""price_range"":""700k–1.5M SAR"",""payment_plan"":""5+ yrs"",""home_features"":[""Balconies & Terraces"",""Park Views"",""Privacy""],""property_type"":""Apartment"",""social_status"":""Married"",""timing_to_buy"":""2028 – 2029"",""managed_rental"":""Yes"",""no_of_children"":""1"",""primary_reason"":""Investment"",""exterior_colour"":[""Rose""],""has_second_home"":""Self-owned"",""sport_amenities"":[""Padel""],""premium_features"":[""Built-in Wardrobes""],""community_mobility"":[""Walking""],""staff_accommodation"":null,""additional_amenities"":[""Spa & Gym"",""Social Lounge"",""Ladies Facilities"",""Picnic Areas"",""Restaurants"",""Cafes"",""Retail""],""travel_to_destination"":""Car""}",5+ yrs,Car,"[""Walking""]"
46010a1b-1b1c-4f18-a239-0e540edb80a6,2026-09-10 06:50:25.950429+00,,35–44,Greece,Married,1,Family-owned,2028 – 2029,Both,Townhouse,2BR,700k–1.5M SAR,"[""Privacy"",""Outdoor Space"",""Balconies & Terraces""]",A maid's room,"[""Built-in Wardrobes""]","[""Other: white""]","[""Other: cycling""]","[""Spa & Gym"",""Beach Club"",""Restaurants"",""Cafes"",""Retail"",""Children's Club""]",Depends on return,"{""age"":""35–44"",""unit_size"":""2BR"",""nationality"":""Greece"",""price_range"":""700k–1.5M SAR"",""payment_plan"":""5+ yrs"",""home_features"":[""Privacy"",""Outdoor Space"",""Balconies & Terraces""],""property_type"":""Townhouse"",""social_status"":""Married"",""timing_to_buy"":""2028 – 2029"",""managed_rental"":""Depends on return"",""no_of_children"":""1"",""primary_reason"":""Both"",""exterior_colour"":[""Other: white""],""has_second_home"":""Family-owned"",""sport_amenities"":[""Other: cycling""],""premium_features"":[""Built-in Wardrobes""],""community_mobility"":[""Walking""],""staff_accommodation"":""A maid's room"",""additional_amenities"":[""Spa & Gym"",""Beach Club"",""Restaurants"",""Cafes"",""Retail"",""Children's Club""],""travel_to_destination"":""Car""}",5+ yrs,Car,"[""Walking""]"
46123449-3279-4c1e-af13-872595e74c0b,2026-09-10 05:58:00.3816+00,,35–44,United Kingdom,Married,1,No,2030 onwards,Both,Townhouse,3BR,1.5M–3M SAR,"[""Sea Views"",""Outdoor Space"",""Privacy""]",Not required,"[""Private Pool""]","[""Sand""]","[""Padel"",""Football"",""Water sports""]","[""Spa & Gym"",""Social Lounge"",""Beach Club"",""Cafes"",""Restaurants"",""Retail"",""Picnic Areas"",""Children's Club""]",Depends on fees & flexibility,"{""age"":""35–44"",""unit_size"":""3BR"",""nationality"":""United Kingdom"",""price_range"":""1.5M–3M SAR"",""payment_plan"":""5+ yrs"",""home_features"":[""Sea Views"",""Outdoor Space"",""Privacy""],""property_type"":""Townhouse"",""social_status"":""Married"",""timing_to_buy"":""2030 onwards"",""managed_rental"":""Depends on fees & flexibility"",""no_of_children"":""1"",""primary_reason"":""Both"",""exterior_colour"":[""Sand""],""has_second_home"":""No"",""sport_amenities"":[""Padel"",""Football"",""Water sports""],""premium_features"":[""Private Pool""],""community_mobility"":[""Walking"",""Shared Buggy / Community Shuttle"",""Private Buggy""],""staff_accommodation"":""Not required"",""additional_amenities"":[""Spa & Gym"",""Social Lounge"",""Beach Club"",""Cafes"",""Restaurants"",""Retail"",""Picnic Areas"",""Children's Club""],""travel_to_destination"":""Air""}",5+ yrs,Air,"[""Walking"",""Shared Buggy / Community Shuttle"",""Private Buggy""]"
464d8359-2bf6-47ba-b610-0c80fea9a50e,2026-09-13 06:36:54.871502+00,,35–44,Philippines,Married,1,Family-owned,2028 – 2029,Both,Apartment,1BR,700k–1.5M SAR,"[""Balconies & Terraces""]",,"[""Private Pool""]","[""Sand""]","[""Tennis"",""Basketball"",""Water sports""]","[""Spa & Gym"",""Children's Club"",""Ladies Facilities"",""Retail"",""Restaurants"",""Cafes"",""Picnic Areas"",""Beach Club""]",Yes,"{""age"":""35–44"",""unit_size"":""1BR"",""nationality"":""Philippines"",""price_range"":""700k–1.5M SAR"",""payment_plan"":""3–5 years"",""home_features"":[""Balconies & Terraces""],""property_type"":""Apartment"",""social_status"":""Married"",""timing_to_buy"":""2028 – 2029"",""managed_rental"":""Yes"",""no_of_children"":""1"",""primary_reason"":""Both"",""exterior_colour"":[""Sand""],""has_second_home"":""Family-owned"",""sport_amenities"":[""Tennis"",""Basketball"",""Water sports""],""premium_features"":[""Private Pool""],""community_mobility"":[""Walking"",""Cycling"",""Private Buggy""],""staff_accommodation"":null,""additional_amenities"":[""Spa & Gym"",""Children's Club"",""Ladies Facilities"",""Retail"",""Restaurants"",""Cafes"",""Picnic Areas"",""Beach Club""],""travel_to_destination"":""Car""}",3–5 years,Car,"[""Walking"",""Cycling"",""Private Buggy""]"
471b3fd3-7ee3-42e8-a1a6-d5d1cb4d87b3,2026-09-10 10:17:10.287098+00,,55–64,United Kingdom,Married,3,No,2030 onwards,Family holidays,Apartment,Studio,700k–1.5M SAR,"[""Sea Views"",""Balconies & Terraces"",""Privacy""]",,"[""Private Pool""]","[""Sand""]","[""Padel""]","[""Spa & Gym"",""Restaurants"",""Retail"",""Cafes""]",No,"{""age"":""55–64"",""unit_size"":""Studio"",""nationality"":""United Kingdom"",""price_range"":""700k–1.5M SAR"",""payment_plan"":""5+ yrs"",""home_features"":[""Sea Views"",""Balconies & Terraces"",""Privacy""],""property_type"":""Apartment"",""social_status"":""Married"",""timing_to_buy"":""2030 onwards"",""managed_rental"":""No"",""no_of_children"":""3"",""primary_reason"":""Family holidays"",""exterior_colour"":[""Sand""],""has_second_home"":""No"",""sport_amenities"":[""Padel""],""premium_features"":[""Private Pool""],""community_mobility"":[""Walking""],""staff_accommodation"":null,""additional_amenities"":[""Spa & Gym"",""Restaurants"",""Retail"",""Cafes""],""travel_to_destination"":""Air""}",5+ yrs,Air,"[""Walking""]"
48442654-935e-48fe-874f-08511c5afb36,2026-09-09 13:37:07.612157+00,,25–34,Spain,Single,0,No,2030 onwards,Investment,Beach Villa,2BR,700k–1.5M SAR,"[""Sea Views"",""Balconies & Terraces"",""Outdoor Space""]",Not required,"[""Private Pool""]","[""Blue"",""Sand""]","[""Padel"",""Football"",""Water sports""]","[""Spa & Gym"",""Beach Club"",""Restaurants"",""Social Lounge""]",No,"{""age"":""25–34"",""unit_size"":""2BR"",""nationality"":""Spain"",""price_range"":""700k–1.5M SAR"",""payment_plan"":""3–5 years"",""home_features"":[""Sea Views"",""Balconies & Terraces"",""Outdoor Space""],""property_type"":""Beach Villa"",""social_status"":""Single"",""timing_to_buy"":""2030 onwards"",""managed_rental"":""No"",""no_of_children"":""0"",""primary_reason"":""Investment"",""exterior_colour"":[""Blue"",""Sand""],""has_second_home"":""No"",""sport_amenities"":[""Padel"",""Football"",""Water sports""],""premium_features"":[""Private Pool""],""community_mobility"":[""Walking""],""staff_accommodation"":""Not required"",""additional_amenities"":[""Spa & Gym"",""Beach Club"",""Restaurants"",""Social Lounge""],""travel_to_destination"":""Air""}",3–5 years,Air,"[""Walking""]"
48c9ab5c-7670-494d-9b83-0da5351457a6,2026-09-09 14:50:30.350097+00,,35–44,South Africa,Married,1,No,2026 – 2027,Both,Townhouse,2BR,700k–1.5M SAR,"[""Outdoor Space"",""Sea Views"",""Privacy""]",A maid's room,"[""Kitchen Appliances""]","[""Sage""]","[""Padel"",""Tennis"",""Football""]","[""Spa & Gym"",""Beach Club"",""Ladies Facilities"",""Restaurants"",""Cafes"",""Retail"",""Picnic Areas""]",Yes,"{""age"":""35–44"",""unit_size"":""2BR"",""nationality"":""South Africa"",""price_range"":""700k–1.5M SAR"",""payment_plan"":""5+ yrs"",""home_features"":[""Outdoor Space"",""Sea Views"",""Privacy""],""property_type"":""Townhouse"",""social_status"":""Married"",""timing_to_buy"":""2026 – 2027"",""managed_rental"":""Yes"",""no_of_children"":""1"",""primary_reason"":""Both"",""exterior_colour"":[""Sage""],""has_second_home"":""No"",""sport_amenities"":[""Padel"",""Tennis"",""Football""],""premium_features"":[""Kitchen Appliances""],""community_mobility"":[""Walking"",""Cycling""],""staff_accommodation"":""A maid's room"",""additional_amenities"":[""Spa & Gym"",""Beach Club"",""Ladies Facilities"",""Restaurants"",""Cafes"",""Retail"",""Picnic Areas""],""travel_to_destination"":""Car""}",5+ yrs,Car,"[""Walking"",""Cycling""]"
49e567d6-8c66-4273-8ef2-06c7f50f825b,2026-09-09 13:32:09.301125+00,,35–44,Pakistan,Married,1,No,2028 – 2029,Investment,Townhouse,2BR,700k–1.5M SAR,"[""Balconies & Terraces"",""Park Views"",""Sea Views""]",Not required,"[""Installed Kitchen"",""Kitchen Appliances"",""Built-in Wardrobes""]","[""Sand""]","[""Water sports"",""Tennis""]","[""Spa & Gym"",""Children's Club"",""Ladies Facilities"",""Restaurants"",""Picnic Areas"",""Social Lounge"",""Beach Club"",""Retail"",""Cafes""]",Depends on return,"{""age"":""35–44"",""unit_size"":""2BR"",""nationality"":""Pakistan"",""price_range"":""700k–1.5M SAR"",""payment_plan"":""5+ yrs"",""home_features"":[""Balconies & Terraces"",""Park Views"",""Sea Views""],""property_type"":""Townhouse"",""social_status"":""Married"",""timing_to_buy"":""2028 – 2029"",""managed_rental"":""Depends on return"",""no_of_children"":""1"",""primary_reason"":""Investment"",""exterior_colour"":[""Sand""],""has_second_home"":""No"",""sport_amenities"":[""Water sports"",""Tennis""],""premium_features"":[""Installed Kitchen"",""Kitchen Appliances"",""Built-in Wardrobes""],""community_mobility"":[""Cycling""],""staff_accommodation"":""Not required"",""additional_amenities"":[""Spa & Gym"",""Children's Club"",""Ladies Facilities"",""Restaurants"",""Picnic Areas"",""Social Lounge"",""Beach Club"",""Retail"",""Cafes""],""travel_to_destination"":""Car""}",5+ yrs,Car,"[""Cycling""]"
49f4fc89-6434-4bad-9985-581b746c8307,2026-09-09 13:30:50.802836+00,,25–34,United Kingdom,Single,0,Self-owned,2028 – 2029,Investment,Villa,4BR,3M–6M SAR,"[""Sea Views""]",A maid's room,"[""Installed Kitchen"",""Kitchen Appliances"",""Built-in Wardrobes"",""Private Pool""]","[""Blue""]","[""Tennis"",""Padel"",""Water sports""]","[""Spa & Gym"",""Beach Club"",""Restaurants"",""Cafes"",""Retail"",""Ladies Facilities""]",No,"{""age"":""25–34"",""unit_size"":""4BR"",""nationality"":""United Kingdom"",""price_range"":""3M–6M SAR"",""payment_plan"":""3–5 years"",""home_features"":[""Sea Views""],""property_type"":""Villa"",""social_status"":""Single"",""timing_to_buy"":""2028 – 2029"",""managed_rental"":""No"",""no_of_children"":""0"",""primary_reason"":""Investment"",""exterior_colour"":[""Blue""],""has_second_home"":""Self-owned"",""sport_amenities"":[""Tennis"",""Padel"",""Water sports""],""premium_features"":[""Installed Kitchen"",""Kitchen Appliances"",""Built-in Wardrobes"",""Private Pool""],""community_mobility"":[""Walking""],""staff_accommodation"":""A maid's room"",""additional_amenities"":[""Spa & Gym"",""Beach Club"",""Restaurants"",""Cafes"",""Retail"",""Ladies Facilities""],""travel_to_destination"":""Air""}",3–5 years,Air,"[""Walking""]"
49f734ef-bf19-47aa-b338-ca7eca972acf,2026-09-11 07:30:14.105216+00,,55–64,Australia,Married,2,Self-owned,2028 – 2029,Investment,Townhouse,3BR,700k–1.5M SAR,"[""Balconies & Terraces"",""Outdoor Space"",""Park Views""]",A maid's room,"[""Private Pool""]","[""Sand""]","[""Tennis"",""Other: jogging track""]","[""Spa & Gym"",""Cafes"",""Ladies Facilities"",""Restaurants"",""Retail""]",Depends on return,"{""age"":""55–64"",""unit_size"":""3BR"",""nationality"":""Australia"",""price_range"":""700k–1.5M SAR"",""payment_plan"":""3–5 years"",""home_features"":[""Balconies & Terraces"",""Outdoor Space"",""Park Views""],""property_type"":""Townhouse"",""social_status"":""Married"",""timing_to_buy"":""2028 – 2029"",""managed_rental"":""Depends on return"",""no_of_children"":""2"",""primary_reason"":""Investment"",""exterior_colour"":[""Sand""],""has_second_home"":""Self-owned"",""sport_amenities"":[""Tennis"",""Other: jogging track""],""premium_features"":[""Private Pool""],""community_mobility"":[""Cycling"",""Walking""],""staff_accommodation"":""A maid's room"",""additional_amenities"":[""Spa & Gym"",""Cafes"",""Ladies Facilities"",""Restaurants"",""Retail""],""travel_to_destination"":""Air""}",3–5 years,Air,"[""Cycling"",""Walking""]"
4a06ae86-733d-4de5-84bc-74341258270a,2026-09-10 05:33:20.572917+00,,25–34,Saudi Arabia,Married,2,No,2026 – 2027,Both,Apartment,4BR,700k–1.5M SAR,"[""Balconies & Terraces"",""Sea Views"",""Privacy""]",,"[""Installed Kitchen"",""Kitchen Appliances"",""Built-in Wardrobes""]","[""Sand""]","[""Tennis"",""Padel""]","[""Spa & Gym"",""Children's Club"",""Ladies Facilities"",""Restaurants"",""Cafes"",""Beach Club"",""Picnic Areas"",""Retail"",""Social Lounge""]",Depends on fees & flexibility,"{""age"":""25–34"",""unit_size"":""4BR"",""nationality"":""Saudi Arabia"",""price_range"":""700k–1.5M SAR"",""payment_plan"":""5+ yrs"",""home_features"":[""Balconies & Terraces"",""Sea Views"",""Privacy""],""property_type"":""Apartment"",""social_status"":""Married"",""timing_to_buy"":""2026 – 2027"",""managed_rental"":""Depends on fees & flexibility"",""no_of_children"":""2"",""primary_reason"":""Both"",""exterior_colour"":[""Sand""],""has_second_home"":""No"",""sport_amenities"":[""Tennis"",""Padel""],""premium_features"":[""Installed Kitchen"",""Kitchen Appliances"",""Built-in Wardrobes""],""community_mobility"":[""Walking"",""Private Buggy"",""Cycling"",""Shared Buggy / Community Shuttle""],""staff_accommodation"":null,""additional_amenities"":[""Spa & Gym"",""Children's Club"",""Ladies Facilities"",""Restaurants"",""Cafes"",""Beach Club"",""Picnic Areas"",""Retail"",""Social Lounge""],""travel_to_destination"":""Car""}",5+ yrs,Car,"[""Walking"",""Private Buggy"",""Cycling"",""Shared Buggy / Community Shuttle""]"
4aca9598-3345-43aa-b069-8a88734bc1c7,2026-09-09 13:20:18.266496+00,,45–54,United States,Married,3,No,2028 – 2029,Both,Townhouse,2BR,700k–1.5M SAR,"[""Outdoor Space"",""Sea Views""]",Not required,"[""Installed Kitchen"",""Kitchen Appliances"",""Built-in Wardrobes""]","[""Sand""]","[""Volleyball"",""Tennis""]","[""Spa & Gym"",""Beach Club"",""Social Lounge"",""Restaurants"",""Cafes"",""Retail"",""Picnic Areas"",""Children's Club""]",No,"{""age"":""45–54"",""unit_size"":""2BR"",""nationality"":""United States"",""price_range"":""700k–1.5M SAR"",""payment_plan"":""5+ yrs"",""home_features"":[""Outdoor Space"",""Sea Views""],""property_type"":""Townhouse"",""social_status"":""Married"",""timing_to_buy"":""2028 – 2029"",""managed_rental"":""No"",""no_of_children"":""3"",""primary_reason"":""Both"",""exterior_colour"":[""Sand""],""has_second_home"":""No"",""sport_amenities"":[""Volleyball"",""Tennis""],""premium_features"":[""Installed Kitchen"",""Kitchen Appliances"",""Built-in Wardrobes""],""community_mobility"":[""Walking"",""Private Buggy"",""Shared Buggy / Community Shuttle"",""Cycling""],""staff_accommodation"":""Not required"",""additional_amenities"":[""Spa & Gym"",""Beach Club"",""Social Lounge"",""Restaurants"",""Cafes"",""Retail"",""Picnic Areas"",""Children's Club""],""travel_to_destination"":""Air""}",5+ yrs,Air,"[""Walking"",""Private Buggy"",""Shared Buggy / Community Shuttle"",""Cycling""]"
4af0b32d-69da-4d0e-9ac7-2093e23e76c5,2026-09-09 13:49:29.373268+00,,25–34,Saudi Arabia,Single,0,Self-owned,2028 – 2029,Family holidays,No preference,1BR,700k–1.5M SAR,"[""Balconies & Terraces"",""Sea Views""]",Not required,"[""Installed Kitchen""]","[""Sage""]","[""Padel"",""Water sports""]","[""Spa & Gym"",""Beach Club"",""Restaurants"",""Cafes""]",Depends on fees & flexibility,"{""age"":""25–34"",""unit_size"":""1BR"",""nationality"":""Saudi Arabia"",""price_range"":""700k–1.5M SAR"",""payment_plan"":""5+ yrs"",""home_features"":[""Balconies & Terraces"",""Sea Views""],""property_type"":""No preference"",""social_status"":""Single"",""timing_to_buy"":""2028 – 2029"",""managed_rental"":""Depends on fees & flexibility"",""no_of_children"":""0"",""primary_reason"":""Family holidays"",""exterior_colour"":[""Sage""],""has_second_home"":""Self-owned"",""sport_amenities"":[""Padel"",""Water sports""],""premium_features"":[""Installed Kitchen""],""community_mobility"":[""Walking"",""Shared Buggy / Community Shuttle""],""staff_accommodation"":""Not required"",""additional_amenities"":[""Spa & Gym"",""Beach Club"",""Restaurants"",""Cafes""],""travel_to_destination"":""Car""}",5+ yrs,Car,"[""Walking"",""Shared Buggy / Community Shuttle""]"
4b62cece-e439-4da7-a15f-ef054d09eb57,2026-09-09 14:13:58.535337+00,,25–34,Pakistan,Married,1,Family-owned,2028 – 2029,Both,Villa,3BR,700k–1.5M SAR,"[""Park Views""]",Both,"[""Private Pool""]","[""Sage""]","[""Football"",""Water sports"",""Basketball""]","[""Spa & Gym"",""Children's Club"",""Ladies Facilities"",""Restaurants"",""Cafes"",""Retail"",""Picnic Areas"",""Beach Club""]",Yes,"{""age"":""25–34"",""unit_size"":""3BR"",""nationality"":""Pakistan"",""price_range"":""700k–1.5M SAR"",""payment_plan"":""5+ yrs"",""home_features"":[""Park Views""],""property_type"":""Villa"",""social_status"":""Married"",""timing_to_buy"":""2028 – 2029"",""managed_rental"":""Yes"",""no_of_children"":""1"",""primary_reason"":""Both"",""exterior_colour"":[""Sage""],""has_second_home"":""Family-owned"",""sport_amenities"":[""Football"",""Water sports"",""Basketball""],""premium_features"":[""Private Pool""],""community_mobility"":[""Personal Car""],""staff_accommodation"":""Both"",""additional_amenities"":[""Spa & Gym"",""Children's Club"",""Ladies Facilities"",""Restaurants"",""Cafes"",""Retail"",""Picnic Areas"",""Beach Club""],""travel_to_destination"":""Car""}",5+ yrs,Car,"[""Personal Car""]"
4b685ba9-d050-476f-ac5b-de555a93f108,2026-09-09 13:14:44.91581+00,,35–44,India,Married,2,No,2030 onwards,Both,Apartment,2BR,700k–1.5M SAR,"[""Balconies & Terraces""]",,"[""Built-in Wardrobes"",""Installed Kitchen""]","[""Blue""]","[""Other: cricket""]","[""Restaurants"",""Cafes"",""Children's Club""]",Depends on fees & flexibility,"{""age"":""35–44"",""unit_size"":""2BR"",""nationality"":""India"",""price_range"":""700k–1.5M SAR"",""payment_plan"":""5+ yrs"",""home_features"":[""Balconies & Terraces""],""property_type"":""Apartment"",""social_status"":""Married"",""timing_to_buy"":""2030 onwards"",""managed_rental"":""Depends on fees & flexibility"",""no_of_children"":""2"",""primary_reason"":""Both"",""exterior_colour"":[""Blue""],""has_second_home"":""No"",""sport_amenities"":[""Other: cricket""],""premium_features"":[""Built-in Wardrobes"",""Installed Kitchen""],""community_mobility"":[""Walking"",""Cycling""],""staff_accommodation"":null,""additional_amenities"":[""Restaurants"",""Cafes"",""Children's Club""],""travel_to_destination"":""Car""}",5+ yrs,Car,"[""Walking"",""Cycling""]"
4b86204f-6b92-4dfb-ae84-3f8a7aa01e98,2026-09-09 14:05:11.117892+00,,45–54,Egypt,Married,2,Self-owned,2026 – 2027,Both,Apartment,3BR,700k–1.5M SAR,"[""Balconies & Terraces"",""Sea Views"",""Privacy""]",,"[""Built-in Wardrobes"",""Installed Kitchen"",""Kitchen Appliances""]","[""Blue"",""Sand""]","[""Water sports"",""Padel""]","[""Spa & Gym"",""Children's Club"",""Beach Club"",""Restaurants"",""Cafes"",""Retail""]",Depends on return,"{""age"":""45–54"",""unit_size"":""3BR"",""nationality"":""Egypt"",""price_range"":""700k–1.5M SAR"",""payment_plan"":""5+ yrs"",""home_features"":[""Balconies & Terraces"",""Sea Views"",""Privacy""],""property_type"":""Apartment"",""social_status"":""Married"",""timing_to_buy"":""2026 – 2027"",""managed_rental"":""Depends on return"",""no_of_children"":""2"",""primary_reason"":""Both"",""exterior_colour"":[""Blue"",""Sand""],""has_second_home"":""Self-owned"",""sport_amenities"":[""Water sports"",""Padel""],""premium_features"":[""Built-in Wardrobes"",""Installed Kitchen"",""Kitchen Appliances""],""community_mobility"":[""Shared Buggy / Community Shuttle""],""staff_accommodation"":null,""additional_amenities"":[""Spa & Gym"",""Children's Club"",""Beach Club"",""Restaurants"",""Cafes"",""Retail""],""travel_to_destination"":""Car""}",5+ yrs,Car,"[""Shared Buggy / Community Shuttle""]"
4c460bc7-0f38-4fc4-8ec3-48ab631d2bbf,2026-09-10 06:45:38.416164+00,,35–44,Egypt,Married,3,No,2026 – 2027,Investment,Townhouse,3BR,1.5M–3M SAR,"[""Balconies & Terraces"",""Sea Views""]",A maid's room,"[""Installed Kitchen"",""Built-in Wardrobes""]","[""Sand""]","[""Football"",""Water sports""]","[""Spa & Gym"",""Picnic Areas"",""Beach Club"",""Restaurants"",""Cafes""]",Yes,"{""age"":""35–44"",""unit_size"":""3BR"",""nationality"":""Egypt"",""price_range"":""1.5M–3M SAR"",""payment_plan"":""3–5 years"",""home_features"":[""Balconies & Terraces"",""Sea Views""],""property_type"":""Townhouse"",""social_status"":""Married"",""timing_to_buy"":""2026 – 2027"",""managed_rental"":""Yes"",""no_of_children"":""3"",""primary_reason"":""Investment"",""exterior_colour"":[""Sand""],""has_second_home"":""No"",""sport_amenities"":[""Football"",""Water sports""],""premium_features"":[""Installed Kitchen"",""Built-in Wardrobes""],""community_mobility"":[""Walking""],""staff_accommodation"":""A maid's room"",""additional_amenities"":[""Spa & Gym"",""Picnic Areas"",""Beach Club"",""Restaurants"",""Cafes""],""travel_to_destination"":""Car""}",3–5 years,Car,"[""Walking""]"
4cbedf1a-d46e-4643-8997-6363865d9bc1,2026-09-09 14:07:10.47117+00,,25–34,Saudi Arabia,Married,0,No,2028 – 2029,Both,Apartment,1BR,700k–1.5M SAR,"[""Sea Views"",""Balconies & Terraces"",""Outdoor Space""]",,"[""Installed Kitchen""]","[""Blue""]","[""Other: gym""]","[""Spa & Gym"",""Social Lounge""]",Yes,"{""age"":""25–34"",""unit_size"":""1BR"",""nationality"":""Saudi Arabia"",""price_range"":""700k–1.5M SAR"",""payment_plan"":""3–5 years"",""home_features"":[""Sea Views"",""Balconies & Terraces"",""Outdoor Space""],""property_type"":""Apartment"",""social_status"":""Married"",""timing_to_buy"":""2028 – 2029"",""managed_rental"":""Yes"",""no_of_children"":""0"",""primary_reason"":""Both"",""exterior_colour"":[""Blue""],""has_second_home"":""No"",""sport_amenities"":[""Other: gym""],""premium_features"":[""Installed Kitchen""],""community_mobility"":[""Walking""],""staff_accommodation"":null,""additional_amenities"":[""Spa & Gym"",""Social Lounge""],""travel_to_destination"":""Air""}",3–5 years,Air,"[""Walking""]"
4cd14f7b-26ab-4ccd-ba35-18b0d2a61d49,2026-09-09 14:11:26.427683+00,,25–34,Jordan,Married,1,No,2028 – 2029,Investment,Townhouse,3BR,1.5M–3M SAR,"[""Balconies & Terraces"",""Sea Views"",""Park Views""]",A maid's room,"[""Installed Kitchen"",""Built-in Wardrobes"",""Private Pool""]","[""Sand"",""Blue""]","[""Padel"",""Football"",""Volleyball""]","[""Spa & Gym"",""Picnic Areas"",""Beach Club""]",Yes,"{""age"":""25–34"",""unit_size"":""3BR"",""nationality"":""Jordan"",""price_range"":""1.5M–3M SAR"",""payment_plan"":""Upfront cash in full"",""home_features"":[""Balconies & Terraces"",""Sea Views"",""Park Views""],""property_type"":""Townhouse"",""social_status"":""Married"",""timing_to_buy"":""2028 – 2029"",""managed_rental"":""Yes"",""no_of_children"":""1"",""primary_reason"":""Investment"",""exterior_colour"":[""Sand"",""Blue""],""has_second_home"":""No"",""sport_amenities"":[""Padel"",""Football"",""Volleyball""],""premium_features"":[""Installed Kitchen"",""Built-in Wardrobes"",""Private Pool""],""community_mobility"":[""Walking"",""Cycling""],""staff_accommodation"":""A maid's room"",""additional_amenities"":[""Spa & Gym"",""Picnic Areas"",""Beach Club""],""travel_to_destination"":""Car""}",Upfront cash in full,Car,"[""Walking"",""Cycling""]"
4cdf6484-2a60-418f-99af-4b458dc440cf,2026-09-09 13:31:11.319883+00,,35–44,Saudi Arabia,Married,3,No,2026 – 2027,Family holidays,Beach Villa,3BR,1.5M–3M SAR,"[""Balconies & Terraces"",""Sea Views"",""Outdoor Space""]",A maid's room,"[""Private Pool"",""Built-in Wardrobes"",""Installed Kitchen"",""Kitchen Appliances""]","[""Sage""]","[""Water sports"",""Volleyball""]","[""Beach Club"",""Restaurants"",""Ladies Facilities"",""Children's Club"",""Spa & Gym""]",Yes,"{""age"":""35–44"",""unit_size"":""3BR"",""nationality"":""Saudi Arabia"",""price_range"":""1.5M–3M SAR"",""payment_plan"":""5+ yrs"",""home_features"":[""Balconies & Terraces"",""Sea Views"",""Outdoor Space""],""property_type"":""Beach Villa"",""social_status"":""Married"",""timing_to_buy"":""2026 – 2027"",""managed_rental"":""Yes"",""no_of_children"":""3"",""primary_reason"":""Family holidays"",""exterior_colour"":[""Sage""],""has_second_home"":""No"",""sport_amenities"":[""Water sports"",""Volleyball""],""premium_features"":[""Private Pool"",""Built-in Wardrobes"",""Installed Kitchen"",""Kitchen Appliances""],""community_mobility"":[""Private Buggy"",""Shared Buggy / Community Shuttle"",""Walking"",""Personal Car"",""Cycling""],""staff_accommodation"":""A maid's room"",""additional_amenities"":[""Beach Club"",""Restaurants"",""Ladies Facilities"",""Children's Club"",""Spa & Gym""],""travel_to_destination"":""Car""}",5+ yrs,Car,"[""Private Buggy"",""Shared Buggy / Community Shuttle"",""Walking"",""Personal Car"",""Cycling""]"
4d6ac8fa-43ac-4797-8147-fc7553fe2577,2026-09-09 13:11:06.750034+00,,35–44,Lebanon,Single,0,No,2028 – 2029,Investment,Apartment,1BR,700k–1.5M SAR,"[""Sea Views""]",,"[""Installed Kitchen"",""Built-in Wardrobes"",""Kitchen Appliances"",""Private Pool""]","[""Sand"",""Other: Natural Stone""]","[""Padel"",""Tennis"",""Basketball""]","[""Spa & Gym"",""Beach Club"",""Restaurants"",""Cafes"",""Retail""]",Depends on fees & flexibility,"{""age"":""35–44"",""unit_size"":""1BR"",""nationality"":""Lebanon"",""price_range"":""700k–1.5M SAR"",""payment_plan"":""5+ yrs"",""home_features"":[""Sea Views""],""property_type"":""Apartment"",""social_status"":""Single"",""timing_to_buy"":""2028 – 2029"",""managed_rental"":""Depends on fees & flexibility"",""no_of_children"":""0"",""primary_reason"":""Investment"",""exterior_colour"":[""Sand"",""Other: Natural Stone""],""has_second_home"":""No"",""sport_amenities"":[""Padel"",""Tennis"",""Basketball""],""premium_features"":[""Installed Kitchen"",""Built-in Wardrobes"",""Kitchen Appliances"",""Private Pool""],""community_mobility"":[""Private Buggy""],""staff_accommodation"":null,""additional_amenities"":[""Spa & Gym"",""Beach Club"",""Restaurants"",""Cafes"",""Retail""],""travel_to_destination"":""Air""}",5+ yrs,Air,"[""Private Buggy""]"
4db61878-f1fc-4006-9a36-165cf2cb82de,2026-09-09 13:14:49.536135+00,,35–44,India,Married,3,No,2026 – 2027,Investment,Villa,3BR,700k–1.5M SAR,"[""Balconies & Terraces"",""Outdoor Space""]",Not required,"[""Installed Kitchen"",""Built-in Wardrobes""]","[""Blue"",""Sage""]","[""Padel"",""Tennis""]","[""Children's Club"",""Spa & Gym"",""Picnic Areas"",""Restaurants""]",Depends on return,"{""age"":""35–44"",""unit_size"":""3BR"",""nationality"":""India"",""price_range"":""700k–1.5M SAR"",""payment_plan"":""5+ yrs"",""home_features"":[""Balconies & Terraces"",""Outdoor Space""],""property_type"":""Villa"",""social_status"":""Married"",""timing_to_buy"":""2026 – 2027"",""managed_rental"":""Depends on return"",""no_of_children"":""3"",""primary_reason"":""Investment"",""exterior_colour"":[""Blue"",""Sage""],""has_second_home"":""No"",""sport_amenities"":[""Padel"",""Tennis""],""premium_features"":[""Installed Kitchen"",""Built-in Wardrobes""],""community_mobility"":[""Walking""],""staff_accommodation"":""Not required"",""additional_amenities"":[""Children's Club"",""Spa & Gym"",""Picnic Areas"",""Restaurants""],""travel_to_destination"":""Car""}",5+ yrs,Car,"[""Walking""]"
4dc52d2e-95b4-47c7-9cb4-051b87ea1dc7,2026-09-09 13:59:45.517979+00,,35–44,Pakistan,Married,4+,No,2026 – 2027,Investment,Apartment,2BR,700k–1.5M SAR,"[""Balconies & Terraces"",""Park Views""]",,"[""Built-in Wardrobes"",""Installed Kitchen""]","[""Sand""]","[""Padel"",""Football""]","[""Spa & Gym"",""Children's Club"",""Social Lounge"",""Beach Club""]",Yes,"{""age"":""35–44"",""unit_size"":""2BR"",""nationality"":""Pakistan"",""price_range"":""700k–1.5M SAR"",""payment_plan"":""1–2 years"",""home_features"":[""Balconies & Terraces"",""Park Views""],""property_type"":""Apartment"",""social_status"":""Married"",""timing_to_buy"":""2026 – 2027"",""managed_rental"":""Yes"",""no_of_children"":""4+"",""primary_reason"":""Investment"",""exterior_colour"":[""Sand""],""has_second_home"":""No"",""sport_amenities"":[""Padel"",""Football""],""premium_features"":[""Built-in Wardrobes"",""Installed Kitchen""],""community_mobility"":[""Personal Car""],""staff_accommodation"":null,""additional_amenities"":[""Spa & Gym"",""Children's Club"",""Social Lounge"",""Beach Club""],""travel_to_destination"":""Car""}",1–2 years,Car,"[""Personal Car""]"
4dcb6222-cf90-4960-b54d-4782c9c381d2,2026-09-10 04:57:36.860922+00,,35–44,Jordan,Married,2,Family-owned,2028 – 2029,Both,Townhouse,3BR,700k–1.5M SAR,"[""Outdoor Space"",""Sea Views"",""Privacy""]",A maid's room,"[""Private Pool""]","[""Other: mix of white, beige and wood-ish colors""]","[""Football"",""Other: pool""]","[""Spa & Gym"",""Children's Club"",""Social Lounge"",""Cafes"",""Restaurants"",""Picnic Areas""]",Depends on fees & flexibility,"{""age"":""35–44"",""unit_size"":""3BR"",""nationality"":""Jordan"",""price_range"":""700k–1.5M SAR"",""payment_plan"":""5+ yrs"",""home_features"":[""Outdoor Space"",""Sea Views"",""Privacy""],""property_type"":""Townhouse"",""social_status"":""Married"",""timing_to_buy"":""2028 – 2029"",""managed_rental"":""Depends on fees & flexibility"",""no_of_children"":""2"",""primary_reason"":""Both"",""exterior_colour"":[""Other: mix of white, beige and wood-ish colors""],""has_second_home"":""Family-owned"",""sport_amenities"":[""Football"",""Other: pool""],""premium_features"":[""Private Pool""],""community_mobility"":[""Cycling"",""Shared Buggy / Community Shuttle""],""staff_accommodation"":""A maid's room"",""additional_amenities"":[""Spa & Gym"",""Children's Club"",""Social Lounge"",""Cafes"",""Restaurants"",""Picnic Areas""],""travel_to_destination"":""Air""}",5+ yrs,Air,"[""Cycling"",""Shared Buggy / Community Shuttle""]"
4dfd78ac-df52-46d9-bb6f-ebdfe1a5b6a2,2026-09-10 12:42:59.28013+00,,45–54,India,Married,2,Family-owned,2030 onwards,Family holidays,No preference,2BR,700k–1.5M SAR,"[""Sea Views"",""Balconies & Terraces""]",Not required,"[""Installed Kitchen"",""Kitchen Appliances"",""Built-in Wardrobes""]","[""Sand""]","[""Other: Yoga, Zumba, Walkways""]","[""Ladies Facilities"",""Social Lounge"",""Retail"",""Cafes"",""Restaurants"",""Picnic Areas""]",Depends on fees & flexibility,"{""age"":""45–54"",""unit_size"":""2BR"",""nationality"":""India"",""price_range"":""700k–1.5M SAR"",""payment_plan"":""5+ yrs"",""home_features"":[""Sea Views"",""Balconies & Terraces""],""property_type"":""No preference"",""social_status"":""Married"",""timing_to_buy"":""2030 onwards"",""managed_rental"":""Depends on fees & flexibility"",""no_of_children"":""2"",""primary_reason"":""Family holidays"",""exterior_colour"":[""Sand""],""has_second_home"":""Family-owned"",""sport_amenities"":[""Other: Yoga, Zumba, Walkways""],""premium_features"":[""Installed Kitchen"",""Kitchen Appliances"",""Built-in Wardrobes""],""community_mobility"":[""Walking"",""Cycling"",""Shared Buggy / Community Shuttle""],""staff_accommodation"":""Not required"",""additional_amenities"":[""Ladies Facilities"",""Social Lounge"",""Retail"",""Cafes"",""Restaurants"",""Picnic Areas""],""travel_to_destination"":""Air""}",5+ yrs,Air,"[""Walking"",""Cycling"",""Shared Buggy / Community Shuttle""]"
4e6d8e8a-08c5-4192-aab5-6ae06b0962d5,2026-09-09 13:11:33.757656+00,,25–34,Saudi Arabia,Single,0,No,2028 – 2029,Both,Townhouse,3BR,1.5M–3M SAR,"[""Outdoor Space"",""Balconies & Terraces"",""Sea Views""]",Not required,"[""Installed Kitchen"",""Built-in Wardrobes"",""Private Pool""]","[""Sand""]","[""Water sports"",""Tennis"",""Padel""]","[""Spa & Gym"",""Children's Club"",""Beach Club"",""Ladies Facilities""]",Yes,"{""age"":""25–34"",""unit_size"":""3BR"",""nationality"":""Saudi Arabia"",""price_range"":""1.5M–3M SAR"",""payment_plan"":""5+ yrs"",""home_features"":[""Outdoor Space"",""Balconies & Terraces"",""Sea Views""],""property_type"":""Townhouse"",""social_status"":""Single"",""timing_to_buy"":""2028 – 2029"",""managed_rental"":""Yes"",""no_of_children"":""0"",""primary_reason"":""Both"",""exterior_colour"":[""Sand""],""has_second_home"":""No"",""sport_amenities"":[""Water sports"",""Tennis"",""Padel""],""premium_features"":[""Installed Kitchen"",""Built-in Wardrobes"",""Private Pool""],""community_mobility"":[""Private Buggy""],""staff_accommodation"":""Not required"",""additional_amenities"":[""Spa & Gym"",""Children's Club"",""Beach Club"",""Ladies Facilities""],""travel_to_destination"":""Air""}",5+ yrs,Air,"[""Private Buggy""]"
4e7f3b8b-cf8d-4918-8cdf-c6502703fbaf,2026-09-09 13:58:02.321627+00,,45–54,Egypt,Married,2,Self-owned,2028 – 2029,Both,Apartment,2BR,700k–1.5M SAR,"[""Sea Views"",""Privacy""]",,"[""Installed Kitchen"",""Private Pool""]","[""Sand"",""Blue""]","[""Other: Walking track""]","[""Social Lounge"",""Beach Club"",""Ladies Facilities"",""Restaurants""]",Depends on fees & flexibility,"{""age"":""45–54"",""unit_size"":""2BR"",""nationality"":""Egypt"",""price_range"":""700k–1.5M SAR"",""payment_plan"":""1–2 years"",""home_features"":[""Sea Views"",""Privacy""],""property_type"":""Apartment"",""social_status"":""Married"",""timing_to_buy"":""2028 – 2029"",""managed_rental"":""Depends on fees & flexibility"",""no_of_children"":""2"",""primary_reason"":""Both"",""exterior_colour"":[""Sand"",""Blue""],""has_second_home"":""Self-owned"",""sport_amenities"":[""Other: Walking track""],""premium_features"":[""Installed Kitchen"",""Private Pool""],""community_mobility"":[""Private Buggy""],""staff_accommodation"":null,""additional_amenities"":[""Social Lounge"",""Beach Club"",""Ladies Facilities"",""Restaurants""],""travel_to_destination"":""Car""}",1–2 years,Car,"[""Private Buggy""]"
4f89f041-7f8d-49d6-b4f5-5f943e379e14,2026-09-09 21:03:24.199352+00,,35–44,Saudi Arabia,Married,0,Self-owned,2028 – 2029,Both,Beach Villa,3BR,3M–6M SAR,"[""Sea Views"",""Privacy"",""Balconies & Terraces""]",Not required,"[""Installed Kitchen""]","[""Sand""]","[""Other: Swimming""]","[""Spa & Gym"",""Social Lounge"",""Cafes"",""Ladies Facilities"",""Retail""]",No,"{""age"":""35–44"",""unit_size"":""3BR"",""nationality"":""Saudi Arabia"",""price_range"":""3M–6M SAR"",""payment_plan"":""3–5 years"",""home_features"":[""Sea Views"",""Privacy"",""Balconies & Terraces""],""property_type"":""Beach Villa"",""social_status"":""Married"",""timing_to_buy"":""2028 – 2029"",""managed_rental"":""No"",""no_of_children"":""0"",""primary_reason"":""Both"",""exterior_colour"":[""Sand""],""has_second_home"":""Self-owned"",""sport_amenities"":[""Other: Swimming""],""premium_features"":[""Installed Kitchen""],""community_mobility"":[""Private Buggy"",""Cycling"",""Walking""],""staff_accommodation"":""Not required"",""additional_amenities"":[""Spa & Gym"",""Social Lounge"",""Cafes"",""Ladies Facilities"",""Retail""],""travel_to_destination"":""Car""}",3–5 years,Car,"[""Private Buggy"",""Cycling"",""Walking""]"
4fac8b77-54f4-4b2f-9c13-73bc32935cf8,2026-09-09 13:11:03.517577+00,,35–44,Saudi Arabia,Single,0,No,2028 – 2029,Both,Apartment,4BR,700k–1.5M SAR,"[""Sea Views"",""Privacy"",""Other: Swimming pool""]",,"[""Private Pool"",""Installed Kitchen""]","[""Sand""]","[""Other: Swimming Pool""]","[""Spa & Gym"",""Picnic Areas"",""Cafes"",""Restaurants"",""Ladies Facilities"",""Children's Club"",""Social Lounge"",""Beach Club"",""Retail""]",Depends on fees & flexibility,"{""age"":""35–44"",""unit_size"":""4BR"",""nationality"":""Saudi Arabia"",""price_range"":""700k–1.5M SAR"",""payment_plan"":""5+ yrs"",""home_features"":[""Sea Views"",""Privacy"",""Other: Swimming pool""],""property_type"":""Apartment"",""social_status"":""Single"",""timing_to_buy"":""2028 – 2029"",""managed_rental"":""Depends on fees & flexibility"",""no_of_children"":""0"",""primary_reason"":""Both"",""exterior_colour"":[""Sand""],""has_second_home"":""No"",""sport_amenities"":[""Other: Swimming Pool""],""premium_features"":[""Private Pool"",""Installed Kitchen""],""community_mobility"":[""Shared Buggy / Community Shuttle"",""Private Buggy"",""Cycling"",""Walking""],""staff_accommodation"":null,""additional_amenities"":[""Spa & Gym"",""Picnic Areas"",""Cafes"",""Restaurants"",""Ladies Facilities"",""Children's Club"",""Social Lounge"",""Beach Club"",""Retail""],""travel_to_destination"":""Car""}",5+ yrs,Car,"[""Shared Buggy / Community Shuttle"",""Private Buggy"",""Cycling"",""Walking""]"
4fbef913-4e74-4ba5-a36b-867e1757ffcd,2026-09-09 13:10:31.204773+00,,35–44,Egypt,Married,2,Family-owned,2026 – 2027,Both,Beach Villa,4BR,1.5M–3M SAR,"[""Sea Views"",""Outdoor Space"",""Balconies & Terraces""]",Both,"[""Installed Kitchen"",""Kitchen Appliances"",""Built-in Wardrobes"",""Private Pool""]","[""Blue"",""Sage""]","[""Tennis"",""Padel"",""Football""]","[""Spa & Gym"",""Restaurants"",""Cafes"",""Retail"",""Beach Club""]",Depends on fees & flexibility,"{""age"":""35–44"",""unit_size"":""4BR"",""nationality"":""Egypt"",""price_range"":""1.5M–3M SAR"",""payment_plan"":""5+ yrs"",""home_features"":[""Sea Views"",""Outdoor Space"",""Balconies & Terraces""],""property_type"":""Beach Villa"",""social_status"":""Married"",""timing_to_buy"":""2026 – 2027"",""managed_rental"":""Depends on fees & flexibility"",""no_of_children"":""2"",""primary_reason"":""Both"",""exterior_colour"":[""Blue"",""Sage""],""has_second_home"":""Family-owned"",""sport_amenities"":[""Tennis"",""Padel"",""Football""],""premium_features"":[""Installed Kitchen"",""Kitchen Appliances"",""Built-in Wardrobes"",""Private Pool""],""community_mobility"":[""Walking"",""Cycling"",""Private Buggy""],""staff_accommodation"":""Both"",""additional_amenities"":[""Spa & Gym"",""Restaurants"",""Cafes"",""Retail"",""Beach Club""],""travel_to_destination"":""Air""}",5+ yrs,Air,"[""Walking"",""Cycling"",""Private Buggy""]"
50097bfd-deea-4eba-90dd-73897679303f,2026-09-10 07:40:02.148365+00,,35–44,Saudi Arabia,Married,3,No,2030 onwards,Both,Beach Villa,4BR,700k–1.5M SAR,"[""Sea Views"",""Privacy"",""Park Views""]",Not required,"[""Kitchen Appliances"",""Installed Kitchen"",""Built-in Wardrobes""]","[""Other: LN-WHITE"",""Sage"",""Rose""]","[""Volleyball""]","[""Spa & Gym"",""Children's Club"",""Ladies Facilities"",""Picnic Areas"",""Beach Club""]",Yes,"{""age"":""35–44"",""unit_size"":""4BR"",""nationality"":""Saudi Arabia"",""price_range"":""700k–1.5M SAR"",""payment_plan"":""5+ yrs"",""home_features"":[""Sea Views"",""Privacy"",""Park Views""],""property_type"":""Beach Villa"",""social_status"":""Married"",""timing_to_buy"":""2030 onwards"",""managed_rental"":""Yes"",""no_of_children"":""3"",""primary_reason"":""Both"",""exterior_colour"":[""Other: LN-WHITE"",""Sage"",""Rose""],""has_second_home"":""No"",""sport_amenities"":[""Volleyball""],""premium_features"":[""Kitchen Appliances"",""Installed Kitchen"",""Built-in Wardrobes""],""community_mobility"":[""Private Buggy"",""Personal Car"",""Cycling""],""staff_accommodation"":""Not required"",""additional_amenities"":[""Spa & Gym"",""Children's Club"",""Ladies Facilities"",""Picnic Areas"",""Beach Club""],""travel_to_destination"":""Car""}",5+ yrs,Car,"[""Private Buggy"",""Personal Car"",""Cycling""]"
503da0fa-4b6b-4b6d-984e-2c1af1ccb1a0,2026-09-09 15:51:32.973704+00,,25–34,Italy,Single,0,Self-owned,2026 – 2027,Investment,Apartment,3BR,1.5M–3M SAR,"[""Sea Views"",""Balconies & Terraces"",""Outdoor Space""]",,"[""Installed Kitchen""]","[""Sand""]","[""Padel"",""Tennis"",""Water sports""]","[""Spa & Gym"",""Beach Club"",""Retail"",""Restaurants"",""Cafes""]",Depends on return,"{""age"":""25–34"",""unit_size"":""3BR"",""nationality"":""Italy"",""price_range"":""1.5M–3M SAR"",""payment_plan"":""5+ yrs"",""home_features"":[""Sea Views"",""Balconies & Terraces"",""Outdoor Space""],""property_type"":""Apartment"",""social_status"":""Single"",""timing_to_buy"":""2026 – 2027"",""managed_rental"":""Depends on return"",""no_of_children"":""0"",""primary_reason"":""Investment"",""exterior_colour"":[""Sand""],""has_second_home"":""Self-owned"",""sport_amenities"":[""Padel"",""Tennis"",""Water sports""],""premium_features"":[""Installed Kitchen""],""community_mobility"":[""Cycling"",""Walking""],""staff_accommodation"":null,""additional_amenities"":[""Spa & Gym"",""Beach Club"",""Retail"",""Restaurants"",""Cafes""],""travel_to_destination"":""Air""}",5+ yrs,Air,"[""Cycling"",""Walking""]"
5060e7a9-0b5b-460e-9d9a-90824093f9a8,2026-09-09 13:08:57.951891+00,,55–64,India,Married,0,Self-owned,2028 – 2029,Investment,No preference,2BR,700k–1.5M SAR,"[""Outdoor Space"",""Balconies & Terraces"",""Privacy""]",A maid's room,"[""Installed Kitchen""]","[""Sand""]","[""Water sports""]","[""Beach Club"",""Spa & Gym""]",Depends on return,"{""age"":""55–64"",""unit_size"":""2BR"",""nationality"":""India"",""price_range"":""700k–1.5M SAR"",""payment_plan"":""5+ yrs"",""home_features"":[""Outdoor Space"",""Balconies & Terraces"",""Privacy""],""property_type"":""No preference"",""social_status"":""Married"",""timing_to_buy"":""2028 – 2029"",""managed_rental"":""Depends on return"",""no_of_children"":""0"",""primary_reason"":""Investment"",""exterior_colour"":[""Sand""],""has_second_home"":""Self-owned"",""sport_amenities"":[""Water sports""],""premium_features"":[""Installed Kitchen""],""community_mobility"":[""Walking""],""staff_accommodation"":""A maid's room"",""additional_amenities"":[""Beach Club"",""Spa & Gym""],""travel_to_destination"":""Car""}",5+ yrs,Car,"[""Walking""]"
52054e02-ca42-4a08-929a-5de86a0053d4,2026-09-09 13:27:22.135967+00,,35–44,India,Married,1,No,2028 – 2029,Investment,Apartment,2BR,700k–1.5M SAR,"[""Sea Views"",""Privacy"",""Balconies & Terraces""]",,"[""Kitchen Appliances"",""Built-in Wardrobes"",""Installed Kitchen""]","[""Other: white""]","[""Water sports"",""Padel"",""Other: Badminton""]","[""Spa & Gym"",""Children's Club"",""Beach Club"",""Social Lounge"",""Restaurants""]",Depends on return,"{""age"":""35–44"",""unit_size"":""2BR"",""nationality"":""India"",""price_range"":""700k–1.5M SAR"",""payment_plan"":""3–5 years"",""home_features"":[""Sea Views"",""Privacy"",""Balconies & Terraces""],""property_type"":""Apartment"",""social_status"":""Married"",""timing_to_buy"":""2028 – 2029"",""managed_rental"":""Depends on return"",""no_of_children"":""1"",""primary_reason"":""Investment"",""exterior_colour"":[""Other: white""],""has_second_home"":""No"",""sport_amenities"":[""Water sports"",""Padel"",""Other: Badminton""],""premium_features"":[""Kitchen Appliances"",""Built-in Wardrobes"",""Installed Kitchen""],""community_mobility"":[""Cycling"",""Personal Car""],""staff_accommodation"":null,""additional_amenities"":[""Spa & Gym"",""Children's Club"",""Beach Club"",""Social Lounge"",""Restaurants""],""travel_to_destination"":""Car""}",3–5 years,Car,"[""Cycling"",""Personal Car""]"
52262bd2-7bb2-4493-8efb-59c099760e97,2026-09-09 13:09:23.575229+00,,45–54,India,Married,1,No,2028 – 2029,Investment,Apartment,2BR,1.5M–3M SAR,"[""Privacy""]",,"[""Private Pool""]","[""Sand""]","[""Padel"",""Football"",""Water sports""]","[""Children's Club"",""Picnic Areas"",""Retail"",""Spa & Gym""]",Depends on return,"{""age"":""45–54"",""unit_size"":""2BR"",""nationality"":""India"",""price_range"":""1.5M–3M SAR"",""payment_plan"":""3–5 years"",""home_features"":[""Privacy""],""property_type"":""Apartment"",""social_status"":""Married"",""timing_to_buy"":""2028 – 2029"",""managed_rental"":""Depends on return"",""no_of_children"":""1"",""primary_reason"":""Investment"",""exterior_colour"":[""Sand""],""has_second_home"":""No"",""sport_amenities"":[""Padel"",""Football"",""Water sports""],""premium_features"":[""Private Pool""],""community_mobility"":[""Cycling""],""staff_accommodation"":null,""additional_amenities"":[""Children's Club"",""Picnic Areas"",""Retail"",""Spa & Gym""],""travel_to_destination"":""Air""}",3–5 years,Air,"[""Cycling""]"
52c0ebb2-17e9-441b-a353-23cb58fc632d,2026-09-09 17:16:06.767673+00,,35–44,India,Married,2,Self-owned,2028 – 2029,Investment,Beach Villa,2BR,700k–1.5M SAR,"[""Sea Views"",""Outdoor Space""]",Not required,"[""Installed Kitchen""]","[""Rose"",""Sage""]","[""Padel""]","[""Spa & Gym"",""Ladies Facilities"",""Children's Club""]",Depends on return,"{""age"":""35–44"",""unit_size"":""2BR"",""nationality"":""India"",""price_range"":""700k–1.5M SAR"",""payment_plan"":""5+ yrs"",""home_features"":[""Sea Views"",""Outdoor Space""],""property_type"":""Beach Villa"",""social_status"":""Married"",""timing_to_buy"":""2028 – 2029"",""managed_rental"":""Depends on return"",""no_of_children"":""2"",""primary_reason"":""Investment"",""exterior_colour"":[""Rose"",""Sage""],""has_second_home"":""Self-owned"",""sport_amenities"":[""Padel""],""premium_features"":[""Installed Kitchen""],""community_mobility"":[""Cycling""],""staff_accommodation"":""Not required"",""additional_amenities"":[""Spa & Gym"",""Ladies Facilities"",""Children's Club""],""travel_to_destination"":""Car""}",5+ yrs,Car,"[""Cycling""]"
53946e80-bbeb-40d4-8188-eadee7b201f6,2026-09-10 17:00:53.694359+00,,25–34,Saudi Arabia,Single,0,No,2028 – 2029,Both,Villa,4BR,700k–1.5M SAR,"[""Outdoor Space"",""Balconies & Terraces"",""Privacy""]",Both,"[""Installed Kitchen"",""Kitchen Appliances""]","[""Sand""]","[""Tennis"",""Water sports"",""Volleyball""]","[""Spa & Gym"",""Children's Club"",""Social Lounge"",""Ladies Facilities"",""Beach Club"",""Restaurants"",""Cafes"",""Retail""]",Depends on return,"{""age"":""25–34"",""unit_size"":""4BR"",""nationality"":""Saudi Arabia"",""price_range"":""700k–1.5M SAR"",""payment_plan"":""5+ yrs"",""home_features"":[""Outdoor Space"",""Balconies & Terraces"",""Privacy""],""property_type"":""Villa"",""social_status"":""Single"",""timing_to_buy"":""2028 – 2029"",""managed_rental"":""Depends on return"",""no_of_children"":""0"",""primary_reason"":""Both"",""exterior_colour"":[""Sand""],""has_second_home"":""No"",""sport_amenities"":[""Tennis"",""Water sports"",""Volleyball""],""premium_features"":[""Installed Kitchen"",""Kitchen Appliances""],""community_mobility"":[""Walking"",""Private Buggy"",""Personal Car""],""staff_accommodation"":""Both"",""additional_amenities"":[""Spa & Gym"",""Children's Club"",""Social Lounge"",""Ladies Facilities"",""Beach Club"",""Restaurants"",""Cafes"",""Retail""],""travel_to_destination"":""Air""}",5+ yrs,Air,"[""Walking"",""Private Buggy"",""Personal Car""]"
53c969cf-a638-43c2-b75c-b11149041852,2026-09-09 13:32:38.133262+00,,45–54,India,Married,1,Self-owned,2030 onwards,Both,Apartment,1BR,700k–1.5M SAR,"[""Outdoor Space"",""Balconies & Terraces"",""Sea Views""]",,"[""Installed Kitchen"",""Built-in Wardrobes""]","[""Sand""]","[""Basketball"",""Water sports"",""Padel""]","[""Spa & Gym"",""Social Lounge"",""Ladies Facilities"",""Restaurants"",""Retail""]",Depends on return,"{""age"":""45–54"",""unit_size"":""1BR"",""nationality"":""India"",""price_range"":""700k–1.5M SAR"",""payment_plan"":""5+ yrs"",""home_features"":[""Outdoor Space"",""Balconies & Terraces"",""Sea Views""],""property_type"":""Apartment"",""social_status"":""Married"",""timing_to_buy"":""2030 onwards"",""managed_rental"":""Depends on return"",""no_of_children"":""1"",""primary_reason"":""Both"",""exterior_colour"":[""Sand""],""has_second_home"":""Self-owned"",""sport_amenities"":[""Basketball"",""Water sports"",""Padel""],""premium_features"":[""Installed Kitchen"",""Built-in Wardrobes""],""community_mobility"":[""Personal Car""],""staff_accommodation"":null,""additional_amenities"":[""Spa & Gym"",""Social Lounge"",""Ladies Facilities"",""Restaurants"",""Retail""],""travel_to_destination"":""Car""}",5+ yrs,Car,"[""Personal Car""]"
53f9ff8f-68e8-4535-bee6-04529f6bcb95,2026-09-10 05:23:59.277806+00,,45–54,Sri Lanka,Married,2,Self-owned,2028 – 2029,Investment,Townhouse,3BR,700k–1.5M SAR,"[""Outdoor Space"",""Balconies & Terraces"",""Park Views""]",A maid's room,"[""Installed Kitchen"",""Built-in Wardrobes"",""Private Pool""]","[""Other: Grey""]","[""Tennis"",""Basketball"",""Water sports""]","[""Spa & Gym"",""Children's Club"",""Social Lounge"",""Picnic Areas"",""Restaurants"",""Retail"",""Cafes""]",Depends on fees & flexibility,"{""age"":""45–54"",""unit_size"":""3BR"",""nationality"":""Sri Lanka"",""price_range"":""700k–1.5M SAR"",""payment_plan"":""3–5 years"",""home_features"":[""Outdoor Space"",""Balconies & Terraces"",""Park Views""],""property_type"":""Townhouse"",""social_status"":""Married"",""timing_to_buy"":""2028 – 2029"",""managed_rental"":""Depends on fees & flexibility"",""no_of_children"":""2"",""primary_reason"":""Investment"",""exterior_colour"":[""Other: Grey""],""has_second_home"":""Self-owned"",""sport_amenities"":[""Tennis"",""Basketball"",""Water sports""],""premium_features"":[""Installed Kitchen"",""Built-in Wardrobes"",""Private Pool""],""community_mobility"":[""Walking"",""Cycling""],""staff_accommodation"":""A maid's room"",""additional_amenities"":[""Spa & Gym"",""Children's Club"",""Social Lounge"",""Picnic Areas"",""Restaurants"",""Retail"",""Cafes""],""travel_to_destination"":""Car""}",3–5 years,Car,"[""Walking"",""Cycling""]"
542e2495-7bda-465a-ba3c-1e41746bad39,2026-09-09 13:43:58.70891+00,,35–44,Pakistan,Married,0,Self-owned,2028 – 2029,Both,Beach Villa,2BR,700k–1.5M SAR,"[""Sea Views"",""Balconies & Terraces"",""Park Views""]",Not required,"[""Built-in Wardrobes"",""Installed Kitchen""]","[""Sand"",""Other: White""]","[""Padel"",""Water sports""]","[""Spa & Gym"",""Social Lounge"",""Ladies Facilities"",""Restaurants"",""Cafes"",""Retail""]",Depends on fees & flexibility,"{""age"":""35–44"",""unit_size"":""2BR"",""nationality"":""Pakistan"",""price_range"":""700k–1.5M SAR"",""payment_plan"":""3–5 years"",""home_features"":[""Sea Views"",""Balconies & Terraces"",""Park Views""],""property_type"":""Beach Villa"",""social_status"":""Married"",""timing_to_buy"":""2028 – 2029"",""managed_rental"":""Depends on fees & flexibility"",""no_of_children"":""0"",""primary_reason"":""Both"",""exterior_colour"":[""Sand"",""Other: White""],""has_second_home"":""Self-owned"",""sport_amenities"":[""Padel"",""Water sports""],""premium_features"":[""Built-in Wardrobes"",""Installed Kitchen""],""community_mobility"":[""Walking"",""Personal Car""],""staff_accommodation"":""Not required"",""additional_amenities"":[""Spa & Gym"",""Social Lounge"",""Ladies Facilities"",""Restaurants"",""Cafes"",""Retail""],""travel_to_destination"":""Car""}",3–5 years,Car,"[""Walking"",""Personal Car""]"
544b9920-c842-49c4-86ba-c0cc1582a43a,2026-09-09 13:09:45.120908+00,,35–44,India,Married,2,No,2030 onwards,Investment,Beach Villa,3BR,700k–1.5M SAR,"[""Park Views"",""Privacy"",""Balconies & Terraces""]",Not required,"[""Installed Kitchen""]","[""Sand""]","[""Padel"",""Water sports""]","[""Spa & Gym"",""Children's Club"",""Picnic Areas"",""Social Lounge"",""Ladies Facilities"",""Restaurants"",""Cafes"",""Retail"",""Beach Club""]",Yes,"{""age"":""35–44"",""unit_size"":""3BR"",""nationality"":""India"",""price_range"":""700k–1.5M SAR"",""payment_plan"":""5+ yrs"",""home_features"":[""Park Views"",""Privacy"",""Balconies & Terraces""],""property_type"":""Beach Villa"",""social_status"":""Married"",""timing_to_buy"":""2030 onwards"",""managed_rental"":""Yes"",""no_of_children"":""2"",""primary_reason"":""Investment"",""exterior_colour"":[""Sand""],""has_second_home"":""No"",""sport_amenities"":[""Padel"",""Water sports""],""premium_features"":[""Installed Kitchen""],""community_mobility"":[""Cycling""],""staff_accommodation"":""Not required"",""additional_amenities"":[""Spa & Gym"",""Children's Club"",""Picnic Areas"",""Social Lounge"",""Ladies Facilities"",""Restaurants"",""Cafes"",""Retail"",""Beach Club""],""travel_to_destination"":""Air""}",5+ yrs,Air,"[""Cycling""]"
55560848-1a9a-4924-9841-52141123e374,2026-09-09 13:09:30.043365+00,,45–54,Egypt,Married,2,Self-owned,2030 onwards,Family holidays,Apartment,2BR,700k–1.5M SAR,"[""Outdoor Space"",""Balconies & Terraces"",""Sea Views""]",,"[""Installed Kitchen""]","[""Sage""]","[""Padel"",""Football"",""Water sports""]","[""Children's Club"",""Picnic Areas"",""Ladies Facilities"",""Retail"",""Beach Club"",""Social Lounge"",""Cafes"",""Restaurants"",""Spa & Gym""]",Depends on fees & flexibility,"{""age"":""45–54"",""unit_size"":""2BR"",""nationality"":""Egypt"",""price_range"":""700k–1.5M SAR"",""payment_plan"":""5+ yrs"",""home_features"":[""Outdoor Space"",""Balconies & Terraces"",""Sea Views""],""property_type"":""Apartment"",""social_status"":""Married"",""timing_to_buy"":""2030 onwards"",""managed_rental"":""Depends on fees & flexibility"",""no_of_children"":""2"",""primary_reason"":""Family holidays"",""exterior_colour"":[""Sage""],""has_second_home"":""Self-owned"",""sport_amenities"":[""Padel"",""Football"",""Water sports""],""premium_features"":[""Installed Kitchen""],""community_mobility"":[""Walking"",""Cycling"",""Personal Car""],""staff_accommodation"":null,""additional_amenities"":[""Children's Club"",""Picnic Areas"",""Ladies Facilities"",""Retail"",""Beach Club"",""Social Lounge"",""Cafes"",""Restaurants"",""Spa & Gym""],""travel_to_destination"":""Car""}",5+ yrs,Car,"[""Walking"",""Cycling"",""Personal Car""]"
56c9bb6b-0746-4db4-b314-75254ce7a0b8,2026-09-13 08:16:28.831734+00,,35–44,Saudi Arabia,Single,0,No,2026 – 2027,Both,Apartment,Studio,700k–1.5M SAR,"[""Sea Views""]",,"[""Private Pool""]","[""Sand""]","[""Padel""]","[""Spa & Gym"",""Restaurants"",""Cafes"",""Beach Club"",""Retail""]",Yes,"{""age"":""35–44"",""unit_size"":""Studio"",""nationality"":""Saudi Arabia"",""price_range"":""700k–1.5M SAR"",""payment_plan"":""Upfront cash in full"",""home_features"":[""Sea Views""],""property_type"":""Apartment"",""social_status"":""Single"",""timing_to_buy"":""2026 – 2027"",""managed_rental"":""Yes"",""no_of_children"":""0"",""primary_reason"":""Both"",""exterior_colour"":[""Sand""],""has_second_home"":""No"",""sport_amenities"":[""Padel""],""premium_features"":[""Private Pool""],""community_mobility"":[""Walking"",""Cycling"",""Personal Car""],""staff_accommodation"":null,""additional_amenities"":[""Spa & Gym"",""Restaurants"",""Cafes"",""Beach Club"",""Retail""],""travel_to_destination"":""Car""}",Upfront cash in full,Car,"[""Walking"",""Cycling"",""Personal Car""]"
57ae568b-a628-403d-93e3-b5ba540ce383,2026-09-09 14:16:39.072451+00,,35–44,Egypt,Married,3,No,2026 – 2027,Investment,Townhouse,4BR,1.5M–3M SAR,"[""Balconies & Terraces"",""Outdoor Space"",""Park Views""]",Not required,"[""Private Pool""]","[""Other: Brown""]","[""Football"",""Basketball"",""Padel""]","[""Children's Club"",""Restaurants"",""Cafes"",""Retail""]",Depends on fees & flexibility,"{""age"":""35–44"",""unit_size"":""4BR"",""nationality"":""Egypt"",""price_range"":""1.5M–3M SAR"",""payment_plan"":""5+ yrs"",""home_features"":[""Balconies & Terraces"",""Outdoor Space"",""Park Views""],""property_type"":""Townhouse"",""social_status"":""Married"",""timing_to_buy"":""2026 – 2027"",""managed_rental"":""Depends on fees & flexibility"",""no_of_children"":""3"",""primary_reason"":""Investment"",""exterior_colour"":[""Other: Brown""],""has_second_home"":""No"",""sport_amenities"":[""Football"",""Basketball"",""Padel""],""premium_features"":[""Private Pool""],""community_mobility"":[""Walking""],""staff_accommodation"":""Not required"",""additional_amenities"":[""Children's Club"",""Restaurants"",""Cafes"",""Retail""],""travel_to_destination"":""Car""}",5+ yrs,Car,"[""Walking""]"
57aed08e-b7fb-4feb-a862-085747ab3450,2026-09-09 13:13:09.318339+00,,45–54,Philippines,Married,2,Family-owned,2028 – 2029,Both,Apartment,2BR,1.5M–3M SAR,"[""Sea Views"",""Balconies & Terraces"",""Outdoor Space""]",,"[""Private Pool""]","[""Sand""]","[""Basketball"",""Padel""]","[""Children's Club"",""Picnic Areas"",""Spa & Gym"",""Restaurants"",""Retail""]",Yes,"{""age"":""45–54"",""unit_size"":""2BR"",""nationality"":""Philippines"",""price_range"":""1.5M–3M SAR"",""payment_plan"":""5+ yrs"",""home_features"":[""Sea Views"",""Balconies & Terraces"",""Outdoor Space""],""property_type"":""Apartment"",""social_status"":""Married"",""timing_to_buy"":""2028 – 2029"",""managed_rental"":""Yes"",""no_of_children"":""2"",""primary_reason"":""Both"",""exterior_colour"":[""Sand""],""has_second_home"":""Family-owned"",""sport_amenities"":[""Basketball"",""Padel""],""premium_features"":[""Private Pool""],""community_mobility"":[""Cycling"",""Private Buggy"",""Walking""],""staff_accommodation"":null,""additional_amenities"":[""Children's Club"",""Picnic Areas"",""Spa & Gym"",""Restaurants"",""Retail""],""travel_to_destination"":""Car""}",5+ yrs,Car,"[""Cycling"",""Private Buggy"",""Walking""]"
580e4b69-46ce-482c-9be1-99508ad42fdb,2026-09-09 13:55:51.155809+00,,35–44,Saudi Arabia,Married,3,No,2028 – 2029,Family holidays,Beach Villa,3BR,700k–1.5M SAR,"[""Sea Views"",""Outdoor Space"",""Balconies & Terraces""]",A maid's room,"[""Installed Kitchen"",""Built-in Wardrobes"",""Private Pool""]","[""Sage""]","[""Water sports"",""Football"",""Padel""]","[""Spa & Gym"",""Children's Club"",""Beach Club""]",Yes,"{""age"":""35–44"",""unit_size"":""3BR"",""nationality"":""Saudi Arabia"",""price_range"":""700k–1.5M SAR"",""payment_plan"":""5+ yrs"",""home_features"":[""Sea Views"",""Outdoor Space"",""Balconies & Terraces""],""property_type"":""Beach Villa"",""social_status"":""Married"",""timing_to_buy"":""2028 – 2029"",""managed_rental"":""Yes"",""no_of_children"":""3"",""primary_reason"":""Family holidays"",""exterior_colour"":[""Sage""],""has_second_home"":""No"",""sport_amenities"":[""Water sports"",""Football"",""Padel""],""premium_features"":[""Installed Kitchen"",""Built-in Wardrobes"",""Private Pool""],""community_mobility"":[""Walking"",""Cycling"",""Private Buggy""],""staff_accommodation"":""A maid's room"",""additional_amenities"":[""Spa & Gym"",""Children's Club"",""Beach Club""],""travel_to_destination"":""Car""}",5+ yrs,Car,"[""Walking"",""Cycling"",""Private Buggy""]"
58137b7e-ddfc-44dc-bdbc-9c4b799532cf,2026-09-09 13:12:32.88717+00,,25–34,Saudi Arabia,Single,0,Self-owned,2030 onwards,Family holidays,Townhouse,4BR,700k–1.5M SAR,"[""Balconies & Terraces"",""Sea Views"",""Privacy""]",A maid's room,"[""Installed Kitchen"",""Private Pool""]","[""Sage""]","[""Padel"",""Water sports"",""Football""]","[""Spa & Gym"",""Social Lounge"",""Restaurants"",""Cafes"",""Retail"",""Beach Club""]",Depends on fees & flexibility,"{""age"":""25–34"",""unit_size"":""4BR"",""nationality"":""Saudi Arabia"",""price_range"":""700k–1.5M SAR"",""payment_plan"":""5+ yrs"",""home_features"":[""Balconies & Terraces"",""Sea Views"",""Privacy""],""property_type"":""Townhouse"",""social_status"":""Single"",""timing_to_buy"":""2030 onwards"",""managed_rental"":""Depends on fees & flexibility"",""no_of_children"":""0"",""primary_reason"":""Family holidays"",""exterior_colour"":[""Sage""],""has_second_home"":""Self-owned"",""sport_amenities"":[""Padel"",""Water sports"",""Football""],""premium_features"":[""Installed Kitchen"",""Private Pool""],""community_mobility"":[""Shared Buggy / Community Shuttle"",""Walking"",""Private Buggy""],""staff_accommodation"":""A maid's room"",""additional_amenities"":[""Spa & Gym"",""Social Lounge"",""Restaurants"",""Cafes"",""Retail"",""Beach Club""],""travel_to_destination"":""Air""}",5+ yrs,Air,"[""Shared Buggy / Community Shuttle"",""Walking"",""Private Buggy""]"
582224ab-d2eb-47bc-bb2b-9d196945191c,2026-09-09 13:58:13.316274+00,,35–44,Zimbabwe,Married,1,No,2026 – 2027,Both,Beach Villa,3BR,700k–1.5M SAR,"[""Outdoor Space"",""Sea Views""]",Not required,"[""Private Pool""]","[""Sand""]","[""Water sports""]","[""Spa & Gym"",""Children's Club"",""Beach Club"",""Restaurants"",""Cafes"",""Retail"",""Picnic Areas""]",Yes,"{""age"":""35–44"",""unit_size"":""3BR"",""nationality"":""Zimbabwe"",""price_range"":""700k–1.5M SAR"",""payment_plan"":""3–5 years"",""home_features"":[""Outdoor Space"",""Sea Views""],""property_type"":""Beach Villa"",""social_status"":""Married"",""timing_to_buy"":""2026 – 2027"",""managed_rental"":""Yes"",""no_of_children"":""1"",""primary_reason"":""Both"",""exterior_colour"":[""Sand""],""has_second_home"":""No"",""sport_amenities"":[""Water sports""],""premium_features"":[""Private Pool""],""community_mobility"":[""Walking""],""staff_accommodation"":""Not required"",""additional_amenities"":[""Spa & Gym"",""Children's Club"",""Beach Club"",""Restaurants"",""Cafes"",""Retail"",""Picnic Areas""],""travel_to_destination"":""Air""}",3–5 years,Air,"[""Walking""]"
58258bff-00a3-48f6-8d49-dad44ba45ff1,2026-09-09 13:29:52.551181+00,,45–54,United Kingdom,Married,0,Self-owned,2030 onwards,Both,Townhouse,2BR,1.5M–3M SAR,"[""Sea Views""]",A driver's room,"[""Installed Kitchen""]","[""Sand""]","[""Water sports""]","[""Spa & Gym"",""Beach Club"",""Other: watersports center""]",Yes,"{""age"":""45–54"",""unit_size"":""2BR"",""nationality"":""United Kingdom"",""price_range"":""1.5M–3M SAR"",""payment_plan"":""3–5 years"",""home_features"":[""Sea Views""],""property_type"":""Townhouse"",""social_status"":""Married"",""timing_to_buy"":""2030 onwards"",""managed_rental"":""Yes"",""no_of_children"":""0"",""primary_reason"":""Both"",""exterior_colour"":[""Sand""],""has_second_home"":""Self-owned"",""sport_amenities"":[""Water sports""],""premium_features"":[""Installed Kitchen""],""community_mobility"":[""Cycling""],""staff_accommodation"":""A driver's room"",""additional_amenities"":[""Spa & Gym"",""Beach Club"",""Other: watersports center""],""travel_to_destination"":""Air""}",3–5 years,Air,"[""Cycling""]"
582963c3-2f88-4287-b5a7-76e9c6051d29,2026-09-09 13:51:41.181775+00,,35–44,Saudi Arabia,Married,3,Self-owned,2026 – 2027,Both,Townhouse,3BR,700k–1.5M SAR,"[""Sea Views"",""Balconies & Terraces"",""Outdoor Space""]",A maid's room,"[""Installed Kitchen"",""Kitchen Appliances"",""Built-in Wardrobes"",""Other: Furniture - due to remoteness of the location""]","[""Other: Tabuk Coastal style and colors (main: white, accent: brown)""]","[""Football"",""Basketball"",""Water sports""]","[""Spa & Gym"",""Children's Club"",""Ladies Facilities"",""Picnic Areas"",""Beach Club"",""Restaurants"",""Cafes"",""Retail"",""Social Lounge"",""Other: Entertainment stage""]",Depends on return,"{""age"":""35–44"",""unit_size"":""3BR"",""nationality"":""Saudi Arabia"",""price_range"":""700k–1.5M SAR"",""payment_plan"":""3–5 years"",""home_features"":[""Sea Views"",""Balconies & Terraces"",""Outdoor Space""],""property_type"":""Townhouse"",""social_status"":""Married"",""timing_to_buy"":""2026 – 2027"",""managed_rental"":""Depends on return"",""no_of_children"":""3"",""primary_reason"":""Both"",""exterior_colour"":[""Other: Tabuk Coastal style and colors (main: white, accent: brown)""],""has_second_home"":""Self-owned"",""sport_amenities"":[""Football"",""Basketball"",""Water sports""],""premium_features"":[""Installed Kitchen"",""Kitchen Appliances"",""Built-in Wardrobes"",""Other: Furniture - due to remoteness of the location""],""community_mobility"":[""Walking"",""Cycling"",""Private Buggy""],""staff_accommodation"":""A maid's room"",""additional_amenities"":[""Spa & Gym"",""Children's Club"",""Ladies Facilities"",""Picnic Areas"",""Beach Club"",""Restaurants"",""Cafes"",""Retail"",""Social Lounge"",""Other: Entertainment stage""],""travel_to_destination"":""Car""}",3–5 years,Car,"[""Walking"",""Cycling"",""Private Buggy""]"
583209f1-6a59-4633-8c86-58c48256fa2e,2026-09-09 13:59:22.311213+00,,35–44,India,Married,2,Self-owned,2030 onwards,Investment,Beach Villa,3BR,700k–1.5M SAR,"[""Sea Views"",""Balconies & Terraces"",""Outdoor Space""]",Both,"[""Built-in Wardrobes""]","[""Sand""]","[""Tennis"",""Padel"",""Water sports""]","[""Spa & Gym"",""Beach Club"",""Restaurants"",""Retail""]",Yes,"{""age"":""35–44"",""unit_size"":""3BR"",""nationality"":""India"",""price_range"":""700k–1.5M SAR"",""payment_plan"":""3–5 years"",""home_features"":[""Sea Views"",""Balconies & Terraces"",""Outdoor Space""],""property_type"":""Beach Villa"",""social_status"":""Married"",""timing_to_buy"":""2030 onwards"",""managed_rental"":""Yes"",""no_of_children"":""2"",""primary_reason"":""Investment"",""exterior_colour"":[""Sand""],""has_second_home"":""Self-owned"",""sport_amenities"":[""Tennis"",""Padel"",""Water sports""],""premium_features"":[""Built-in Wardrobes""],""community_mobility"":[""Shared Buggy / Community Shuttle"",""Cycling"",""Walking"",""Personal Car""],""staff_accommodation"":""Both"",""additional_amenities"":[""Spa & Gym"",""Beach Club"",""Restaurants"",""Retail""],""travel_to_destination"":""Car""}",3–5 years,Car,"[""Shared Buggy / Community Shuttle"",""Cycling"",""Walking"",""Personal Car""]"
58387fd0-9301-4d6c-b223-cf4ce323550e,2026-09-09 13:30:14.775353+00,,35–44,Philippines,Married,4+,No,2030 onwards,Both,Beach Villa,3BR,700k–1.5M SAR,"[""Balconies & Terraces""]",Not required,"[""Built-in Wardrobes"",""Installed Kitchen""]","[""Sand""]","[""Tennis"",""Basketball""]","[""Beach Club""]",Yes,"{""age"":""35–44"",""unit_size"":""3BR"",""nationality"":""Philippines"",""price_range"":""700k–1.5M SAR"",""payment_plan"":""5+ yrs"",""home_features"":[""Balconies & Terraces""],""property_type"":""Beach Villa"",""social_status"":""Married"",""timing_to_buy"":""2030 onwards"",""managed_rental"":""Yes"",""no_of_children"":""4+"",""primary_reason"":""Both"",""exterior_colour"":[""Sand""],""has_second_home"":""No"",""sport_amenities"":[""Tennis"",""Basketball""],""premium_features"":[""Built-in Wardrobes"",""Installed Kitchen""],""community_mobility"":[""Walking""],""staff_accommodation"":""Not required"",""additional_amenities"":[""Beach Club""],""travel_to_destination"":""Air""}",5+ yrs,Air,"[""Walking""]"
58916765-01c2-443e-a5dc-9c111d45ca9e,2026-09-10 08:22:55.075796+00,,35–44,Saudi Arabia,Married,2,No,2030 onwards,Both,No preference,3BR,700k–1.5M SAR,"[""Privacy""]",Both,"[""Built-in Wardrobes""]","[""Sage""]","[""Padel""]","[""Social Lounge""]",Yes,"{""age"":""35–44"",""unit_size"":""3BR"",""nationality"":""Saudi Arabia"",""price_range"":""700k–1.5M SAR"",""payment_plan"":""5+ yrs"",""home_features"":[""Privacy""],""property_type"":""No preference"",""social_status"":""Married"",""timing_to_buy"":""2030 onwards"",""managed_rental"":""Yes"",""no_of_children"":""2"",""primary_reason"":""Both"",""exterior_colour"":[""Sage""],""has_second_home"":""No"",""sport_amenities"":[""Padel""],""premium_features"":[""Built-in Wardrobes""],""community_mobility"":[""Personal Car""],""staff_accommodation"":""Both"",""additional_amenities"":[""Social Lounge""],""travel_to_destination"":""Car""}",5+ yrs,Car,"[""Personal Car""]"
58c168bf-cad9-4d28-a947-fbd40d756560,2026-09-10 06:43:48.0635+00,,25–34,India,Married,2,No,2026 – 2027,Investment,Beach Villa,2BR,700k–1.5M SAR,"[""Balconies & Terraces"",""Sea Views"",""Privacy""]",Not required,"[""Kitchen Appliances"",""Installed Kitchen"",""Built-in Wardrobes"",""Private Pool""]","[""Sage""]","[""Water sports"",""Tennis"",""Volleyball""]","[""Children's Club"",""Picnic Areas"",""Restaurants"",""Retail"",""Cafes"",""Beach Club"",""Social Lounge"",""Spa & Gym"",""Ladies Facilities""]",Depends on fees & flexibility,"{""age"":""25–34"",""unit_size"":""2BR"",""nationality"":""India"",""price_range"":""700k–1.5M SAR"",""payment_plan"":""1–2 years"",""home_features"":[""Balconies & Terraces"",""Sea Views"",""Privacy""],""property_type"":""Beach Villa"",""social_status"":""Married"",""timing_to_buy"":""2026 – 2027"",""managed_rental"":""Depends on fees & flexibility"",""no_of_children"":""2"",""primary_reason"":""Investment"",""exterior_colour"":[""Sage""],""has_second_home"":""No"",""sport_amenities"":[""Water sports"",""Tennis"",""Volleyball""],""premium_features"":[""Kitchen Appliances"",""Installed Kitchen"",""Built-in Wardrobes"",""Private Pool""],""community_mobility"":[""Walking"",""Cycling""],""staff_accommodation"":""Not required"",""additional_amenities"":[""Children's Club"",""Picnic Areas"",""Restaurants"",""Retail"",""Cafes"",""Beach Club"",""Social Lounge"",""Spa & Gym"",""Ladies Facilities""],""travel_to_destination"":""Car""}",1–2 years,Car,"[""Walking"",""Cycling""]"
58e0a755-0c92-4192-b706-344763bbfa1d,2026-09-09 13:36:20.699617+00,,55–64,United Kingdom,Single,0,No,2028 – 2029,Investment,Villa,3BR,1.5M–3M SAR,"[""Outdoor Space"",""Sea Views"",""Privacy""]",Not required,"[""Private Pool""]","[""Sand""]","[""Water sports"",""Padel"",""Basketball""]","[""Spa & Gym"",""Beach Club"",""Restaurants"",""Cafes"",""Social Lounge""]",Depends on return,"{""age"":""55–64"",""unit_size"":""3BR"",""nationality"":""United Kingdom"",""price_range"":""1.5M–3M SAR"",""payment_plan"":""3–5 years"",""home_features"":[""Outdoor Space"",""Sea Views"",""Privacy""],""property_type"":""Villa"",""social_status"":""Single"",""timing_to_buy"":""2028 – 2029"",""managed_rental"":""Depends on return"",""no_of_children"":""0"",""primary_reason"":""Investment"",""exterior_colour"":[""Sand""],""has_second_home"":""No"",""sport_amenities"":[""Water sports"",""Padel"",""Basketball""],""premium_features"":[""Private Pool""],""community_mobility"":[""Cycling"",""Private Buggy""],""staff_accommodation"":""Not required"",""additional_amenities"":[""Spa & Gym"",""Beach Club"",""Restaurants"",""Cafes"",""Social Lounge""],""travel_to_destination"":""Air""}",3–5 years,Air,"[""Cycling"",""Private Buggy""]"
59601665-5828-463d-9156-ce858a659466,2026-09-09 13:09:17.593834+00,,25–34,Saudi Arabia,Single,0,Family-owned,2030 onwards,Investment,Beach Villa,4BR,3M–6M SAR,"[""Outdoor Space"",""Balconies & Terraces"",""Privacy""]",Both,"[""Installed Kitchen"",""Private Pool"",""Built-in Wardrobes"",""Kitchen Appliances""]","[""Sand""]","[""Water sports""]","[""Spa & Gym"",""Social Lounge"",""Beach Club"",""Cafes"",""Ladies Facilities""]",Depends on fees & flexibility,"{""age"":""25–34"",""unit_size"":""4BR"",""nationality"":""Saudi Arabia"",""price_range"":""3M–6M SAR"",""payment_plan"":""5+ yrs"",""home_features"":[""Outdoor Space"",""Balconies & Terraces"",""Privacy""],""property_type"":""Beach Villa"",""social_status"":""Single"",""timing_to_buy"":""2030 onwards"",""managed_rental"":""Depends on fees & flexibility"",""no_of_children"":""0"",""primary_reason"":""Investment"",""exterior_colour"":[""Sand""],""has_second_home"":""Family-owned"",""sport_amenities"":[""Water sports""],""premium_features"":[""Installed Kitchen"",""Private Pool"",""Built-in Wardrobes"",""Kitchen Appliances""],""community_mobility"":[""Walking"",""Private Buggy""],""staff_accommodation"":""Both"",""additional_amenities"":[""Spa & Gym"",""Social Lounge"",""Beach Club"",""Cafes"",""Ladies Facilities""],""travel_to_destination"":""Air""}",5+ yrs,Air,"[""Walking"",""Private Buggy""]"
59649154-a887-4a16-99eb-d52d9823e75b,2026-09-09 13:24:29.18577+00,,45–54,United Kingdom,Married,2,Self-owned,2028 – 2029,Both,No preference,3BR,700k–1.5M SAR,"[""Outdoor Space"",""Privacy"",""Sea Views""]",Not required,"[""Private Pool""]","[""Sand""]","[""Water sports"",""Other: walking zones""]","[""Cafes"",""Restaurants"",""Picnic Areas"",""Ladies Facilities"",""Spa & Gym""]",Depends on fees & flexibility,"{""age"":""45–54"",""unit_size"":""3BR"",""nationality"":""United Kingdom"",""price_range"":""700k–1.5M SAR"",""payment_plan"":""5+ yrs"",""home_features"":[""Outdoor Space"",""Privacy"",""Sea Views""],""property_type"":""No preference"",""social_status"":""Married"",""timing_to_buy"":""2028 – 2029"",""managed_rental"":""Depends on fees & flexibility"",""no_of_children"":""2"",""primary_reason"":""Both"",""exterior_colour"":[""Sand""],""has_second_home"":""Self-owned"",""sport_amenities"":[""Water sports"",""Other: walking zones""],""premium_features"":[""Private Pool""],""community_mobility"":[""Cycling"",""Walking""],""staff_accommodation"":""Not required"",""additional_amenities"":[""Cafes"",""Restaurants"",""Picnic Areas"",""Ladies Facilities"",""Spa & Gym""],""travel_to_destination"":""Car""}",5+ yrs,Car,"[""Cycling"",""Walking""]"
5a54c6b5-2dd4-4b11-a55f-feb4a9e1a76f,2026-09-09 14:34:42.648667+00,,Under 25,Saudi Arabia,Single,0,No,2028 – 2029,Investment,Apartment,1BR,700k–1.5M SAR,"[""Outdoor Space"",""Sea Views"",""Balconies & Terraces""]",,"[""Private Pool"",""Installed Kitchen""]","[""Blue"",""Sand"",""Sage"",""Rose""]","[""Water sports""]","[""Spa & Gym"",""Children's Club"",""Social Lounge"",""Ladies Facilities"",""Picnic Areas"",""Restaurants"",""Cafes"",""Retail"",""Beach Club""]",Depends on return,"{""age"":""Under 25"",""unit_size"":""1BR"",""nationality"":""Saudi Arabia"",""price_range"":""700k–1.5M SAR"",""payment_plan"":""3–5 years"",""home_features"":[""Outdoor Space"",""Sea Views"",""Balconies & Terraces""],""property_type"":""Apartment"",""social_status"":""Single"",""timing_to_buy"":""2028 – 2029"",""managed_rental"":""Depends on return"",""no_of_children"":""0"",""primary_reason"":""Investment"",""exterior_colour"":[""Blue"",""Sand"",""Sage"",""Rose""],""has_second_home"":""No"",""sport_amenities"":[""Water sports""],""premium_features"":[""Private Pool"",""Installed Kitchen""],""community_mobility"":[""Walking"",""Cycling"",""Shared Buggy / Community Shuttle""],""staff_accommodation"":null,""additional_amenities"":[""Spa & Gym"",""Children's Club"",""Social Lounge"",""Ladies Facilities"",""Picnic Areas"",""Restaurants"",""Cafes"",""Retail"",""Beach Club""],""travel_to_destination"":""Air""}",3–5 years,Air,"[""Walking"",""Cycling"",""Shared Buggy / Community Shuttle""]"
5ab51289-1d72-48a7-b768-ffeb077de296,2026-09-12 09:59:53.375511+00,,55–64,Saudi Arabia,Married,4+,No,2028 – 2029,Family holidays,Beach Villa,5BR+,700k–1.5M SAR,"[""Outdoor Space"",""Balconies & Terraces"",""Sea Views""]",A maid's room,"[""Installed Kitchen"",""Kitchen Appliances"",""Built-in Wardrobes"",""Private Pool""]","[""Sand""]","[""Water sports""]","[""Social Lounge"",""Children's Club"",""Ladies Facilities"",""Picnic Areas"",""Beach Club"",""Retail"",""Cafes"",""Restaurants""]",Depends on return,"{""age"":""55–64"",""unit_size"":""5BR+"",""nationality"":""Saudi Arabia"",""price_range"":""700k–1.5M SAR"",""payment_plan"":""1–2 years"",""home_features"":[""Outdoor Space"",""Balconies & Terraces"",""Sea Views""],""property_type"":""Beach Villa"",""social_status"":""Married"",""timing_to_buy"":""2028 – 2029"",""managed_rental"":""Depends on return"",""no_of_children"":""4+"",""primary_reason"":""Family holidays"",""exterior_colour"":[""Sand""],""has_second_home"":""No"",""sport_amenities"":[""Water sports""],""premium_features"":[""Installed Kitchen"",""Kitchen Appliances"",""Built-in Wardrobes"",""Private Pool""],""community_mobility"":[""Private Buggy""],""staff_accommodation"":""A maid's room"",""additional_amenities"":[""Social Lounge"",""Children's Club"",""Ladies Facilities"",""Picnic Areas"",""Beach Club"",""Retail"",""Cafes"",""Restaurants""],""travel_to_destination"":""Air""}",1–2 years,Air,"[""Private Buggy""]"
5cd9dfea-dbdc-41f3-99da-ecce95d8aee7,2026-09-13 11:30:18.596533+00,,25–34,Saudi Arabia,Married,2,No,2028 – 2029,Both,Apartment,2BR,700k–1.5M SAR,"[""Balconies & Terraces"",""Privacy"",""Sea Views""]",,"[""Installed Kitchen""]","[""Sand""]","[""Padel"",""Tennis"",""Water sports""]","[""Spa & Gym"",""Children's Club"",""Cafes"",""Restaurants""]",Depends on fees & flexibility,"{""age"":""25–34"",""unit_size"":""2BR"",""nationality"":""Saudi Arabia"",""price_range"":""700k–1.5M SAR"",""payment_plan"":""5+ yrs"",""home_features"":[""Balconies & Terraces"",""Privacy"",""Sea Views""],""property_type"":""Apartment"",""social_status"":""Married"",""timing_to_buy"":""2028 – 2029"",""managed_rental"":""Depends on fees & flexibility"",""no_of_children"":""2"",""primary_reason"":""Both"",""exterior_colour"":[""Sand""],""has_second_home"":""No"",""sport_amenities"":[""Padel"",""Tennis"",""Water sports""],""premium_features"":[""Installed Kitchen""],""community_mobility"":[""Walking"",""Cycling""],""staff_accommodation"":null,""additional_amenities"":[""Spa & Gym"",""Children's Club"",""Cafes"",""Restaurants""],""travel_to_destination"":""Air""}",5+ yrs,Air,"[""Walking"",""Cycling""]"
5cfdfd73-6edd-4dca-a05b-22c3bc51cd69,2026-09-12 09:05:07.01378+00,,35–44,India,Married,2,Self-owned,2028 – 2029,Both,Apartment,3BR,700k–1.5M SAR,"[""Balconies & Terraces"",""Sea Views"",""Privacy""]",,"[""Built-in Wardrobes"",""Private Pool"",""Installed Kitchen"",""Kitchen Appliances"",""Other: Fully furnished""]","[""Sand""]","[""Padel"",""Other: Badminton"",""Football""]","[""Children's Club"",""Social Lounge"",""Retail"",""Beach Club"",""Picnic Areas"",""Cafes"",""Spa & Gym"",""Restaurants""]",Depends on return,"{""age"":""35–44"",""unit_size"":""3BR"",""nationality"":""India"",""price_range"":""700k–1.5M SAR"",""payment_plan"":""5+ yrs"",""home_features"":[""Balconies & Terraces"",""Sea Views"",""Privacy""],""property_type"":""Apartment"",""social_status"":""Married"",""timing_to_buy"":""2028 – 2029"",""managed_rental"":""Depends on return"",""no_of_children"":""2"",""primary_reason"":""Both"",""exterior_colour"":[""Sand""],""has_second_home"":""Self-owned"",""sport_amenities"":[""Padel"",""Other: Badminton"",""Football""],""premium_features"":[""Built-in Wardrobes"",""Private Pool"",""Installed Kitchen"",""Kitchen Appliances"",""Other: Fully furnished""],""community_mobility"":[""Walking"",""Private Buggy"",""Shared Buggy / Community Shuttle""],""staff_accommodation"":null,""additional_amenities"":[""Children's Club"",""Social Lounge"",""Retail"",""Beach Club"",""Picnic Areas"",""Cafes"",""Spa & Gym"",""Restaurants""],""travel_to_destination"":""Car""}",5+ yrs,Car,"[""Walking"",""Private Buggy"",""Shared Buggy / Community Shuttle""]"
5d12dc7e-9b93-4b12-9b8e-b9866bd700c2,2026-09-09 13:34:38.640259+00,,45–54,Saudi Arabia,Married,1,Self-owned,2028 – 2029,Both,Beach Villa,2BR,700k–1.5M SAR,"[""Privacy"",""Balconies & Terraces"",""Sea Views""]",A maid's room,"[""Installed Kitchen""]","[""Sage""]","[""Water sports"",""Football""]","[""Spa & Gym"",""Children's Club"",""Ladies Facilities"",""Social Lounge""]",Depends on return,"{""age"":""45–54"",""unit_size"":""2BR"",""nationality"":""Saudi Arabia"",""price_range"":""700k–1.5M SAR"",""payment_plan"":""1–2 years"",""home_features"":[""Privacy"",""Balconies & Terraces"",""Sea Views""],""property_type"":""Beach Villa"",""social_status"":""Married"",""timing_to_buy"":""2028 – 2029"",""managed_rental"":""Depends on return"",""no_of_children"":""1"",""primary_reason"":""Both"",""exterior_colour"":[""Sage""],""has_second_home"":""Self-owned"",""sport_amenities"":[""Water sports"",""Football""],""premium_features"":[""Installed Kitchen""],""community_mobility"":[""Walking""],""staff_accommodation"":""A maid's room"",""additional_amenities"":[""Spa & Gym"",""Children's Club"",""Ladies Facilities"",""Social Lounge""],""travel_to_destination"":""Air""}",1–2 years,Air,"[""Walking""]"
5d47404d-9813-4803-977f-ee7deb28cfb5,2026-09-09 15:26:01.866423+00,,35–44,Jordan,Married,3,Self-owned,2026 – 2027,Family holidays,Apartment,3BR,700k–1.5M SAR,"[""Sea Views""]",,"[""Other: Depending on the price range, however, the usual purchases from RSG is expensive and not according to the market rates""]","[""Sand""]","[""Padel"",""Football"",""Water sports""]","[""Spa & Gym"",""Restaurants"",""Cafes"",""Retail"",""Beach Club"",""Picnic Areas"",""Social Lounge"",""Children's Club"",""Ladies Facilities""]",Depends on return,"{""age"":""35–44"",""unit_size"":""3BR"",""nationality"":""Jordan"",""price_range"":""700k–1.5M SAR"",""payment_plan"":""3–5 years"",""home_features"":[""Sea Views""],""property_type"":""Apartment"",""social_status"":""Married"",""timing_to_buy"":""2026 – 2027"",""managed_rental"":""Depends on return"",""no_of_children"":""3"",""primary_reason"":""Family holidays"",""exterior_colour"":[""Sand""],""has_second_home"":""Self-owned"",""sport_amenities"":[""Padel"",""Football"",""Water sports""],""premium_features"":[""Other: Depending on the price range, however, the usual purchases from RSG is expensive and not according to the market rates""],""community_mobility"":[""Walking"",""Cycling"",""Private Buggy"",""Personal Car""],""staff_accommodation"":null,""additional_amenities"":[""Spa & Gym"",""Restaurants"",""Cafes"",""Retail"",""Beach Club"",""Picnic Areas"",""Social Lounge"",""Children's Club"",""Ladies Facilities""],""travel_to_destination"":""Car""}",3–5 years,Car,"[""Walking"",""Cycling"",""Private Buggy"",""Personal Car""]"
5dca1f37-4c60-42c2-83fb-8031d274e8af,2026-09-09 13:23:20.997015+00,,35–44,Saudi Arabia,Married,2,No,2026 – 2027,Both,Townhouse,4BR,700k–1.5M SAR,"[""Outdoor Space"",""Balconies & Terraces"",""Privacy""]",A maid's room,"[""Built-in Wardrobes""]","[""Sand"",""Sage"",""Blue""]","[""Other: Archery"",""Padel"",""Volleyball""]","[""Spa & Gym"",""Children's Club"",""Picnic Areas"",""Ladies Facilities"",""Cafes"",""Restaurants""]",Yes,"{""age"":""35–44"",""unit_size"":""4BR"",""nationality"":""Saudi Arabia"",""price_range"":""700k–1.5M SAR"",""payment_plan"":""5+ yrs"",""home_features"":[""Outdoor Space"",""Balconies & Terraces"",""Privacy""],""property_type"":""Townhouse"",""social_status"":""Married"",""timing_to_buy"":""2026 – 2027"",""managed_rental"":""Yes"",""no_of_children"":""2"",""primary_reason"":""Both"",""exterior_colour"":[""Sand"",""Sage"",""Blue""],""has_second_home"":""No"",""sport_amenities"":[""Other: Archery"",""Padel"",""Volleyball""],""premium_features"":[""Built-in Wardrobes""],""community_mobility"":[""Walking"",""Cycling"",""Shared Buggy / Community Shuttle""],""staff_accommodation"":""A maid's room"",""additional_amenities"":[""Spa & Gym"",""Children's Club"",""Picnic Areas"",""Ladies Facilities"",""Cafes"",""Restaurants""],""travel_to_destination"":""Car""}",5+ yrs,Car,"[""Walking"",""Cycling"",""Shared Buggy / Community Shuttle""]"
5e1d5a09-8c31-4913-ab35-97966017ecae,2026-09-09 13:26:20.474546+00,,25–34,Saudi Arabia,Single,0,No,2028 – 2029,Both,Apartment,1BR,700k–1.5M SAR,"[""Outdoor Space"",""Balconies & Terraces""]",,"[""Installed Kitchen"",""Built-in Wardrobes""]","[""Sand""]","[""Tennis"",""Basketball""]","[""Ladies Facilities""]",Depends on return,"{""age"":""25–34"",""unit_size"":""1BR"",""nationality"":""Saudi Arabia"",""price_range"":""700k–1.5M SAR"",""payment_plan"":""5+ yrs"",""home_features"":[""Outdoor Space"",""Balconies & Terraces""],""property_type"":""Apartment"",""social_status"":""Single"",""timing_to_buy"":""2028 – 2029"",""managed_rental"":""Depends on return"",""no_of_children"":""0"",""primary_reason"":""Both"",""exterior_colour"":[""Sand""],""has_second_home"":""No"",""sport_amenities"":[""Tennis"",""Basketball""],""premium_features"":[""Installed Kitchen"",""Built-in Wardrobes""],""community_mobility"":[""Walking""],""staff_accommodation"":null,""additional_amenities"":[""Ladies Facilities""],""travel_to_destination"":""Car""}",5+ yrs,Car,"[""Walking""]"
5e7925ea-608a-4e43-bcc2-78445d0eb6fb,2026-09-10 10:11:36.403685+00,,35–44,Saudi Arabia,Married,1,No,2030 onwards,Both,Apartment,1BR,700k–1.5M SAR,"[""Sea Views"",""Balconies & Terraces""]",,"[""Private Pool"",""Built-in Wardrobes""]","[""Sage"",""Blue""]","[""Water sports"",""Basketball"",""Volleyball""]","[""Spa & Gym"",""Children's Club"",""Social Lounge"",""Beach Club"",""Restaurants"",""Cafes""]",No,"{""age"":""35–44"",""unit_size"":""1BR"",""nationality"":""Saudi Arabia"",""price_range"":""700k–1.5M SAR"",""payment_plan"":""Upfront cash in full"",""home_features"":[""Sea Views"",""Balconies & Terraces""],""property_type"":""Apartment"",""social_status"":""Married"",""timing_to_buy"":""2030 onwards"",""managed_rental"":""No"",""no_of_children"":""1"",""primary_reason"":""Both"",""exterior_colour"":[""Sage"",""Blue""],""has_second_home"":""No"",""sport_amenities"":[""Water sports"",""Basketball"",""Volleyball""],""premium_features"":[""Private Pool"",""Built-in Wardrobes""],""community_mobility"":[""Walking""],""staff_accommodation"":null,""additional_amenities"":[""Spa & Gym"",""Children's Club"",""Social Lounge"",""Beach Club"",""Restaurants"",""Cafes""],""travel_to_destination"":""Car""}",Upfront cash in full,Car,"[""Walking""]"
5f3200a1-c3e3-4264-896c-f8cb2a80c267,2026-09-10 05:22:02.791227+00,,35–44,Philippines,Single,0,Self-owned,2030 onwards,Both,Beach Villa,3BR,700k–1.5M SAR,"[""Outdoor Space""]",Not required,"[""Installed Kitchen""]","[""Sand""]","[""Other: no specific""]","[""Picnic Areas""]",Depends on fees & flexibility,"{""age"":""35–44"",""unit_size"":""3BR"",""nationality"":""Philippines"",""price_range"":""700k–1.5M SAR"",""payment_plan"":""5+ yrs"",""home_features"":[""Outdoor Space""],""property_type"":""Beach Villa"",""social_status"":""Single"",""timing_to_buy"":""2030 onwards"",""managed_rental"":""Depends on fees & flexibility"",""no_of_children"":""0"",""primary_reason"":""Both"",""exterior_colour"":[""Sand""],""has_second_home"":""Self-owned"",""sport_amenities"":[""Other: no specific""],""premium_features"":[""Installed Kitchen""],""community_mobility"":[""Cycling""],""staff_accommodation"":""Not required"",""additional_amenities"":[""Picnic Areas""],""travel_to_destination"":""Car""}",5+ yrs,Car,"[""Cycling""]"
5fe84940-5a24-4815-a2c5-a049266b3314,2026-09-09 13:07:48.18925+00,,25–34,Saudi Arabia,Married,1,No,2030 onwards,Family holidays,Townhouse,3BR,700k–1.5M SAR,"[""Balconies & Terraces"",""Sea Views"",""Outdoor Space""]",A maid's room,"[""Installed Kitchen"",""Built-in Wardrobes""]","[""Rose""]","[""Padel"",""Water sports"",""Tennis""]","[""Beach Club"",""Picnic Areas"",""Cafes"",""Retail"",""Restaurants"",""Ladies Facilities"",""Children's Club"",""Social Lounge""]",Yes,"{""age"":""25–34"",""unit_size"":""3BR"",""nationality"":""Saudi Arabia"",""price_range"":""700k–1.5M SAR"",""payment_plan"":""5+ yrs"",""home_features"":[""Balconies & Terraces"",""Sea Views"",""Outdoor Space""],""property_type"":""Townhouse"",""social_status"":""Married"",""timing_to_buy"":""2030 onwards"",""managed_rental"":""Yes"",""no_of_children"":""1"",""primary_reason"":""Family holidays"",""exterior_colour"":[""Rose""],""has_second_home"":""No"",""sport_amenities"":[""Padel"",""Water sports"",""Tennis""],""premium_features"":[""Installed Kitchen"",""Built-in Wardrobes""],""community_mobility"":[""Private Buggy""],""staff_accommodation"":""A maid's room"",""additional_amenities"":[""Beach Club"",""Picnic Areas"",""Cafes"",""Retail"",""Restaurants"",""Ladies Facilities"",""Children's Club"",""Social Lounge""],""travel_to_destination"":""Air""}",5+ yrs,Air,"[""Private Buggy""]"
60270493-8485-4779-af67-6ee40e12c7ae,2026-09-09 14:05:38.901171+00,,35–44,Saudi Arabia,Single,0,No,2030 onwards,Both,No preference,2BR,700k–1.5M SAR,"[""Sea Views"",""Balconies & Terraces""]",Not required,"[""Installed Kitchen"",""Built-in Wardrobes""]","[""Sand"",""Rose"",""Blue"",""Sage""]","[""Football"",""Padel"",""Water sports""]","[""Spa & Gym"",""Beach Club"",""Cafes"",""Restaurants""]",No,"{""age"":""35–44"",""unit_size"":""2BR"",""nationality"":""Saudi Arabia"",""price_range"":""700k–1.5M SAR"",""payment_plan"":""5+ yrs"",""home_features"":[""Sea Views"",""Balconies & Terraces""],""property_type"":""No preference"",""social_status"":""Single"",""timing_to_buy"":""2030 onwards"",""managed_rental"":""No"",""no_of_children"":""0"",""primary_reason"":""Both"",""exterior_colour"":[""Sand"",""Rose"",""Blue"",""Sage""],""has_second_home"":""No"",""sport_amenities"":[""Football"",""Padel"",""Water sports""],""premium_features"":[""Installed Kitchen"",""Built-in Wardrobes""],""community_mobility"":[""Personal Car""],""staff_accommodation"":""Not required"",""additional_amenities"":[""Spa & Gym"",""Beach Club"",""Cafes"",""Restaurants""],""travel_to_destination"":""Car""}",5+ yrs,Car,"[""Personal Car""]"
6064d05e-a5b3-493c-8cab-8758507e1236,2026-09-09 15:30:25.388867+00,,25–34,Saudi Arabia,Single,0,Family-owned,2028 – 2029,Both,Apartment,2BR,700k–1.5M SAR,"[""Sea Views"",""Balconies & Terraces"",""Outdoor Space""]",,"[""Private Pool""]","[""Blue""]","[""Padel"",""Volleyball"",""Tennis""]","[""Spa & Gym"",""Social Lounge"",""Beach Club"",""Restaurants"",""Cafes"",""Retail""]",Yes,"{""age"":""25–34"",""unit_size"":""2BR"",""nationality"":""Saudi Arabia"",""price_range"":""700k–1.5M SAR"",""payment_plan"":""5+ yrs"",""home_features"":[""Sea Views"",""Balconies & Terraces"",""Outdoor Space""],""property_type"":""Apartment"",""social_status"":""Single"",""timing_to_buy"":""2028 – 2029"",""managed_rental"":""Yes"",""no_of_children"":""0"",""primary_reason"":""Both"",""exterior_colour"":[""Blue""],""has_second_home"":""Family-owned"",""sport_amenities"":[""Padel"",""Volleyball"",""Tennis""],""premium_features"":[""Private Pool""],""community_mobility"":[""Cycling"",""Shared Buggy / Community Shuttle"",""Walking""],""staff_accommodation"":null,""additional_amenities"":[""Spa & Gym"",""Social Lounge"",""Beach Club"",""Restaurants"",""Cafes"",""Retail""],""travel_to_destination"":""Air""}",5+ yrs,Air,"[""Cycling"",""Shared Buggy / Community Shuttle"",""Walking""]"
616f0eb5-69ca-48df-8df1-e51b6eb68f0a,2026-09-10 04:42:42.869914+00,,45–54,Egypt,Married,3,Self-owned,2028 – 2029,Family holidays,Beach Villa,4BR,700k–1.5M SAR,"[""Sea Views""]",A maid's room,"[""Installed Kitchen"",""Kitchen Appliances"",""Built-in Wardrobes""]","[""Sand""]","[""Football""]","[""Picnic Areas"",""Restaurants"",""Retail"",""Spa & Gym"",""Children's Club""]",Depends on return,"{""age"":""45–54"",""unit_size"":""4BR"",""nationality"":""Egypt"",""price_range"":""700k–1.5M SAR"",""payment_plan"":""3–5 years"",""home_features"":[""Sea Views""],""property_type"":""Beach Villa"",""social_status"":""Married"",""timing_to_buy"":""2028 – 2029"",""managed_rental"":""Depends on return"",""no_of_children"":""3"",""primary_reason"":""Family holidays"",""exterior_colour"":[""Sand""],""has_second_home"":""Self-owned"",""sport_amenities"":[""Football""],""premium_features"":[""Installed Kitchen"",""Kitchen Appliances"",""Built-in Wardrobes""],""community_mobility"":[""Private Buggy""],""staff_accommodation"":""A maid's room"",""additional_amenities"":[""Picnic Areas"",""Restaurants"",""Retail"",""Spa & Gym"",""Children's Club""],""travel_to_destination"":""Car""}",3–5 years,Car,"[""Private Buggy""]"
6182e93d-01fe-41ec-afba-a40c6d308dd9,2026-09-09 13:27:46.636998+00,,35–44,Philippines,Single,2,Self-owned,2026 – 2027,Both,No preference,3BR,700k–1.5M SAR,"[""Sea Views"",""Balconies & Terraces"",""Outdoor Space""]",Not required,"[""Installed Kitchen"",""Kitchen Appliances"",""Built-in Wardrobes"",""Private Pool""]","[""Blue""]","[""Padel"",""Volleyball"",""Tennis""]","[""Spa & Gym"",""Restaurants"",""Cafes"",""Retail"",""Beach Club"",""Picnic Areas"",""Ladies Facilities"",""Social Lounge"",""Children's Club""]",Depends on return,"{""age"":""35–44"",""unit_size"":""3BR"",""nationality"":""Philippines"",""price_range"":""700k–1.5M SAR"",""payment_plan"":""3–5 years"",""home_features"":[""Sea Views"",""Balconies & Terraces"",""Outdoor Space""],""property_type"":""No preference"",""social_status"":""Single"",""timing_to_buy"":""2026 – 2027"",""managed_rental"":""Depends on return"",""no_of_children"":""2"",""primary_reason"":""Both"",""exterior_colour"":[""Blue""],""has_second_home"":""Self-owned"",""sport_amenities"":[""Padel"",""Volleyball"",""Tennis""],""premium_features"":[""Installed Kitchen"",""Kitchen Appliances"",""Built-in Wardrobes"",""Private Pool""],""community_mobility"":[""Private Buggy""],""staff_accommodation"":""Not required"",""additional_amenities"":[""Spa & Gym"",""Restaurants"",""Cafes"",""Retail"",""Beach Club"",""Picnic Areas"",""Ladies Facilities"",""Social Lounge"",""Children's Club""],""travel_to_destination"":""Car""}",3–5 years,Car,"[""Private Buggy""]"
61f8ba4b-27ff-453f-8ccb-90a00d43a9eb,2026-09-09 14:30:52.823349+00,,35–44,India,Married,1,No,2030 onwards,Investment,Apartment,2BR,700k–1.5M SAR,"[""Balconies & Terraces"",""Sea Views"",""Outdoor Space""]",,"[""Built-in Wardrobes"",""Installed Kitchen"",""Kitchen Appliances""]","[""Sand""]","[""Padel"",""Tennis"",""Volleyball""]","[""Spa & Gym"",""Children's Club"",""Social Lounge"",""Ladies Facilities"",""Restaurants"",""Cafes"",""Retail"",""Picnic Areas""]",Depends on return,"{""age"":""35–44"",""unit_size"":""2BR"",""nationality"":""India"",""price_range"":""700k–1.5M SAR"",""payment_plan"":""5+ yrs"",""home_features"":[""Balconies & Terraces"",""Sea Views"",""Outdoor Space""],""property_type"":""Apartment"",""social_status"":""Married"",""timing_to_buy"":""2030 onwards"",""managed_rental"":""Depends on return"",""no_of_children"":""1"",""primary_reason"":""Investment"",""exterior_colour"":[""Sand""],""has_second_home"":""No"",""sport_amenities"":[""Padel"",""Tennis"",""Volleyball""],""premium_features"":[""Built-in Wardrobes"",""Installed Kitchen"",""Kitchen Appliances""],""community_mobility"":[""Walking"",""Cycling""],""staff_accommodation"":null,""additional_amenities"":[""Spa & Gym"",""Children's Club"",""Social Lounge"",""Ladies Facilities"",""Restaurants"",""Cafes"",""Retail"",""Picnic Areas""],""travel_to_destination"":""Air""}",5+ yrs,Air,"[""Walking"",""Cycling""]"
631a4d1b-679d-4c24-b484-a67279945322,2026-09-09 15:44:24.902491+00,,45–54,India,Married,2,Self-owned,2028 – 2029,Both,Villa,3BR,1.5M–3M SAR,"[""Privacy"",""Outdoor Space"",""Park Views""]",A maid's room,"[""Kitchen Appliances""]","[""Sand""]","[""Other: indoor badminton, swimming pool, tai-chi / yoga room""]","[""Other: Pure Vegetarian food outlets""]",Depends on fees & flexibility,"{""age"":""45–54"",""unit_size"":""3BR"",""nationality"":""India"",""price_range"":""1.5M–3M SAR"",""payment_plan"":""5+ yrs"",""home_features"":[""Privacy"",""Outdoor Space"",""Park Views""],""property_type"":""Villa"",""social_status"":""Married"",""timing_to_buy"":""2028 – 2029"",""managed_rental"":""Depends on fees & flexibility"",""no_of_children"":""2"",""primary_reason"":""Both"",""exterior_colour"":[""Sand""],""has_second_home"":""Self-owned"",""sport_amenities"":[""Other: indoor badminton, swimming pool, tai-chi / yoga room""],""premium_features"":[""Kitchen Appliances""],""community_mobility"":[""Walking"",""Shared Buggy / Community Shuttle""],""staff_accommodation"":""A maid's room"",""additional_amenities"":[""Other: Pure Vegetarian food outlets""],""travel_to_destination"":""Car""}",5+ yrs,Car,"[""Walking"",""Shared Buggy / Community Shuttle""]"
63ccb9d3-3f15-47a9-afb9-50cb4bea6321,2026-09-10 07:23:40.297272+00,,25–34,Philippines,Single,0,Family-owned,2030 onwards,Both,Apartment,2BR,1.5M–3M SAR,"[""Outdoor Space"",""Balconies & Terraces"",""Sea Views""]",,"[""Installed Kitchen"",""Private Pool"",""Kitchen Appliances"",""Built-in Wardrobes""]","[""Sand""]","[""Water sports"",""Volleyball""]","[""Spa & Gym"",""Social Lounge"",""Beach Club"",""Restaurants"",""Cafes"",""Retail""]",Depends on return,"{""age"":""25–34"",""unit_size"":""2BR"",""nationality"":""Philippines"",""price_range"":""1.5M–3M SAR"",""payment_plan"":""5+ yrs"",""home_features"":[""Outdoor Space"",""Balconies & Terraces"",""Sea Views""],""property_type"":""Apartment"",""social_status"":""Single"",""timing_to_buy"":""2030 onwards"",""managed_rental"":""Depends on return"",""no_of_children"":""0"",""primary_reason"":""Both"",""exterior_colour"":[""Sand""],""has_second_home"":""Family-owned"",""sport_amenities"":[""Water sports"",""Volleyball""],""premium_features"":[""Installed Kitchen"",""Private Pool"",""Kitchen Appliances"",""Built-in Wardrobes""],""community_mobility"":[""Walking""],""staff_accommodation"":null,""additional_amenities"":[""Spa & Gym"",""Social Lounge"",""Beach Club"",""Restaurants"",""Cafes"",""Retail""],""travel_to_destination"":""Air""}",5+ yrs,Air,"[""Walking""]"
63de59c8-29ea-4d41-a58f-ff5f1c5e9932,2026-09-09 13:34:53.09067+00,,35–44,South Africa,Married,2,No,2028 – 2029,Investment,Apartment,3BR,700k–1.5M SAR,"[""Sea Views"",""Outdoor Space"",""Privacy""]",,"[""Installed Kitchen"",""Private Pool""]","[""Sand""]","[""Water sports"",""Padel""]","[""Spa & Gym"",""Children's Club"",""Picnic Areas"",""Beach Club"",""Restaurants"",""Cafes""]",Depends on fees & flexibility,"{""age"":""35–44"",""unit_size"":""3BR"",""nationality"":""South Africa"",""price_range"":""700k–1.5M SAR"",""payment_plan"":""3–5 years"",""home_features"":[""Sea Views"",""Outdoor Space"",""Privacy""],""property_type"":""Apartment"",""social_status"":""Married"",""timing_to_buy"":""2028 – 2029"",""managed_rental"":""Depends on fees & flexibility"",""no_of_children"":""2"",""primary_reason"":""Investment"",""exterior_colour"":[""Sand""],""has_second_home"":""No"",""sport_amenities"":[""Water sports"",""Padel""],""premium_features"":[""Installed Kitchen"",""Private Pool""],""community_mobility"":[""Walking"",""Private Buggy"",""Personal Car""],""staff_accommodation"":null,""additional_amenities"":[""Spa & Gym"",""Children's Club"",""Picnic Areas"",""Beach Club"",""Restaurants"",""Cafes""],""travel_to_destination"":""Air""}",3–5 years,Air,"[""Walking"",""Private Buggy"",""Personal Car""]"
6474fd47-d0be-46c5-a233-a132d2b00011,2026-09-09 14:33:03.587813+00,,45–54,Lebanon,Married,2,Self-owned,2030 onwards,Both,Villa,3BR,1.5M–3M SAR,"[""Sea Views""]",A maid's room,"[""Installed Kitchen"",""Built-in Wardrobes"",""Kitchen Appliances"",""Private Pool""]","[""Sage""]","[""Water sports"",""Basketball"",""Football""]","[""Spa & Gym"",""Children's Club"",""Ladies Facilities"",""Beach Club"",""Cafes"",""Restaurants"",""Retail"",""Picnic Areas""]",Depends on return,"{""age"":""45–54"",""unit_size"":""3BR"",""nationality"":""Lebanon"",""price_range"":""1.5M–3M SAR"",""payment_plan"":""5+ yrs"",""home_features"":[""Sea Views""],""property_type"":""Villa"",""social_status"":""Married"",""timing_to_buy"":""2030 onwards"",""managed_rental"":""Depends on return"",""no_of_children"":""2"",""primary_reason"":""Both"",""exterior_colour"":[""Sage""],""has_second_home"":""Self-owned"",""sport_amenities"":[""Water sports"",""Basketball"",""Football""],""premium_features"":[""Installed Kitchen"",""Built-in Wardrobes"",""Kitchen Appliances"",""Private Pool""],""community_mobility"":[""Walking"",""Cycling"",""Shared Buggy / Community Shuttle""],""staff_accommodation"":""A maid's room"",""additional_amenities"":[""Spa & Gym"",""Children's Club"",""Ladies Facilities"",""Beach Club"",""Cafes"",""Restaurants"",""Retail"",""Picnic Areas""],""travel_to_destination"":""Air""}",5+ yrs,Air,"[""Walking"",""Cycling"",""Shared Buggy / Community Shuttle""]"
656654dc-71d1-4751-b9f9-baedb104a19b,2026-09-10 07:07:59.830576+00,,35–44,Thailand,Married,0,Family-owned,2030 onwards,Both,No preference,2BR,700k–1.5M SAR,"[""Outdoor Space""]",Not required,"[""Installed Kitchen"",""Built-in Wardrobes""]","[""Sage""]","[""Tennis""]","[""Spa & Gym"",""Ladies Facilities"",""Picnic Areas"",""Restaurants"",""Cafes"",""Retail""]",Depends on fees & flexibility,"{""age"":""35–44"",""unit_size"":""2BR"",""nationality"":""Thailand"",""price_range"":""700k–1.5M SAR"",""payment_plan"":""5+ yrs"",""home_features"":[""Outdoor Space""],""property_type"":""No preference"",""social_status"":""Married"",""timing_to_buy"":""2030 onwards"",""managed_rental"":""Depends on fees & flexibility"",""no_of_children"":""0"",""primary_reason"":""Both"",""exterior_colour"":[""Sage""],""has_second_home"":""Family-owned"",""sport_amenities"":[""Tennis""],""premium_features"":[""Installed Kitchen"",""Built-in Wardrobes""],""community_mobility"":[""Walking"",""Cycling""],""staff_accommodation"":""Not required"",""additional_amenities"":[""Spa & Gym"",""Ladies Facilities"",""Picnic Areas"",""Restaurants"",""Cafes"",""Retail""],""travel_to_destination"":""Car""}",5+ yrs,Car,"[""Walking"",""Cycling""]"
656c9b2c-bac6-4318-ae0f-a2ce4cea79b2,2026-09-10 09:24:27.635179+00,,25–34,Saudi Arabia,Single,0,No,2030 onwards,Investment,Apartment,2BR,700k–1.5M SAR,"[""Balconies & Terraces""]",,"[""Installed Kitchen""]","[""Blue""]","[""Water sports"",""Tennis""]","[""Spa & Gym"",""Cafes""]",Depends on fees & flexibility,"{""age"":""25–34"",""unit_size"":""2BR"",""nationality"":""Saudi Arabia"",""price_range"":""700k–1.5M SAR"",""payment_plan"":""3–5 years"",""home_features"":[""Balconies & Terraces""],""property_type"":""Apartment"",""social_status"":""Single"",""timing_to_buy"":""2030 onwards"",""managed_rental"":""Depends on fees & flexibility"",""no_of_children"":""0"",""primary_reason"":""Investment"",""exterior_colour"":[""Blue""],""has_second_home"":""No"",""sport_amenities"":[""Water sports"",""Tennis""],""premium_features"":[""Installed Kitchen""],""community_mobility"":[""Walking""],""staff_accommodation"":null,""additional_amenities"":[""Spa & Gym"",""Cafes""],""travel_to_destination"":""Air""}",3–5 years,Air,"[""Walking""]"
663a0d76-9167-44c4-b4bb-8eeea5376f38,2026-09-09 14:03:49.059718+00,,35–44,India,Married,2,No,2030 onwards,Investment,Apartment,2BR,700k–1.5M SAR,"[""Sea Views"",""Balconies & Terraces"",""Outdoor Space""]",,"[""Kitchen Appliances""]","[""Sage""]","[""Water sports""]","[""Children's Club""]",Yes,"{""age"":""35–44"",""unit_size"":""2BR"",""nationality"":""India"",""price_range"":""700k–1.5M SAR"",""payment_plan"":""5+ yrs"",""home_features"":[""Sea Views"",""Balconies & Terraces"",""Outdoor Space""],""property_type"":""Apartment"",""social_status"":""Married"",""timing_to_buy"":""2030 onwards"",""managed_rental"":""Yes"",""no_of_children"":""2"",""primary_reason"":""Investment"",""exterior_colour"":[""Sage""],""has_second_home"":""No"",""sport_amenities"":[""Water sports""],""premium_features"":[""Kitchen Appliances""],""community_mobility"":[""Walking""],""staff_accommodation"":null,""additional_amenities"":[""Children's Club""],""travel_to_destination"":""Car""}",5+ yrs,Car,"[""Walking""]"
6663d04d-e09d-4c61-b67b-f9a4c8e810db,2026-09-10 05:39:06.488429+00,,25–34,Saudi Arabia,Married,1,No,2028 – 2029,Both,No preference,3BR,700k–1.5M SAR,"[""Sea Views""]",Not required,"[""Installed Kitchen"",""Private Pool""]","[""Sand"",""Sage"",""Other: White""]","[""Tennis"",""Water sports"",""Volleyball""]","[""Spa & Gym"",""Children's Club"",""Beach Club"",""Restaurants"",""Cafes"",""Retail"",""Ladies Facilities""]",Depends on return,"{""age"":""25–34"",""unit_size"":""3BR"",""nationality"":""Saudi Arabia"",""price_range"":""700k–1.5M SAR"",""payment_plan"":""5+ yrs"",""home_features"":[""Sea Views""],""property_type"":""No preference"",""social_status"":""Married"",""timing_to_buy"":""2028 – 2029"",""managed_rental"":""Depends on return"",""no_of_children"":""1"",""primary_reason"":""Both"",""exterior_colour"":[""Sand"",""Sage"",""Other: White""],""has_second_home"":""No"",""sport_amenities"":[""Tennis"",""Water sports"",""Volleyball""],""premium_features"":[""Installed Kitchen"",""Private Pool""],""community_mobility"":[""Walking"",""Cycling"",""Shared Buggy / Community Shuttle""],""staff_accommodation"":""Not required"",""additional_amenities"":[""Spa & Gym"",""Children's Club"",""Beach Club"",""Restaurants"",""Cafes"",""Retail"",""Ladies Facilities""],""travel_to_destination"":""Car""}",5+ yrs,Car,"[""Walking"",""Cycling"",""Shared Buggy / Community Shuttle""]"
667c8853-cab1-4a09-8604-3c91afbfaa5e,2026-09-09 13:26:30.514716+00,,45–54,India,Married,2,Self-owned,2028 – 2029,Both,Apartment,2BR,700k–1.5M SAR,"[""Balconies & Terraces""]",,"[""Built-in Wardrobes"",""Installed Kitchen""]","[""Sage""]","[""Other: cricket, badminton, squash""]","[""Spa & Gym"",""Ladies Facilities"",""Beach Club"",""Restaurants""]",Depends on return,"{""age"":""45–54"",""unit_size"":""2BR"",""nationality"":""India"",""price_range"":""700k–1.5M SAR"",""payment_plan"":""5+ yrs"",""home_features"":[""Balconies & Terraces""],""property_type"":""Apartment"",""social_status"":""Married"",""timing_to_buy"":""2028 – 2029"",""managed_rental"":""Depends on return"",""no_of_children"":""2"",""primary_reason"":""Both"",""exterior_colour"":[""Sage""],""has_second_home"":""Self-owned"",""sport_amenities"":[""Other: cricket, badminton, squash""],""premium_features"":[""Built-in Wardrobes"",""Installed Kitchen""],""community_mobility"":[""Walking""],""staff_accommodation"":null,""additional_amenities"":[""Spa & Gym"",""Ladies Facilities"",""Beach Club"",""Restaurants""],""travel_to_destination"":""Car""}",5+ yrs,Car,"[""Walking""]"
6711b142-70ca-4f76-aa14-c368f79dacad,2026-09-09 17:18:59.961549+00,,25–34,Saudi Arabia,Single,0,No,2028 – 2029,Investment,Apartment,1BR,700k–1.5M SAR,"[""Privacy""]",,"[""Kitchen Appliances""]","[""Blue""]","[""Padel""]","[""Spa & Gym""]",Yes,"{""age"":""25–34"",""unit_size"":""1BR"",""nationality"":""Saudi Arabia"",""price_range"":""700k–1.5M SAR"",""payment_plan"":""5+ yrs"",""home_features"":[""Privacy""],""property_type"":""Apartment"",""social_status"":""Single"",""timing_to_buy"":""2028 – 2029"",""managed_rental"":""Yes"",""no_of_children"":""0"",""primary_reason"":""Investment"",""exterior_colour"":[""Blue""],""has_second_home"":""No"",""sport_amenities"":[""Padel""],""premium_features"":[""Kitchen Appliances""],""community_mobility"":[""Walking""],""staff_accommodation"":null,""additional_amenities"":[""Spa & Gym""],""travel_to_destination"":""Car""}",5+ yrs,Car,"[""Walking""]"
67abe1cb-49f3-45c9-b4bf-87e40fd247ed,2026-09-10 10:14:27.226781+00,,35–44,Philippines,Single,1,Self-owned,2030 onwards,Investment,Apartment,2BR,700k–1.5M SAR,"[""Balconies & Terraces"",""Park Views"",""Privacy""]",,"[""Installed Kitchen"",""Built-in Wardrobes"",""Kitchen Appliances""]","[""Sand""]","[""Basketball"",""Football"",""Water sports""]","[""Children's Club"",""Social Lounge"",""Picnic Areas"",""Beach Club"",""Restaurants"",""Cafes"",""Retail""]",Depends on fees & flexibility,"{""age"":""35–44"",""unit_size"":""2BR"",""nationality"":""Philippines"",""price_range"":""700k–1.5M SAR"",""payment_plan"":""5+ yrs"",""home_features"":[""Balconies & Terraces"",""Park Views"",""Privacy""],""property_type"":""Apartment"",""social_status"":""Single"",""timing_to_buy"":""2030 onwards"",""managed_rental"":""Depends on fees & flexibility"",""no_of_children"":""1"",""primary_reason"":""Investment"",""exterior_colour"":[""Sand""],""has_second_home"":""Self-owned"",""sport_amenities"":[""Basketball"",""Football"",""Water sports""],""premium_features"":[""Installed Kitchen"",""Built-in Wardrobes"",""Kitchen Appliances""],""community_mobility"":[""Walking"",""Cycling"",""Shared Buggy / Community Shuttle""],""staff_accommodation"":null,""additional_amenities"":[""Children's Club"",""Social Lounge"",""Picnic Areas"",""Beach Club"",""Restaurants"",""Cafes"",""Retail""],""travel_to_destination"":""Car""}",5+ yrs,Car,"[""Walking"",""Cycling"",""Shared Buggy / Community Shuttle""]"
67db96aa-e40c-4e51-8cf1-604c204e3936,2026-09-09 13:33:16.533205+00,,55–64,United Kingdom,Married,2,No,2028 – 2029,Both,Apartment,2BR,700k–1.5M SAR,"[""Sea Views"",""Privacy"",""Outdoor Space""]",,"[""Kitchen Appliances""]","[""Sage""]","[""Padel"",""Tennis"",""Volleyball""]","[""Spa & Gym"",""Ladies Facilities"",""Picnic Areas"",""Beach Club"",""Restaurants"",""Cafes"",""Retail""]",No,"{""age"":""55–64"",""unit_size"":""2BR"",""nationality"":""United Kingdom"",""price_range"":""700k–1.5M SAR"",""payment_plan"":""1–2 years"",""home_features"":[""Sea Views"",""Privacy"",""Outdoor Space""],""property_type"":""Apartment"",""social_status"":""Married"",""timing_to_buy"":""2028 – 2029"",""managed_rental"":""No"",""no_of_children"":""2"",""primary_reason"":""Both"",""exterior_colour"":[""Sage""],""has_second_home"":""No"",""sport_amenities"":[""Padel"",""Tennis"",""Volleyball""],""premium_features"":[""Kitchen Appliances""],""community_mobility"":[""Walking""],""staff_accommodation"":null,""additional_amenities"":[""Spa & Gym"",""Ladies Facilities"",""Picnic Areas"",""Beach Club"",""Restaurants"",""Cafes"",""Retail""],""travel_to_destination"":""Car""}",1–2 years,Car,"[""Walking""]"
67fd1ed3-ba26-43e6-b9f7-1d45e69d2b00,2026-09-09 13:11:27.954893+00,,45–54,India,Married,2,No,2030 onwards,Both,Apartment,3BR,1.5M–3M SAR,"[""Balconies & Terraces"",""Outdoor Space"",""Park Views""]",,"[""Installed Kitchen""]","[""Sand""]","[""Padel"",""Tennis"",""Football""]","[""Spa & Gym"",""Children's Club"",""Beach Club""]",Depends on fees & flexibility,"{""age"":""45–54"",""unit_size"":""3BR"",""nationality"":""India"",""price_range"":""1.5M–3M SAR"",""payment_plan"":""5+ yrs"",""home_features"":[""Balconies & Terraces"",""Outdoor Space"",""Park Views""],""property_type"":""Apartment"",""social_status"":""Married"",""timing_to_buy"":""2030 onwards"",""managed_rental"":""Depends on fees & flexibility"",""no_of_children"":""2"",""primary_reason"":""Both"",""exterior_colour"":[""Sand""],""has_second_home"":""No"",""sport_amenities"":[""Padel"",""Tennis"",""Football""],""premium_features"":[""Installed Kitchen""],""community_mobility"":[""Walking"",""Cycling"",""Private Buggy"",""Shared Buggy / Community Shuttle"",""Personal Car""],""staff_accommodation"":null,""additional_amenities"":[""Spa & Gym"",""Children's Club"",""Beach Club""],""travel_to_destination"":""Car""}",5+ yrs,Car,"[""Walking"",""Cycling"",""Private Buggy"",""Shared Buggy / Community Shuttle"",""Personal Car""]"
680c4460-59b0-4588-a325-f898226389a3,2026-09-09 13:13:05.800589+00,,45–54,India,Married,2,Self-owned,2030 onwards,Investment,Apartment,2BR,1.5M–3M SAR,"[""Sea Views""]",,"[""Installed Kitchen""]","[""Rose"",""Sand""]","[""Padel"",""Basketball"",""Football""]","[""Children's Club"",""Restaurants"",""Picnic Areas""]",Depends on return,"{""age"":""45–54"",""unit_size"":""2BR"",""nationality"":""India"",""price_range"":""1.5M–3M SAR"",""payment_plan"":""3–5 years"",""home_features"":[""Sea Views""],""property_type"":""Apartment"",""social_status"":""Married"",""timing_to_buy"":""2030 onwards"",""managed_rental"":""Depends on return"",""no_of_children"":""2"",""primary_reason"":""Investment"",""exterior_colour"":[""Rose"",""Sand""],""has_second_home"":""Self-owned"",""sport_amenities"":[""Padel"",""Basketball"",""Football""],""premium_features"":[""Installed Kitchen""],""community_mobility"":[""Shared Buggy / Community Shuttle""],""staff_accommodation"":null,""additional_amenities"":[""Children's Club"",""Restaurants"",""Picnic Areas""],""travel_to_destination"":""Air""}",3–5 years,Air,"[""Shared Buggy / Community Shuttle""]"
68351bb2-afb0-4eef-bcc9-6817b53fea11,2026-09-10 11:02:33.479868+00,,25–34,Saudi Arabia,Single,0,No,2030 onwards,Both,Townhouse,3BR,700k–1.5M SAR,"[""Sea Views"",""Balconies & Terraces"",""Outdoor Space""]",Not required,"[""Private Pool""]","[""Sand"",""Sage"",""Blue""]","[""Padel"",""Football"",""Water sports""]","[""Spa & Gym"",""Beach Club"",""Retail"",""Cafes"",""Children's Club"",""Restaurants"",""Picnic Areas"",""Social Lounge""]",Depends on fees & flexibility,"{""age"":""25–34"",""unit_size"":""3BR"",""nationality"":""Saudi Arabia"",""price_range"":""700k–1.5M SAR"",""payment_plan"":""5+ yrs"",""home_features"":[""Sea Views"",""Balconies & Terraces"",""Outdoor Space""],""property_type"":""Townhouse"",""social_status"":""Single"",""timing_to_buy"":""2030 onwards"",""managed_rental"":""Depends on fees & flexibility"",""no_of_children"":""0"",""primary_reason"":""Both"",""exterior_colour"":[""Sand"",""Sage"",""Blue""],""has_second_home"":""No"",""sport_amenities"":[""Padel"",""Football"",""Water sports""],""premium_features"":[""Private Pool""],""community_mobility"":[""Walking"",""Cycling"",""Private Buggy"",""Personal Car""],""staff_accommodation"":""Not required"",""additional_amenities"":[""Spa & Gym"",""Beach Club"",""Retail"",""Cafes"",""Children's Club"",""Restaurants"",""Picnic Areas"",""Social Lounge""],""travel_to_destination"":""Car""}",5+ yrs,Car,"[""Walking"",""Cycling"",""Private Buggy"",""Personal Car""]"
689131af-4b15-4a7b-a407-28a0b310aa62,2026-09-13 10:28:58.85081+00,,25–34,United States,Single,0,Family-owned,2030 onwards,Both,Apartment,2BR,700k–1.5M SAR,"[""Sea Views"",""Balconies & Terraces"",""Outdoor Space""]",,"[""Private Pool"",""Installed Kitchen""]","[""Sage"",""Sand""]","[""Padel"",""Football"",""Volleyball""]","[""Spa & Gym"",""Social Lounge"",""Cafes""]",Depends on fees & flexibility,"{""age"":""25–34"",""unit_size"":""2BR"",""nationality"":""United States"",""price_range"":""700k–1.5M SAR"",""payment_plan"":""5+ yrs"",""home_features"":[""Sea Views"",""Balconies & Terraces"",""Outdoor Space""],""property_type"":""Apartment"",""social_status"":""Single"",""timing_to_buy"":""2030 onwards"",""managed_rental"":""Depends on fees & flexibility"",""no_of_children"":""0"",""primary_reason"":""Both"",""exterior_colour"":[""Sage"",""Sand""],""has_second_home"":""Family-owned"",""sport_amenities"":[""Padel"",""Football"",""Volleyball""],""premium_features"":[""Private Pool"",""Installed Kitchen""],""community_mobility"":[""Walking"",""Cycling""],""staff_accommodation"":null,""additional_amenities"":[""Spa & Gym"",""Social Lounge"",""Cafes""],""travel_to_destination"":""Air""}",5+ yrs,Air,"[""Walking"",""Cycling""]"
6893598e-f1b2-4c8b-9761-c99dc8851ac6,2026-09-10 05:27:08.206434+00,,35–44,Saudi Arabia,Married,2,No,2028 – 2029,Both,Townhouse,3BR,700k–1.5M SAR,"[""Balconies & Terraces"",""Sea Views""]",Not required,"[""Installed Kitchen"",""Private Pool"",""Built-in Wardrobes""]","[""Sand"",""Other: Olive green / dakota shadow""]","[""Volleyball"",""Water sports"",""Padel""]","[""Spa & Gym"",""Restaurants"",""Cafes"",""Retail"",""Picnic Areas""]",Depends on return,"{""age"":""35–44"",""unit_size"":""3BR"",""nationality"":""Saudi Arabia"",""price_range"":""700k–1.5M SAR"",""payment_plan"":""3–5 years"",""home_features"":[""Balconies & Terraces"",""Sea Views""],""property_type"":""Townhouse"",""social_status"":""Married"",""timing_to_buy"":""2028 – 2029"",""managed_rental"":""Depends on return"",""no_of_children"":""2"",""primary_reason"":""Both"",""exterior_colour"":[""Sand"",""Other: Olive green / dakota shadow""],""has_second_home"":""No"",""sport_amenities"":[""Volleyball"",""Water sports"",""Padel""],""premium_features"":[""Installed Kitchen"",""Private Pool"",""Built-in Wardrobes""],""community_mobility"":[""Walking"",""Cycling"",""Shared Buggy / Community Shuttle""],""staff_accommodation"":""Not required"",""additional_amenities"":[""Spa & Gym"",""Restaurants"",""Cafes"",""Retail"",""Picnic Areas""],""travel_to_destination"":""Air""}",3–5 years,Air,"[""Walking"",""Cycling"",""Shared Buggy / Community Shuttle""]"
68b98c5e-06f3-47c1-b051-64d3cb6c07b6,2026-09-10 06:05:29.411667+00,,35–44,United Kingdom,Married,0,No,2028 – 2029,Investment,Apartment,2BR,700k–1.5M SAR,"[""Outdoor Space"",""Balconies & Terraces"",""Privacy""]",,"[""Installed Kitchen"",""Kitchen Appliances"",""Built-in Wardrobes"",""Private Pool""]","[""Sand""]","[""Football"",""Padel"",""Tennis""]","[""Spa & Gym"",""Children's Club"",""Ladies Facilities"",""Picnic Areas"",""Restaurants"",""Cafes"",""Retail""]",Depends on return,"{""age"":""35–44"",""unit_size"":""2BR"",""nationality"":""United Kingdom"",""price_range"":""700k–1.5M SAR"",""payment_plan"":""3–5 years"",""home_features"":[""Outdoor Space"",""Balconies & Terraces"",""Privacy""],""property_type"":""Apartment"",""social_status"":""Married"",""timing_to_buy"":""2028 – 2029"",""managed_rental"":""Depends on return"",""no_of_children"":""0"",""primary_reason"":""Investment"",""exterior_colour"":[""Sand""],""has_second_home"":""No"",""sport_amenities"":[""Football"",""Padel"",""Tennis""],""premium_features"":[""Installed Kitchen"",""Kitchen Appliances"",""Built-in Wardrobes"",""Private Pool""],""community_mobility"":[""Walking"",""Shared Buggy / Community Shuttle"",""Personal Car""],""staff_accommodation"":null,""additional_amenities"":[""Spa & Gym"",""Children's Club"",""Ladies Facilities"",""Picnic Areas"",""Restaurants"",""Cafes"",""Retail""],""travel_to_destination"":""Air""}",3–5 years,Air,"[""Walking"",""Shared Buggy / Community Shuttle"",""Personal Car""]"
68e55e6e-3a74-49dc-a628-f775f928b3e7,2026-09-10 12:09:46.581007+00,,25–34,Saudi Arabia,Married,0,No,2030 onwards,Both,No preference,3BR,700k–1.5M SAR,"[""Privacy"",""Sea Views"",""Outdoor Space""]",Not required,"[""Installed Kitchen""]","[""Sand""]","[""Water sports"",""Volleyball"",""Padel""]","[""Children's Club"",""Ladies Facilities"",""Picnic Areas"",""Restaurants"",""Cafes"",""Spa & Gym""]",Depends on fees & flexibility,"{""age"":""25–34"",""unit_size"":""3BR"",""nationality"":""Saudi Arabia"",""price_range"":""700k–1.5M SAR"",""payment_plan"":""5+ yrs"",""home_features"":[""Privacy"",""Sea Views"",""Outdoor Space""],""property_type"":""No preference"",""social_status"":""Married"",""timing_to_buy"":""2030 onwards"",""managed_rental"":""Depends on fees & flexibility"",""no_of_children"":""0"",""primary_reason"":""Both"",""exterior_colour"":[""Sand""],""has_second_home"":""No"",""sport_amenities"":[""Water sports"",""Volleyball"",""Padel""],""premium_features"":[""Installed Kitchen""],""community_mobility"":[""Personal Car""],""staff_accommodation"":""Not required"",""additional_amenities"":[""Children's Club"",""Ladies Facilities"",""Picnic Areas"",""Restaurants"",""Cafes"",""Spa & Gym""],""travel_to_destination"":""Car""}",5+ yrs,Car,"[""Personal Car""]"
692129fd-c55f-4a72-8bf2-47881fba0217,2026-09-09 14:04:21.805576+00,,25–34,Saudi Arabia,Single,0,No,2030 onwards,Both,Villa,3BR,700k–1.5M SAR,"[""Outdoor Space"",""Privacy""]",Not required,"[""Installed Kitchen"",""Kitchen Appliances"",""Built-in Wardrobes"",""Private Pool"",""Other: fully furnished""]","[""Sand"",""Other: primary natural color like beige or off white and secondary local colors like blue and green""]","[""Football"",""Basketball"",""Padel""]","[""Children's Club"",""Ladies Facilities"",""Picnic Areas"",""Retail"",""Cafes"",""Restaurants"",""Social Lounge"",""Other: supermarket, laundry service, gas/charging station.""]",Depends on return,"{""age"":""25–34"",""unit_size"":""3BR"",""nationality"":""Saudi Arabia"",""price_range"":""700k–1.5M SAR"",""payment_plan"":""5+ yrs"",""home_features"":[""Outdoor Space"",""Privacy""],""property_type"":""Villa"",""social_status"":""Single"",""timing_to_buy"":""2030 onwards"",""managed_rental"":""Depends on return"",""no_of_children"":""0"",""primary_reason"":""Both"",""exterior_colour"":[""Sand"",""Other: primary natural color like beige or off white and secondary local colors like blue and green""],""has_second_home"":""No"",""sport_amenities"":[""Football"",""Basketball"",""Padel""],""premium_features"":[""Installed Kitchen"",""Kitchen Appliances"",""Built-in Wardrobes"",""Private Pool"",""Other: fully furnished""],""community_mobility"":[""Cycling"",""Walking""],""staff_accommodation"":""Not required"",""additional_amenities"":[""Children's Club"",""Ladies Facilities"",""Picnic Areas"",""Retail"",""Cafes"",""Restaurants"",""Social Lounge"",""Other: supermarket, laundry service, gas/charging station.""],""travel_to_destination"":""Air""}",5+ yrs,Air,"[""Cycling"",""Walking""]"
698019ca-31e8-4664-bb95-d616dec4f802,2026-09-09 13:08:47.339404+00,,35–44,Turkey,Single,0,Self-owned,2026 – 2027,Investment,Apartment,3BR,700k–1.5M SAR,"[""Balconies & Terraces"",""Sea Views"",""Outdoor Space""]",,"[""Kitchen Appliances"",""Private Pool""]","[""Sand""]","[""Basketball"",""Water sports"",""Volleyball""]","[""Spa & Gym"",""Restaurants"",""Cafes"",""Retail"",""Beach Club"",""Social Lounge""]",Yes,"{""age"":""35–44"",""unit_size"":""3BR"",""nationality"":""Turkey"",""price_range"":""700k–1.5M SAR"",""payment_plan"":""3–5 years"",""home_features"":[""Balconies & Terraces"",""Sea Views"",""Outdoor Space""],""property_type"":""Apartment"",""social_status"":""Single"",""timing_to_buy"":""2026 – 2027"",""managed_rental"":""Yes"",""no_of_children"":""0"",""primary_reason"":""Investment"",""exterior_colour"":[""Sand""],""has_second_home"":""Self-owned"",""sport_amenities"":[""Basketball"",""Water sports"",""Volleyball""],""premium_features"":[""Kitchen Appliances"",""Private Pool""],""community_mobility"":[""Walking"",""Personal Car"",""Cycling""],""staff_accommodation"":null,""additional_amenities"":[""Spa & Gym"",""Restaurants"",""Cafes"",""Retail"",""Beach Club"",""Social Lounge""],""travel_to_destination"":""Car""}",3–5 years,Car,"[""Walking"",""Personal Car"",""Cycling""]"
6a5a443f-cd5f-4181-91b9-ebfd11ceacde,2026-09-09 13:10:20.306888+00,,35–44,Saudi Arabia,Married,2,Self-owned,2028 – 2029,Investment,Townhouse,2BR,700k–1.5M SAR,"[""Balconies & Terraces"",""Sea Views"",""Park Views""]",Not required,"[""Kitchen Appliances"",""Built-in Wardrobes""]","[""Blue""]","[""Football"",""Basketball"",""Volleyball""]","[""Spa & Gym"",""Social Lounge"",""Beach Club"",""Ladies Facilities"",""Cafes"",""Other: Hookah Lounges""]",No,"{""age"":""35–44"",""unit_size"":""2BR"",""nationality"":""Saudi Arabia"",""price_range"":""700k–1.5M SAR"",""payment_plan"":""5+ yrs"",""home_features"":[""Balconies & Terraces"",""Sea Views"",""Park Views""],""property_type"":""Townhouse"",""social_status"":""Married"",""timing_to_buy"":""2028 – 2029"",""managed_rental"":""No"",""no_of_children"":""2"",""primary_reason"":""Investment"",""exterior_colour"":[""Blue""],""has_second_home"":""Self-owned"",""sport_amenities"":[""Football"",""Basketball"",""Volleyball""],""premium_features"":[""Kitchen Appliances"",""Built-in Wardrobes""],""community_mobility"":[""Cycling""],""staff_accommodation"":""Not required"",""additional_amenities"":[""Spa & Gym"",""Social Lounge"",""Beach Club"",""Ladies Facilities"",""Cafes"",""Other: Hookah Lounges""],""travel_to_destination"":""Car""}",5+ yrs,Car,"[""Cycling""]"
6b217984-cfdb-43f7-a5f7-902040b0a38f,2026-09-09 13:59:27.567889+00,,55–64,France,Married,4+,Self-owned,2028 – 2029,Both,Beach Villa,3BR,1.5M–3M SAR,"[""Sea Views"",""Privacy"",""Outdoor Space""]",Not required,"[""Private Pool""]","[""Blue""]","[""Water sports""]","[""Restaurants"",""Cafes""]",Yes,"{""age"":""55–64"",""unit_size"":""3BR"",""nationality"":""France"",""price_range"":""1.5M–3M SAR"",""payment_plan"":""3–5 years"",""home_features"":[""Sea Views"",""Privacy"",""Outdoor Space""],""property_type"":""Beach Villa"",""social_status"":""Married"",""timing_to_buy"":""2028 – 2029"",""managed_rental"":""Yes"",""no_of_children"":""4+"",""primary_reason"":""Both"",""exterior_colour"":[""Blue""],""has_second_home"":""Self-owned"",""sport_amenities"":[""Water sports""],""premium_features"":[""Private Pool""],""community_mobility"":[""Cycling"",""Walking""],""staff_accommodation"":""Not required"",""additional_amenities"":[""Restaurants"",""Cafes""],""travel_to_destination"":""Car""}",3–5 years,Car,"[""Cycling"",""Walking""]"
6ba9b694-3d5f-439b-99ff-7c59612241c1,2026-09-09 14:31:32.224566+00,,35–44,India,Married,2,No,2028 – 2029,Investment,Apartment,2BR,700k–1.5M SAR,"[""Balconies & Terraces"",""Park Views"",""Privacy""]",,"[""Installed Kitchen"",""Built-in Wardrobes""]","[""Sage"",""Blue""]","[""Padel"",""Football"",""Water sports""]","[""Children's Club"",""Social Lounge"",""Picnic Areas"",""Restaurants"",""Cafes"",""Retail""]",Depends on return,"{""age"":""35–44"",""unit_size"":""2BR"",""nationality"":""India"",""price_range"":""700k–1.5M SAR"",""payment_plan"":""1–2 years"",""home_features"":[""Balconies & Terraces"",""Park Views"",""Privacy""],""property_type"":""Apartment"",""social_status"":""Married"",""timing_to_buy"":""2028 – 2029"",""managed_rental"":""Depends on return"",""no_of_children"":""2"",""primary_reason"":""Investment"",""exterior_colour"":[""Sage"",""Blue""],""has_second_home"":""No"",""sport_amenities"":[""Padel"",""Football"",""Water sports""],""premium_features"":[""Installed Kitchen"",""Built-in Wardrobes""],""community_mobility"":[""Walking"",""Shared Buggy / Community Shuttle""],""staff_accommodation"":null,""additional_amenities"":[""Children's Club"",""Social Lounge"",""Picnic Areas"",""Restaurants"",""Cafes"",""Retail""],""travel_to_destination"":""Car""}",1–2 years,Car,"[""Walking"",""Shared Buggy / Community Shuttle""]"
6c5d6ca8-fe0a-421d-a996-223f67473787,2026-09-10 04:11:12.862752+00,,45–54,South Africa,Single,2,No,2028 – 2029,Investment,Townhouse,2BR,700k–1.5M SAR,"[""Outdoor Space"",""Balconies & Terraces"",""Sea Views""]",Not required,"[""Installed Kitchen"",""Built-in Wardrobes""]","[""Sand"",""Blue""]","[""Water sports""]","[""Restaurants"",""Spa & Gym"",""Social Lounge""]",Depends on fees & flexibility,"{""age"":""45–54"",""unit_size"":""2BR"",""nationality"":""South Africa"",""price_range"":""700k–1.5M SAR"",""payment_plan"":""5+ yrs"",""home_features"":[""Outdoor Space"",""Balconies & Terraces"",""Sea Views""],""property_type"":""Townhouse"",""social_status"":""Single"",""timing_to_buy"":""2028 – 2029"",""managed_rental"":""Depends on fees & flexibility"",""no_of_children"":""2"",""primary_reason"":""Investment"",""exterior_colour"":[""Sand"",""Blue""],""has_second_home"":""No"",""sport_amenities"":[""Water sports""],""premium_features"":[""Installed Kitchen"",""Built-in Wardrobes""],""community_mobility"":[""Walking"",""Cycling""],""staff_accommodation"":""Not required"",""additional_amenities"":[""Restaurants"",""Spa & Gym"",""Social Lounge""],""travel_to_destination"":""Car""}",5+ yrs,Car,"[""Walking"",""Cycling""]"
6cd05855-557b-41f0-a0c2-eccd439b37b0,2026-09-09 13:20:29.669998+00,,55–64,France,Married,3,Self-owned,2026 – 2027,Both,Beach Villa,3BR,1.5M–3M SAR,"[""Outdoor Space"",""Sea Views"",""Privacy""]",Not required,"[""Private Pool""]","[""Blue""]","[""Water sports"",""Padel"",""Tennis""]","[""Spa & Gym"",""Children's Club"",""Beach Club"",""Other: recreation boats fractional ownership (serviced)""]",Depends on return,"{""age"":""55–64"",""unit_size"":""3BR"",""nationality"":""France"",""price_range"":""1.5M–3M SAR"",""payment_plan"":""5+ yrs"",""home_features"":[""Outdoor Space"",""Sea Views"",""Privacy""],""property_type"":""Beach Villa"",""social_status"":""Married"",""timing_to_buy"":""2026 – 2027"",""managed_rental"":""Depends on return"",""no_of_children"":""3"",""primary_reason"":""Both"",""exterior_colour"":[""Blue""],""has_second_home"":""Self-owned"",""sport_amenities"":[""Water sports"",""Padel"",""Tennis""],""premium_features"":[""Private Pool""],""community_mobility"":[""Personal Car"",""Cycling"",""Walking"",""Shared Buggy / Community Shuttle"",""Private Buggy""],""staff_accommodation"":""Not required"",""additional_amenities"":[""Spa & Gym"",""Children's Club"",""Beach Club"",""Other: recreation boats fractional ownership (serviced)""],""travel_to_destination"":""Air""}",5+ yrs,Air,"[""Personal Car"",""Cycling"",""Walking"",""Shared Buggy / Community Shuttle"",""Private Buggy""]"
6d749d09-d6ce-408c-8915-0b1276ea4496,2026-09-10 06:09:52.04036+00,,25–34,Saudi Arabia,Married,2,Family-owned,2030 onwards,Family holidays,Beach Villa,4BR,700k–1.5M SAR,"[""Sea Views"",""Outdoor Space"",""Balconies & Terraces""]",A maid's room,"[""Private Pool"",""Installed Kitchen"",""Kitchen Appliances""]","[""Sand""]","[""Padel"",""Water sports"",""Football""]","[""Spa & Gym"",""Children's Club"",""Ladies Facilities"",""Beach Club""]",Depends on return,"{""age"":""25–34"",""unit_size"":""4BR"",""nationality"":""Saudi Arabia"",""price_range"":""700k–1.5M SAR"",""payment_plan"":""3–5 years"",""home_features"":[""Sea Views"",""Outdoor Space"",""Balconies & Terraces""],""property_type"":""Beach Villa"",""social_status"":""Married"",""timing_to_buy"":""2030 onwards"",""managed_rental"":""Depends on return"",""no_of_children"":""2"",""primary_reason"":""Family holidays"",""exterior_colour"":[""Sand""],""has_second_home"":""Family-owned"",""sport_amenities"":[""Padel"",""Water sports"",""Football""],""premium_features"":[""Private Pool"",""Installed Kitchen"",""Kitchen Appliances""],""community_mobility"":[""Walking"",""Cycling"",""Private Buggy"",""Personal Car""],""staff_accommodation"":""A maid's room"",""additional_amenities"":[""Spa & Gym"",""Children's Club"",""Ladies Facilities"",""Beach Club""],""travel_to_destination"":""Car""}",3–5 years,Car,"[""Walking"",""Cycling"",""Private Buggy"",""Personal Car""]"
6dcc2977-fd1f-42d5-a3ca-ba935bf45e6c,2026-09-10 07:01:16.380493+00,,25–34,Saudi Arabia,Married,1,Family-owned,2028 – 2029,Family holidays,Beach Villa,3BR,700k–1.5M SAR,"[""Balconies & Terraces"",""Outdoor Space"",""Sea Views""]",A maid's room,"[""Installed Kitchen"",""Built-in Wardrobes"",""Private Pool""]","[""Rose"",""Blue"",""Sage""]","[""Padel"",""Volleyball"",""Tennis""]","[""Spa & Gym"",""Children's Club"",""Beach Club"",""Restaurants"",""Cafes"",""Retail"",""Picnic Areas""]",Depends on return,"{""age"":""25–34"",""unit_size"":""3BR"",""nationality"":""Saudi Arabia"",""price_range"":""700k–1.5M SAR"",""payment_plan"":""3–5 years"",""home_features"":[""Balconies & Terraces"",""Outdoor Space"",""Sea Views""],""property_type"":""Beach Villa"",""social_status"":""Married"",""timing_to_buy"":""2028 – 2029"",""managed_rental"":""Depends on return"",""no_of_children"":""1"",""primary_reason"":""Family holidays"",""exterior_colour"":[""Rose"",""Blue"",""Sage""],""has_second_home"":""Family-owned"",""sport_amenities"":[""Padel"",""Volleyball"",""Tennis""],""premium_features"":[""Installed Kitchen"",""Built-in Wardrobes"",""Private Pool""],""community_mobility"":[""Walking""],""staff_accommodation"":""A maid's room"",""additional_amenities"":[""Spa & Gym"",""Children's Club"",""Beach Club"",""Restaurants"",""Cafes"",""Retail"",""Picnic Areas""],""travel_to_destination"":""Car""}",3–5 years,Car,"[""Walking""]"
6dda2067-9522-4d11-97a9-c17e4b9441b8,2026-09-09 13:33:27.167989+00,,45–54,Australia,Married,3,Self-owned,2026 – 2027,Investment,Beach Villa,4BR,3M–6M SAR,"[""Outdoor Space"",""Sea Views"",""Other: Easy access to sea; privacy; lush landscape""]",A maid's room,"[""Installed Kitchen"",""Private Pool"",""Other: Lush landscape""]","[""Other: Other more organic tones that are representative Saudi culture""]","[""Football"",""Water sports""]","[""Beach Club"",""Picnic Areas"",""Cafes"",""Spa & Gym""]",Yes,"{""age"":""45–54"",""unit_size"":""4BR"",""nationality"":""Australia"",""price_range"":""3M–6M SAR"",""payment_plan"":""3–5 years"",""home_features"":[""Outdoor Space"",""Sea Views"",""Other: Easy access to sea; privacy; lush landscape""],""property_type"":""Beach Villa"",""social_status"":""Married"",""timing_to_buy"":""2026 – 2027"",""managed_rental"":""Yes"",""no_of_children"":""3"",""primary_reason"":""Investment"",""exterior_colour"":[""Other: Other more organic tones that are representative Saudi culture""],""has_second_home"":""Self-owned"",""sport_amenities"":[""Football"",""Water sports""],""premium_features"":[""Installed Kitchen"",""Private Pool"",""Other: Lush landscape""],""community_mobility"":[""Walking"",""Shared Buggy / Community Shuttle""],""staff_accommodation"":""A maid's room"",""additional_amenities"":[""Beach Club"",""Picnic Areas"",""Cafes"",""Spa & Gym""],""travel_to_destination"":""Air""}",3–5 years,Air,"[""Walking"",""Shared Buggy / Community Shuttle""]"
6edec514-11c4-4559-8d08-ce54ff06f66f,2026-09-09 13:19:25.794753+00,,25–34,Saudi Arabia,Married,1,Family-owned,2030 onwards,Both,Villa,4BR,700k–1.5M SAR,"[""Park Views""]",A maid's room,"[""Kitchen Appliances""]","[""Blue""]","[""Volleyball""]","[""Spa & Gym"",""Picnic Areas"",""Ladies Facilities"",""Children's Club"",""Social Lounge"",""Cafes""]",Yes,"{""age"":""25–34"",""unit_size"":""4BR"",""nationality"":""Saudi Arabia"",""price_range"":""700k–1.5M SAR"",""payment_plan"":""5+ yrs"",""home_features"":[""Park Views""],""property_type"":""Villa"",""social_status"":""Married"",""timing_to_buy"":""2030 onwards"",""managed_rental"":""Yes"",""no_of_children"":""1"",""primary_reason"":""Both"",""exterior_colour"":[""Blue""],""has_second_home"":""Family-owned"",""sport_amenities"":[""Volleyball""],""premium_features"":[""Kitchen Appliances""],""community_mobility"":[""Private Buggy"",""Walking"",""Cycling""],""staff_accommodation"":""A maid's room"",""additional_amenities"":[""Spa & Gym"",""Picnic Areas"",""Ladies Facilities"",""Children's Club"",""Social Lounge"",""Cafes""],""travel_to_destination"":""Car""}",5+ yrs,Car,"[""Private Buggy"",""Walking"",""Cycling""]"
6f1ce65c-dd93-484a-8e0c-bab253b2db52,2026-09-09 13:19:18.530732+00,,25–34,India,Married,1,No,2030 onwards,Investment,No preference,2BR,700k–1.5M SAR,"[""Sea Views"",""Privacy"",""Balconies & Terraces""]",Not required,"[""Private Pool""]","[""Sand""]","[""Water sports"",""Padel"",""Tennis""]","[""Spa & Gym"",""Children's Club"",""Cafes"",""Beach Club"",""Social Lounge"",""Restaurants"",""Retail"",""Picnic Areas""]",No,"{""age"":""25–34"",""unit_size"":""2BR"",""nationality"":""India"",""price_range"":""700k–1.5M SAR"",""payment_plan"":""5+ yrs"",""home_features"":[""Sea Views"",""Privacy"",""Balconies & Terraces""],""property_type"":""No preference"",""social_status"":""Married"",""timing_to_buy"":""2030 onwards"",""managed_rental"":""No"",""no_of_children"":""1"",""primary_reason"":""Investment"",""exterior_colour"":[""Sand""],""has_second_home"":""No"",""sport_amenities"":[""Water sports"",""Padel"",""Tennis""],""premium_features"":[""Private Pool""],""community_mobility"":[""Personal Car"",""Private Buggy""],""staff_accommodation"":""Not required"",""additional_amenities"":[""Spa & Gym"",""Children's Club"",""Cafes"",""Beach Club"",""Social Lounge"",""Restaurants"",""Retail"",""Picnic Areas""],""travel_to_destination"":""Car""}",5+ yrs,Car,"[""Personal Car"",""Private Buggy""]"
6f91c0a9-40de-4104-b055-5e5cc2836389,2026-09-10 05:13:59.566791+00,,35–44,Philippines,Married,1,No,2028 – 2029,Both,Townhouse,2BR,700k–1.5M SAR,"[""Outdoor Space"",""Balconies & Terraces"",""Sea Views""]",Not required,"[""Installed Kitchen""]","[""Sage""]","[""Padel"",""Water sports"",""Tennis""]","[""Spa & Gym"",""Cafes"",""Restaurants""]",Yes,"{""age"":""35–44"",""unit_size"":""2BR"",""nationality"":""Philippines"",""price_range"":""700k–1.5M SAR"",""payment_plan"":""3–5 years"",""home_features"":[""Outdoor Space"",""Balconies & Terraces"",""Sea Views""],""property_type"":""Townhouse"",""social_status"":""Married"",""timing_to_buy"":""2028 – 2029"",""managed_rental"":""Yes"",""no_of_children"":""1"",""primary_reason"":""Both"",""exterior_colour"":[""Sage""],""has_second_home"":""No"",""sport_amenities"":[""Padel"",""Water sports"",""Tennis""],""premium_features"":[""Installed Kitchen""],""community_mobility"":[""Walking""],""staff_accommodation"":""Not required"",""additional_amenities"":[""Spa & Gym"",""Cafes"",""Restaurants""],""travel_to_destination"":""Car""}",3–5 years,Car,"[""Walking""]"
6f96d5eb-55fa-439f-995a-ab271fa51410,2026-09-09 13:08:01.593379+00,,25–34,Saudi Arabia,Married,1,No,2026 – 2027,Both,Beach Villa,5BR+,700k–1.5M SAR,"[""Privacy"",""Sea Views"",""Outdoor Space""]",Not required,"[""Installed Kitchen"",""Built-in Wardrobes""]","[""Sage""]","[""Football"",""Volleyball"",""Padel""]","[""Spa & Gym"",""Children's Club"",""Ladies Facilities"",""Restaurants"",""Social Lounge"",""Beach Club"",""Picnic Areas"",""Retail"",""Cafes""]",Depends on return,"{""age"":""25–34"",""unit_size"":""5BR+"",""nationality"":""Saudi Arabia"",""price_range"":""700k–1.5M SAR"",""payment_plan"":""5+ yrs"",""home_features"":[""Privacy"",""Sea Views"",""Outdoor Space""],""property_type"":""Beach Villa"",""social_status"":""Married"",""timing_to_buy"":""2026 – 2027"",""managed_rental"":""Depends on return"",""no_of_children"":""1"",""primary_reason"":""Both"",""exterior_colour"":[""Sage""],""has_second_home"":""No"",""sport_amenities"":[""Football"",""Volleyball"",""Padel""],""premium_features"":[""Installed Kitchen"",""Built-in Wardrobes""],""community_mobility"":[""Walking"",""Private Buggy""],""staff_accommodation"":""Not required"",""additional_amenities"":[""Spa & Gym"",""Children's Club"",""Ladies Facilities"",""Restaurants"",""Social Lounge"",""Beach Club"",""Picnic Areas"",""Retail"",""Cafes""],""travel_to_destination"":""Car""}",5+ yrs,Car,"[""Walking"",""Private Buggy""]"
6fa47bbf-7cfd-4e3b-b114-2881941e5cbf,2026-09-09 13:09:59.148183+00,,55–64,India,Married,1,Self-owned,2030 onwards,Investment,Apartment,1BR,700k–1.5M SAR,"[""Outdoor Space"",""Balconies & Terraces""]",,"[""Installed Kitchen""]","[""Sand""]","[""Padel"",""Tennis"",""Football""]","[""Spa & Gym"",""Children's Club"",""Social Lounge"",""Picnic Areas"",""Beach Club"",""Cafes"",""Restaurants"",""Retail""]",Depends on fees & flexibility,"{""age"":""55–64"",""unit_size"":""1BR"",""nationality"":""India"",""price_range"":""700k–1.5M SAR"",""payment_plan"":""5+ yrs"",""home_features"":[""Outdoor Space"",""Balconies & Terraces""],""property_type"":""Apartment"",""social_status"":""Married"",""timing_to_buy"":""2030 onwards"",""managed_rental"":""Depends on fees & flexibility"",""no_of_children"":""1"",""primary_reason"":""Investment"",""exterior_colour"":[""Sand""],""has_second_home"":""Self-owned"",""sport_amenities"":[""Padel"",""Tennis"",""Football""],""premium_features"":[""Installed Kitchen""],""community_mobility"":[""Walking""],""staff_accommodation"":null,""additional_amenities"":[""Spa & Gym"",""Children's Club"",""Social Lounge"",""Picnic Areas"",""Beach Club"",""Cafes"",""Restaurants"",""Retail""],""travel_to_destination"":""Car""}",5+ yrs,Car,"[""Walking""]"
700371c7-5d74-4c99-82d5-7d6b3717cefb,2026-09-12 05:30:31.428547+00,,25–34,Saudi Arabia,Married,1,Self-owned,2026 – 2027,Both,Villa,3BR,700k–1.5M SAR,"[""Outdoor Space"",""Sea Views"",""Privacy""]",Both,"[""Private Pool""]","[""Sand"",""Blue""]","[""Football"",""Basketball""]","[""Spa & Gym"",""Children's Club"",""Ladies Facilities"",""Beach Club"",""Restaurants"",""Cafes""]",Depends on fees & flexibility,"{""age"":""25–34"",""unit_size"":""3BR"",""nationality"":""Saudi Arabia"",""price_range"":""700k–1.5M SAR"",""payment_plan"":""5+ yrs"",""home_features"":[""Outdoor Space"",""Sea Views"",""Privacy""],""property_type"":""Villa"",""social_status"":""Married"",""timing_to_buy"":""2026 – 2027"",""managed_rental"":""Depends on fees & flexibility"",""no_of_children"":""1"",""primary_reason"":""Both"",""exterior_colour"":[""Sand"",""Blue""],""has_second_home"":""Self-owned"",""sport_amenities"":[""Football"",""Basketball""],""premium_features"":[""Private Pool""],""community_mobility"":[""Walking"",""Private Buggy""],""staff_accommodation"":""Both"",""additional_amenities"":[""Spa & Gym"",""Children's Club"",""Ladies Facilities"",""Beach Club"",""Restaurants"",""Cafes""],""travel_to_destination"":""Car""}",5+ yrs,Car,"[""Walking"",""Private Buggy""]"
70620948-b429-4a7f-9501-794c2005e4c9,2026-09-09 13:25:47.914385+00,,35–44,India,Married,2,Self-owned,2028 – 2029,Both,Villa,2BR,700k–1.5M SAR,"[""Outdoor Space""]",Not required,"[""Private Pool"",""Built-in Wardrobes"",""Kitchen Appliances"",""Installed Kitchen""]","[""Sand""]","[""Other: Badminton""]","[""Spa & Gym"",""Children's Club"",""Social Lounge"",""Ladies Facilities"",""Picnic Areas"",""Beach Club"",""Restaurants"",""Cafes"",""Retail""]",Depends on return,"{""age"":""35–44"",""unit_size"":""2BR"",""nationality"":""India"",""price_range"":""700k–1.5M SAR"",""payment_plan"":""1–2 years"",""home_features"":[""Outdoor Space""],""property_type"":""Villa"",""social_status"":""Married"",""timing_to_buy"":""2028 – 2029"",""managed_rental"":""Depends on return"",""no_of_children"":""2"",""primary_reason"":""Both"",""exterior_colour"":[""Sand""],""has_second_home"":""Self-owned"",""sport_amenities"":[""Other: Badminton""],""premium_features"":[""Private Pool"",""Built-in Wardrobes"",""Kitchen Appliances"",""Installed Kitchen""],""community_mobility"":[""Walking"",""Cycling""],""staff_accommodation"":""Not required"",""additional_amenities"":[""Spa & Gym"",""Children's Club"",""Social Lounge"",""Ladies Facilities"",""Picnic Areas"",""Beach Club"",""Restaurants"",""Cafes"",""Retail""],""travel_to_destination"":""Air""}",1–2 years,Air,"[""Walking"",""Cycling""]"
7073c655-8f2b-442b-ba4b-cb2b135344a7,2026-09-10 09:12:47.237016+00,,35–44,India,Married,3,No,2028 – 2029,Both,Townhouse,3BR,1.5M–3M SAR,"[""Outdoor Space"",""Privacy""]",Not required,"[""Installed Kitchen"",""Kitchen Appliances"",""Built-in Wardrobes""]","[""Sand""]","[""Water sports""]","[""Spa & Gym"",""Children's Club"",""Social Lounge"",""Restaurants""]",Yes,"{""age"":""35–44"",""unit_size"":""3BR"",""nationality"":""India"",""price_range"":""1.5M–3M SAR"",""payment_plan"":""3–5 years"",""home_features"":[""Outdoor Space"",""Privacy""],""property_type"":""Townhouse"",""social_status"":""Married"",""timing_to_buy"":""2028 – 2029"",""managed_rental"":""Yes"",""no_of_children"":""3"",""primary_reason"":""Both"",""exterior_colour"":[""Sand""],""has_second_home"":""No"",""sport_amenities"":[""Water sports""],""premium_features"":[""Installed Kitchen"",""Kitchen Appliances"",""Built-in Wardrobes""],""community_mobility"":[""Shared Buggy / Community Shuttle""],""staff_accommodation"":""Not required"",""additional_amenities"":[""Spa & Gym"",""Children's Club"",""Social Lounge"",""Restaurants""],""travel_to_destination"":""Air""}",3–5 years,Air,"[""Shared Buggy / Community Shuttle""]"
708d64f8-03c9-4fbe-8f8a-b268b7090b87,2026-09-09 13:22:22.874762+00,,35–44,Sudan,Married,3,Family-owned,2028 – 2029,Both,Villa,4BR,700k–1.5M SAR,"[""Balconies & Terraces"",""Privacy"",""Outdoor Space""]",Both,"[""Built-in Wardrobes""]","[""Sand""]","[""Football"",""Tennis"",""Volleyball""]","[""Spa & Gym"",""Children's Club"",""Restaurants"",""Social Lounge"",""Picnic Areas"",""Cafes"",""Retail""]",Depends on fees & flexibility,"{""age"":""35–44"",""unit_size"":""4BR"",""nationality"":""Sudan"",""price_range"":""700k–1.5M SAR"",""payment_plan"":""3–5 years"",""home_features"":[""Balconies & Terraces"",""Privacy"",""Outdoor Space""],""property_type"":""Villa"",""social_status"":""Married"",""timing_to_buy"":""2028 – 2029"",""managed_rental"":""Depends on fees & flexibility"",""no_of_children"":""3"",""primary_reason"":""Both"",""exterior_colour"":[""Sand""],""has_second_home"":""Family-owned"",""sport_amenities"":[""Football"",""Tennis"",""Volleyball""],""premium_features"":[""Built-in Wardrobes""],""community_mobility"":[""Walking"",""Cycling"",""Shared Buggy / Community Shuttle""],""staff_accommodation"":""Both"",""additional_amenities"":[""Spa & Gym"",""Children's Club"",""Restaurants"",""Social Lounge"",""Picnic Areas"",""Cafes"",""Retail""],""travel_to_destination"":""Air""}",3–5 years,Air,"[""Walking"",""Cycling"",""Shared Buggy / Community Shuttle""]"
70ec362c-ab60-41d5-a6b5-ae3b5ff28045,2026-09-09 13:21:02.418986+00,,25–34,Sri Lanka,Married,1,No,2028 – 2029,Both,Villa,2BR,700k–1.5M SAR,"[""Outdoor Space"",""Balconies & Terraces""]",Not required,"[""Private Pool"",""Installed Kitchen""]","[""Sage""]","[""Padel"",""Other: Swimming""]","[""Spa & Gym"",""Restaurants""]",Yes,"{""age"":""25–34"",""unit_size"":""2BR"",""nationality"":""Sri Lanka"",""price_range"":""700k–1.5M SAR"",""payment_plan"":""3–5 years"",""home_features"":[""Outdoor Space"",""Balconies & Terraces""],""property_type"":""Villa"",""social_status"":""Married"",""timing_to_buy"":""2028 – 2029"",""managed_rental"":""Yes"",""no_of_children"":""1"",""primary_reason"":""Both"",""exterior_colour"":[""Sage""],""has_second_home"":""No"",""sport_amenities"":[""Padel"",""Other: Swimming""],""premium_features"":[""Private Pool"",""Installed Kitchen""],""community_mobility"":[""Walking"",""Personal Car""],""staff_accommodation"":""Not required"",""additional_amenities"":[""Spa & Gym"",""Restaurants""],""travel_to_destination"":""Car""}",3–5 years,Car,"[""Walking"",""Personal Car""]"
7122f25e-49c1-451e-a1ed-276da04c0a10,2026-09-09 13:37:28.44167+00,,25–34,Saudi Arabia,Single,0,Family-owned,2028 – 2029,Both,Beach Villa,4BR,700k–1.5M SAR,"[""Sea Views"",""Privacy"",""Balconies & Terraces""]",Both,"[""Private Pool""]","[""Blue""]","[""Water sports"",""Other: snorkel"",""Tennis""]","[""Spa & Gym"",""Social Lounge"",""Beach Club"",""Picnic Areas"",""Cafes"",""Retail"",""Restaurants"",""Ladies Facilities"",""Children's Club""]",Depends on fees & flexibility,"{""age"":""25–34"",""unit_size"":""4BR"",""nationality"":""Saudi Arabia"",""price_range"":""700k–1.5M SAR"",""payment_plan"":""3–5 years"",""home_features"":[""Sea Views"",""Privacy"",""Balconies & Terraces""],""property_type"":""Beach Villa"",""social_status"":""Single"",""timing_to_buy"":""2028 – 2029"",""managed_rental"":""Depends on fees & flexibility"",""no_of_children"":""0"",""primary_reason"":""Both"",""exterior_colour"":[""Blue""],""has_second_home"":""Family-owned"",""sport_amenities"":[""Water sports"",""Other: snorkel"",""Tennis""],""premium_features"":[""Private Pool""],""community_mobility"":[""Shared Buggy / Community Shuttle"",""Private Buggy"",""Cycling""],""staff_accommodation"":""Both"",""additional_amenities"":[""Spa & Gym"",""Social Lounge"",""Beach Club"",""Picnic Areas"",""Cafes"",""Retail"",""Restaurants"",""Ladies Facilities"",""Children's Club""],""travel_to_destination"":""Air""}",3–5 years,Air,"[""Shared Buggy / Community Shuttle"",""Private Buggy"",""Cycling""]"
71abf99b-a9fc-4e97-acbb-2591f935ef80,2026-09-09 13:13:44.119161+00,,35–44,Saudi Arabia,Single,0,No,2028 – 2029,Both,Beach Villa,3BR,700k–1.5M SAR,"[""Outdoor Space""]",Both,"[""Installed Kitchen"",""Built-in Wardrobes"",""Private Pool"",""Kitchen Appliances""]","[""Sand""]","[""Padel"",""Water sports"",""Football""]","[""Spa & Gym"",""Retail"",""Restaurants"",""Beach Club""]",Depends on return,"{""age"":""35–44"",""unit_size"":""3BR"",""nationality"":""Saudi Arabia"",""price_range"":""700k–1.5M SAR"",""payment_plan"":""3–5 years"",""home_features"":[""Outdoor Space""],""property_type"":""Beach Villa"",""social_status"":""Single"",""timing_to_buy"":""2028 – 2029"",""managed_rental"":""Depends on return"",""no_of_children"":""0"",""primary_reason"":""Both"",""exterior_colour"":[""Sand""],""has_second_home"":""No"",""sport_amenities"":[""Padel"",""Water sports"",""Football""],""premium_features"":[""Installed Kitchen"",""Built-in Wardrobes"",""Private Pool"",""Kitchen Appliances""],""community_mobility"":[""Private Buggy"",""Cycling"",""Walking""],""staff_accommodation"":""Both"",""additional_amenities"":[""Spa & Gym"",""Retail"",""Restaurants"",""Beach Club""],""travel_to_destination"":""Car""}",3–5 years,Car,"[""Private Buggy"",""Cycling"",""Walking""]"
71eb301d-ab3a-453f-a772-629e09b5eb5f,2026-09-10 07:30:09.372618+00,,25–34,South Africa,Single,0,No,2028 – 2029,Both,No preference,1BR,700k–1.5M SAR,"[""Privacy"",""Balconies & Terraces""]",Not required,"[""Installed Kitchen"",""Built-in Wardrobes""]","[""Sand""]","[""Water sports"",""Other: Squash"",""Basketball""]","[""Spa & Gym"",""Beach Club"",""Picnic Areas"",""Restaurants"",""Cafes""]",Depends on fees & flexibility,"{""age"":""25–34"",""unit_size"":""1BR"",""nationality"":""South Africa"",""price_range"":""700k–1.5M SAR"",""payment_plan"":""5+ yrs"",""home_features"":[""Privacy"",""Balconies & Terraces""],""property_type"":""No preference"",""social_status"":""Single"",""timing_to_buy"":""2028 – 2029"",""managed_rental"":""Depends on fees & flexibility"",""no_of_children"":""0"",""primary_reason"":""Both"",""exterior_colour"":[""Sand""],""has_second_home"":""No"",""sport_amenities"":[""Water sports"",""Other: Squash"",""Basketball""],""premium_features"":[""Installed Kitchen"",""Built-in Wardrobes""],""community_mobility"":[""Walking"",""Shared Buggy / Community Shuttle"",""Cycling"",""Personal Car""],""staff_accommodation"":""Not required"",""additional_amenities"":[""Spa & Gym"",""Beach Club"",""Picnic Areas"",""Restaurants"",""Cafes""],""travel_to_destination"":""Car""}",5+ yrs,Car,"[""Walking"",""Shared Buggy / Community Shuttle"",""Cycling"",""Personal Car""]"
72f60b74-cff9-4345-b14a-5ea1d40c7179,2026-09-13 08:46:10.632819+00,,25–34,Saudi Arabia,Single,0,No,2026 – 2027,Both,Beach Villa,4BR,700k–1.5M SAR,"[""Outdoor Space"",""Privacy"",""Sea Views""]",A maid's room,"[""Installed Kitchen"",""Private Pool""]","[""Other: sand"",""Sand""]","[""Water sports""]","[""Ladies Facilities"",""Beach Club""]",Yes,"{""age"":""25–34"",""unit_size"":""4BR"",""nationality"":""Saudi Arabia"",""price_range"":""700k–1.5M SAR"",""payment_plan"":""3–5 years"",""home_features"":[""Outdoor Space"",""Privacy"",""Sea Views""],""property_type"":""Beach Villa"",""social_status"":""Single"",""timing_to_buy"":""2026 – 2027"",""managed_rental"":""Yes"",""no_of_children"":""0"",""primary_reason"":""Both"",""exterior_colour"":[""Other: sand"",""Sand""],""has_second_home"":""No"",""sport_amenities"":[""Water sports""],""premium_features"":[""Installed Kitchen"",""Private Pool""],""community_mobility"":[""Private Buggy""],""staff_accommodation"":""A maid's room"",""additional_amenities"":[""Ladies Facilities"",""Beach Club""],""travel_to_destination"":""Air""}",3–5 years,Air,"[""Private Buggy""]"
732d83d4-686b-405b-90b3-646e7e5dceda,2026-09-10 08:21:20.821667+00,,25–34,Egypt,Single,0,No,2026 – 2027,Both,Apartment,2BR,700k–1.5M SAR,"[""Sea Views"",""Balconies & Terraces"",""Privacy""]",,"[""Private Pool""]","[""Sand""]","[""Water sports"",""Padel"",""Football""]","[""Spa & Gym"",""Children's Club"",""Beach Club"",""Ladies Facilities"",""Retail"",""Restaurants""]",Depends on fees & flexibility,"{""age"":""25–34"",""unit_size"":""2BR"",""nationality"":""Egypt"",""price_range"":""700k–1.5M SAR"",""payment_plan"":""3–5 years"",""home_features"":[""Sea Views"",""Balconies & Terraces"",""Privacy""],""property_type"":""Apartment"",""social_status"":""Single"",""timing_to_buy"":""2026 – 2027"",""managed_rental"":""Depends on fees & flexibility"",""no_of_children"":""0"",""primary_reason"":""Both"",""exterior_colour"":[""Sand""],""has_second_home"":""No"",""sport_amenities"":[""Water sports"",""Padel"",""Football""],""premium_features"":[""Private Pool""],""community_mobility"":[""Walking"",""Cycling"",""Personal Car""],""staff_accommodation"":null,""additional_amenities"":[""Spa & Gym"",""Children's Club"",""Beach Club"",""Ladies Facilities"",""Retail"",""Restaurants""],""travel_to_destination"":""Car""}",3–5 years,Car,"[""Walking"",""Cycling"",""Personal Car""]"
733cfbdc-ac44-4321-886a-ea33017a6e05,2026-09-10 11:16:14.017678+00,,25–34,Saudi Arabia,Single,0,No,2030 onwards,Both,Beach Villa,2BR,700k–1.5M SAR,"[""Outdoor Space"",""Sea Views"",""Privacy""]",Not required,"[""Private Pool""]","[""Blue""]","[""Padel"",""Tennis"",""Water sports""]","[""Spa & Gym"",""Ladies Facilities"",""Beach Club"",""Restaurants"",""Cafes"",""Children's Club"",""Social Lounge"",""Retail""]",Depends on return,"{""age"":""25–34"",""unit_size"":""2BR"",""nationality"":""Saudi Arabia"",""price_range"":""700k–1.5M SAR"",""payment_plan"":""3–5 years"",""home_features"":[""Outdoor Space"",""Sea Views"",""Privacy""],""property_type"":""Beach Villa"",""social_status"":""Single"",""timing_to_buy"":""2030 onwards"",""managed_rental"":""Depends on return"",""no_of_children"":""0"",""primary_reason"":""Both"",""exterior_colour"":[""Blue""],""has_second_home"":""No"",""sport_amenities"":[""Padel"",""Tennis"",""Water sports""],""premium_features"":[""Private Pool""],""community_mobility"":[""Private Buggy"",""Shared Buggy / Community Shuttle"",""Personal Car""],""staff_accommodation"":""Not required"",""additional_amenities"":[""Spa & Gym"",""Ladies Facilities"",""Beach Club"",""Restaurants"",""Cafes"",""Children's Club"",""Social Lounge"",""Retail""],""travel_to_destination"":""Car""}",3–5 years,Car,"[""Private Buggy"",""Shared Buggy / Community Shuttle"",""Personal Car""]"
73c1957e-081d-4f1b-9cff-9d986f1c8907,2026-09-09 13:08:56.982882+00,,25–34,Saudi Arabia,Married,0,Family-owned,2028 – 2029,Both,Villa,3BR,700k–1.5M SAR,"[""Privacy"",""Sea Views"",""Balconies & Terraces""]",A maid's room,"[""Installed Kitchen"",""Kitchen Appliances"",""Built-in Wardrobes"",""Private Pool""]","[""Sand"",""Other: Najdi""]","[""Padel"",""Water sports""]","[""Picnic Areas"",""Beach Club"",""Cafes"",""Restaurants""]",Depends on return,"{""age"":""25–34"",""unit_size"":""3BR"",""nationality"":""Saudi Arabia"",""price_range"":""700k–1.5M SAR"",""payment_plan"":""3–5 years"",""home_features"":[""Privacy"",""Sea Views"",""Balconies & Terraces""],""property_type"":""Villa"",""social_status"":""Married"",""timing_to_buy"":""2028 – 2029"",""managed_rental"":""Depends on return"",""no_of_children"":""0"",""primary_reason"":""Both"",""exterior_colour"":[""Sand"",""Other: Najdi""],""has_second_home"":""Family-owned"",""sport_amenities"":[""Padel"",""Water sports""],""premium_features"":[""Installed Kitchen"",""Kitchen Appliances"",""Built-in Wardrobes"",""Private Pool""],""community_mobility"":[""Walking"",""Private Buggy"",""Shared Buggy / Community Shuttle"",""Personal Car""],""staff_accommodation"":""A maid's room"",""additional_amenities"":[""Picnic Areas"",""Beach Club"",""Cafes"",""Restaurants""],""travel_to_destination"":""Air""}",3–5 years,Air,"[""Walking"",""Private Buggy"",""Shared Buggy / Community Shuttle"",""Personal Car""]"
74aa0de6-b591-4c39-b194-cf5ad8e565e2,2026-09-09 13:32:04.355274+00,,35–44,United Kingdom,Single,0,No,2028 – 2029,Investment,Apartment,2BR,700k–1.5M SAR,"[""Balconies & Terraces"",""Sea Views"",""Privacy""]",,"[""Kitchen Appliances"",""Built-in Wardrobes"",""Installed Kitchen""]","[""Blue""]","[""Football"",""Water sports"",""Padel""]","[""Spa & Gym"",""Social Lounge"",""Beach Club"",""Cafes"",""Restaurants"",""Retail""]",Depends on return,"{""age"":""35–44"",""unit_size"":""2BR"",""nationality"":""United Kingdom"",""price_range"":""700k–1.5M SAR"",""payment_plan"":""5+ yrs"",""home_features"":[""Balconies & Terraces"",""Sea Views"",""Privacy""],""property_type"":""Apartment"",""social_status"":""Single"",""timing_to_buy"":""2028 – 2029"",""managed_rental"":""Depends on return"",""no_of_children"":""0"",""primary_reason"":""Investment"",""exterior_colour"":[""Blue""],""has_second_home"":""No"",""sport_amenities"":[""Football"",""Water sports"",""Padel""],""premium_features"":[""Kitchen Appliances"",""Built-in Wardrobes"",""Installed Kitchen""],""community_mobility"":[""Walking""],""staff_accommodation"":null,""additional_amenities"":[""Spa & Gym"",""Social Lounge"",""Beach Club"",""Cafes"",""Restaurants"",""Retail""],""travel_to_destination"":""Air""}",5+ yrs,Air,"[""Walking""]"
74b7fc87-cf41-4749-94b1-be9bb4038310,2026-09-10 05:04:37.791867+00,,45–54,India,Married,1,Self-owned,2026 – 2027,Both,Apartment,2BR,1.5M–3M SAR,"[""Balconies & Terraces"",""Sea Views""]",,"[""Installed Kitchen""]","[""Sand""]","[""Padel"",""Football"",""Water sports""]","[""Spa & Gym"",""Social Lounge"",""Restaurants"",""Cafes"",""Ladies Facilities"",""Beach Club"",""Retail"",""Children's Club""]",Depends on return,"{""age"":""45–54"",""unit_size"":""2BR"",""nationality"":""India"",""price_range"":""1.5M–3M SAR"",""payment_plan"":""5+ yrs"",""home_features"":[""Balconies & Terraces"",""Sea Views""],""property_type"":""Apartment"",""social_status"":""Married"",""timing_to_buy"":""2026 – 2027"",""managed_rental"":""Depends on return"",""no_of_children"":""1"",""primary_reason"":""Both"",""exterior_colour"":[""Sand""],""has_second_home"":""Self-owned"",""sport_amenities"":[""Padel"",""Football"",""Water sports""],""premium_features"":[""Installed Kitchen""],""community_mobility"":[""Walking"",""Cycling"",""Shared Buggy / Community Shuttle""],""staff_accommodation"":null,""additional_amenities"":[""Spa & Gym"",""Social Lounge"",""Restaurants"",""Cafes"",""Ladies Facilities"",""Beach Club"",""Retail"",""Children's Club""],""travel_to_destination"":""Car""}",5+ yrs,Car,"[""Walking"",""Cycling"",""Shared Buggy / Community Shuttle""]"
74e5943e-11a2-4772-a316-5ebe7a451d59,2026-09-10 04:45:37.456649+00,,35–44,India,Married,2,Self-owned,2026 – 2027,Family holidays,Townhouse,3BR,1.5M–3M SAR,"[""Sea Views""]",A maid's room,"[""Installed Kitchen"",""Kitchen Appliances"",""Built-in Wardrobes"",""Private Pool""]","[""Blue""]","[""Football"",""Tennis"",""Water sports""]","[""Spa & Gym"",""Children's Club"",""Ladies Facilities"",""Beach Club"",""Restaurants""]",Yes,"{""age"":""35–44"",""unit_size"":""3BR"",""nationality"":""India"",""price_range"":""1.5M–3M SAR"",""payment_plan"":""1–2 years"",""home_features"":[""Sea Views""],""property_type"":""Townhouse"",""social_status"":""Married"",""timing_to_buy"":""2026 – 2027"",""managed_rental"":""Yes"",""no_of_children"":""2"",""primary_reason"":""Family holidays"",""exterior_colour"":[""Blue""],""has_second_home"":""Self-owned"",""sport_amenities"":[""Football"",""Tennis"",""Water sports""],""premium_features"":[""Installed Kitchen"",""Kitchen Appliances"",""Built-in Wardrobes"",""Private Pool""],""community_mobility"":[""Walking"",""Cycling"",""Personal Car""],""staff_accommodation"":""A maid's room"",""additional_amenities"":[""Spa & Gym"",""Children's Club"",""Ladies Facilities"",""Beach Club"",""Restaurants""],""travel_to_destination"":""Air""}",1–2 years,Air,"[""Walking"",""Cycling"",""Personal Car""]"
753b4e5f-8783-4138-b285-f9ccefc20b07,2026-09-09 13:10:13.745675+00,,35–44,United Kingdom,Married,1,Self-owned,2026 – 2027,Investment,Townhouse,3BR,700k–1.5M SAR,"[""Outdoor Space"",""Park Views""]",A maid's room,"[""Private Pool""]","[""Sand""]","[""Football"",""Basketball"",""Padel""]","[""Spa & Gym"",""Children's Club"",""Social Lounge"",""Restaurants"",""Cafes"",""Retail""]",Depends on return,"{""age"":""35–44"",""unit_size"":""3BR"",""nationality"":""United Kingdom"",""price_range"":""700k–1.5M SAR"",""payment_plan"":""5+ yrs"",""home_features"":[""Outdoor Space"",""Park Views""],""property_type"":""Townhouse"",""social_status"":""Married"",""timing_to_buy"":""2026 – 2027"",""managed_rental"":""Depends on return"",""no_of_children"":""1"",""primary_reason"":""Investment"",""exterior_colour"":[""Sand""],""has_second_home"":""Self-owned"",""sport_amenities"":[""Football"",""Basketball"",""Padel""],""premium_features"":[""Private Pool""],""community_mobility"":[""Walking""],""staff_accommodation"":""A maid's room"",""additional_amenities"":[""Spa & Gym"",""Children's Club"",""Social Lounge"",""Restaurants"",""Cafes"",""Retail""],""travel_to_destination"":""Car""}",5+ yrs,Car,"[""Walking""]"
753e4376-9eb9-4d6c-92ad-f88c267cf8b7,2026-09-09 13:19:54.404405+00,,25–34,India,Single,0,Family-owned,2026 – 2027,Both,Townhouse,2BR,1.5M–3M SAR,"[""Outdoor Space"",""Balconies & Terraces"",""Privacy""]",Not required,"[""Installed Kitchen""]","[""Sand""]","[""Other: cricket""]","[""Spa & Gym"",""Picnic Areas"",""Restaurants"",""Cafes""]",Depends on fees & flexibility,"{""age"":""25–34"",""unit_size"":""2BR"",""nationality"":""India"",""price_range"":""1.5M–3M SAR"",""payment_plan"":""3–5 years"",""home_features"":[""Outdoor Space"",""Balconies & Terraces"",""Privacy""],""property_type"":""Townhouse"",""social_status"":""Single"",""timing_to_buy"":""2026 – 2027"",""managed_rental"":""Depends on fees & flexibility"",""no_of_children"":""0"",""primary_reason"":""Both"",""exterior_colour"":[""Sand""],""has_second_home"":""Family-owned"",""sport_amenities"":[""Other: cricket""],""premium_features"":[""Installed Kitchen""],""community_mobility"":[""Walking""],""staff_accommodation"":""Not required"",""additional_amenities"":[""Spa & Gym"",""Picnic Areas"",""Restaurants"",""Cafes""],""travel_to_destination"":""Car""}",3–5 years,Car,"[""Walking""]"
75e6c6f9-1dd8-41ab-b1ae-20f703e6f61f,2026-09-10 07:53:27.943558+00,,55–64,Greece,Married,2,No,2030 onwards,Both,Beach Villa,3BR,1.5M–3M SAR,"[""Outdoor Space"",""Balconies & Terraces"",""Sea Views""]",Not required,"[""Installed Kitchen""]","[""Blue""]","[""Tennis""]","[""Spa & Gym"",""Beach Club"",""Retail"",""Cafes"",""Restaurants""]",Depends on return,"{""age"":""55–64"",""unit_size"":""3BR"",""nationality"":""Greece"",""price_range"":""1.5M–3M SAR"",""payment_plan"":""5+ yrs"",""home_features"":[""Outdoor Space"",""Balconies & Terraces"",""Sea Views""],""property_type"":""Beach Villa"",""social_status"":""Married"",""timing_to_buy"":""2030 onwards"",""managed_rental"":""Depends on return"",""no_of_children"":""2"",""primary_reason"":""Both"",""exterior_colour"":[""Blue""],""has_second_home"":""No"",""sport_amenities"":[""Tennis""],""premium_features"":[""Installed Kitchen""],""community_mobility"":[""Walking"",""Cycling""],""staff_accommodation"":""Not required"",""additional_amenities"":[""Spa & Gym"",""Beach Club"",""Retail"",""Cafes"",""Restaurants""],""travel_to_destination"":""Air""}",5+ yrs,Air,"[""Walking"",""Cycling""]"
760de872-5244-4d0e-9b97-44cb4a1c62d8,2026-09-10 11:35:19.313096+00,,35–44,Jordan,Single,0,No,2030 onwards,Investment,Beach Villa,3BR,700k–1.5M SAR,"[""Balconies & Terraces"",""Sea Views"",""Park Views""]",Not required,"[""Kitchen Appliances""]","[""Blue""]","[""Water sports"",""Basketball""]","[""Spa & Gym"",""Restaurants"",""Beach Club"",""Social Lounge""]",Depends on return,"{""age"":""35–44"",""unit_size"":""3BR"",""nationality"":""Jordan"",""price_range"":""700k–1.5M SAR"",""payment_plan"":""5+ yrs"",""home_features"":[""Balconies & Terraces"",""Sea Views"",""Park Views""],""property_type"":""Beach Villa"",""social_status"":""Single"",""timing_to_buy"":""2030 onwards"",""managed_rental"":""Depends on return"",""no_of_children"":""0"",""primary_reason"":""Investment"",""exterior_colour"":[""Blue""],""has_second_home"":""No"",""sport_amenities"":[""Water sports"",""Basketball""],""premium_features"":[""Kitchen Appliances""],""community_mobility"":[""Cycling""],""staff_accommodation"":""Not required"",""additional_amenities"":[""Spa & Gym"",""Restaurants"",""Beach Club"",""Social Lounge""],""travel_to_destination"":""Air""}",5+ yrs,Air,"[""Cycling""]"
76999c21-8353-47e9-8684-6f9d86959afa,2026-09-09 13:15:27.264316+00,,25–34,Saudi Arabia,Married,1,No,2030 onwards,Family holidays,Beach Villa,3BR,700k–1.5M SAR,"[""Outdoor Space"",""Sea Views"",""Privacy""]",A maid's room,"[""Private Pool""]","[""Other: Gray""]","[""Football"",""Padel""]","[""Social Lounge"",""Children's Club"",""Spa & Gym"",""Beach Club"",""Retail"",""Cafes"",""Restaurants"",""Ladies Facilities"",""Picnic Areas""]",Depends on fees & flexibility,"{""age"":""25–34"",""unit_size"":""3BR"",""nationality"":""Saudi Arabia"",""price_range"":""700k–1.5M SAR"",""payment_plan"":""5+ yrs"",""home_features"":[""Outdoor Space"",""Sea Views"",""Privacy""],""property_type"":""Beach Villa"",""social_status"":""Married"",""timing_to_buy"":""2030 onwards"",""managed_rental"":""Depends on fees & flexibility"",""no_of_children"":""1"",""primary_reason"":""Family holidays"",""exterior_colour"":[""Other: Gray""],""has_second_home"":""No"",""sport_amenities"":[""Football"",""Padel""],""premium_features"":[""Private Pool""],""community_mobility"":[""Private Buggy"",""Personal Car""],""staff_accommodation"":""A maid's room"",""additional_amenities"":[""Social Lounge"",""Children's Club"",""Spa & Gym"",""Beach Club"",""Retail"",""Cafes"",""Restaurants"",""Ladies Facilities"",""Picnic Areas""],""travel_to_destination"":""Air""}",5+ yrs,Air,"[""Private Buggy"",""Personal Car""]"
77f6b24d-fe5c-4336-bd61-991cfb746f4e,2026-09-09 13:41:58.354301+00,,25–34,Saudi Arabia,Married,1,No,2030 onwards,Investment,Villa,3BR,700k–1.5M SAR,"[""Sea Views"",""Outdoor Space""]",Not required,"[""Private Pool""]","[""Sage""]","[""Water sports"",""Padel"",""Volleyball""]","[""Restaurants"",""Cafes"",""Picnic Areas"",""Beach Club"",""Spa & Gym"",""Children's Club""]",Depends on return,"{""age"":""25–34"",""unit_size"":""3BR"",""nationality"":""Saudi Arabia"",""price_range"":""700k–1.5M SAR"",""payment_plan"":""3–5 years"",""home_features"":[""Sea Views"",""Outdoor Space""],""property_type"":""Villa"",""social_status"":""Married"",""timing_to_buy"":""2030 onwards"",""managed_rental"":""Depends on return"",""no_of_children"":""1"",""primary_reason"":""Investment"",""exterior_colour"":[""Sage""],""has_second_home"":""No"",""sport_amenities"":[""Water sports"",""Padel"",""Volleyball""],""premium_features"":[""Private Pool""],""community_mobility"":[""Cycling""],""staff_accommodation"":""Not required"",""additional_amenities"":[""Restaurants"",""Cafes"",""Picnic Areas"",""Beach Club"",""Spa & Gym"",""Children's Club""],""travel_to_destination"":""Air""}",3–5 years,Air,"[""Cycling""]"
798af542-b0b2-4424-b704-b8fbf59bc3d1,2026-09-09 14:09:37.825806+00,,25–34,Saudi Arabia,Single,0,Family-owned,2030 onwards,Both,Townhouse,3BR,700k–1.5M SAR,"[""Balconies & Terraces"",""Sea Views"",""Privacy""]",A maid's room,"[""Private Pool""]","[""Other: Beige or Cream""]","[""Padel"",""Tennis"",""Water sports""]","[""Spa & Gym"",""Children's Club"",""Beach Club"",""Restaurants"",""Cafes"",""Retail"",""Ladies Facilities""]",Depends on return,"{""age"":""25–34"",""unit_size"":""3BR"",""nationality"":""Saudi Arabia"",""price_range"":""700k–1.5M SAR"",""payment_plan"":""5+ yrs"",""home_features"":[""Balconies & Terraces"",""Sea Views"",""Privacy""],""property_type"":""Townhouse"",""social_status"":""Single"",""timing_to_buy"":""2030 onwards"",""managed_rental"":""Depends on return"",""no_of_children"":""0"",""primary_reason"":""Both"",""exterior_colour"":[""Other: Beige or Cream""],""has_second_home"":""Family-owned"",""sport_amenities"":[""Padel"",""Tennis"",""Water sports""],""premium_features"":[""Private Pool""],""community_mobility"":[""Walking""],""staff_accommodation"":""A maid's room"",""additional_amenities"":[""Spa & Gym"",""Children's Club"",""Beach Club"",""Restaurants"",""Cafes"",""Retail"",""Ladies Facilities""],""travel_to_destination"":""Air""}",5+ yrs,Air,"[""Walking""]"
798cf1aa-470a-4218-8e80-8b608a7340cd,2026-09-09 13:10:56.045598+00,,35–44,United Kingdom,Married,0,Self-owned,2028 – 2029,Investment,Apartment,2BR,700k–1.5M SAR,"[""Balconies & Terraces"",""Sea Views""]",,"[""Installed Kitchen""]","[""Sage""]","[""Padel"",""Water sports""]","[""Spa & Gym"",""Beach Club"",""Restaurants"",""Cafes"",""Retail"",""Picnic Areas""]",Yes,"{""age"":""35–44"",""unit_size"":""2BR"",""nationality"":""United Kingdom"",""price_range"":""700k–1.5M SAR"",""payment_plan"":""5+ yrs"",""home_features"":[""Balconies & Terraces"",""Sea Views""],""property_type"":""Apartment"",""social_status"":""Married"",""timing_to_buy"":""2028 – 2029"",""managed_rental"":""Yes"",""no_of_children"":""0"",""primary_reason"":""Investment"",""exterior_colour"":[""Sage""],""has_second_home"":""Self-owned"",""sport_amenities"":[""Padel"",""Water sports""],""premium_features"":[""Installed Kitchen""],""community_mobility"":[""Private Buggy"",""Personal Car"",""Walking""],""staff_accommodation"":null,""additional_amenities"":[""Spa & Gym"",""Beach Club"",""Restaurants"",""Cafes"",""Retail"",""Picnic Areas""],""travel_to_destination"":""Air""}",5+ yrs,Air,"[""Private Buggy"",""Personal Car"",""Walking""]"
79f67684-30c5-480b-a9e1-3ea13c730b31,2026-09-09 13:09:40.904053+00,,35–44,United Kingdom,Married,0,No,2028 – 2029,Both,Apartment,1BR,700k–1.5M SAR,"[""Balconies & Terraces"",""Sea Views"",""Outdoor Space""]",,"[""Installed Kitchen"",""Kitchen Appliances"",""Built-in Wardrobes""]","[""Sand""]","[""Padel"",""Water sports"",""Tennis""]","[""Spa & Gym"",""Beach Club"",""Cafes""]",Depends on fees & flexibility,"{""age"":""35–44"",""unit_size"":""1BR"",""nationality"":""United Kingdom"",""price_range"":""700k–1.5M SAR"",""payment_plan"":""5+ yrs"",""home_features"":[""Balconies & Terraces"",""Sea Views"",""Outdoor Space""],""property_type"":""Apartment"",""social_status"":""Married"",""timing_to_buy"":""2028 – 2029"",""managed_rental"":""Depends on fees & flexibility"",""no_of_children"":""0"",""primary_reason"":""Both"",""exterior_colour"":[""Sand""],""has_second_home"":""No"",""sport_amenities"":[""Padel"",""Water sports"",""Tennis""],""premium_features"":[""Installed Kitchen"",""Kitchen Appliances"",""Built-in Wardrobes""],""community_mobility"":[""Walking"",""Cycling""],""staff_accommodation"":null,""additional_amenities"":[""Spa & Gym"",""Beach Club"",""Cafes""],""travel_to_destination"":""Air""}",5+ yrs,Air,"[""Walking"",""Cycling""]"
7a8db72b-cc94-4e1c-af78-15b3304e852f,2026-09-13 07:02:08.687711+00,,35–44,Egypt,Married,2,No,2030 onwards,Investment,Apartment,2BR,700k–1.5M SAR,"[""Balconies & Terraces"",""Sea Views"",""Park Views""]",,"[""Installed Kitchen"",""Built-in Wardrobes"",""Private Pool""]","[""Sand""]","[""Padel"",""Water sports""]","[""Spa & Gym"",""Children's Club"",""Beach Club"",""Ladies Facilities"",""Cafes"",""Retail"",""Restaurants""]",Depends on return,"{""age"":""35–44"",""unit_size"":""2BR"",""nationality"":""Egypt"",""price_range"":""700k–1.5M SAR"",""payment_plan"":""3–5 years"",""home_features"":[""Balconies & Terraces"",""Sea Views"",""Park Views""],""property_type"":""Apartment"",""social_status"":""Married"",""timing_to_buy"":""2030 onwards"",""managed_rental"":""Depends on return"",""no_of_children"":""2"",""primary_reason"":""Investment"",""exterior_colour"":[""Sand""],""has_second_home"":""No"",""sport_amenities"":[""Padel"",""Water sports""],""premium_features"":[""Installed Kitchen"",""Built-in Wardrobes"",""Private Pool""],""community_mobility"":[""Private Buggy"",""Shared Buggy / Community Shuttle"",""Walking""],""staff_accommodation"":null,""additional_amenities"":[""Spa & Gym"",""Children's Club"",""Beach Club"",""Ladies Facilities"",""Cafes"",""Retail"",""Restaurants""],""travel_to_destination"":""Air""}",3–5 years,Air,"[""Private Buggy"",""Shared Buggy / Community Shuttle"",""Walking""]"
7ae09ace-3c6d-4a8b-833c-41318340c169,2026-09-09 13:16:55.803862+00,,35–44,Saudi Arabia,Married,3,No,2026 – 2027,Both,No preference,3BR,700k–1.5M SAR,"[""Sea Views"",""Balconies & Terraces"",""Outdoor Space""]",A maid's room,"[""Kitchen Appliances""]","[""Sage""]","[""Tennis"",""Padel"",""Water sports""]","[""Spa & Gym"",""Ladies Facilities"",""Children's Club"",""Cafes"",""Restaurants"",""Retail"",""Picnic Areas"",""Beach Club"",""Social Lounge""]",Depends on return,"{""age"":""35–44"",""unit_size"":""3BR"",""nationality"":""Saudi Arabia"",""price_range"":""700k–1.5M SAR"",""payment_plan"":""5+ yrs"",""home_features"":[""Sea Views"",""Balconies & Terraces"",""Outdoor Space""],""property_type"":""No preference"",""social_status"":""Married"",""timing_to_buy"":""2026 – 2027"",""managed_rental"":""Depends on return"",""no_of_children"":""3"",""primary_reason"":""Both"",""exterior_colour"":[""Sage""],""has_second_home"":""No"",""sport_amenities"":[""Tennis"",""Padel"",""Water sports""],""premium_features"":[""Kitchen Appliances""],""community_mobility"":[""Personal Car""],""staff_accommodation"":""A maid's room"",""additional_amenities"":[""Spa & Gym"",""Ladies Facilities"",""Children's Club"",""Cafes"",""Restaurants"",""Retail"",""Picnic Areas"",""Beach Club"",""Social Lounge""],""travel_to_destination"":""Car""}",5+ yrs,Car,"[""Personal Car""]"
7af87a03-919d-4564-9905-5b22db253694,2026-09-10 10:49:06.741635+00,,35–44,Philippines,Married,1,Family-owned,2028 – 2029,Investment,Apartment,2BR,700k–1.5M SAR,"[""Sea Views""]",,"[""Installed Kitchen""]","[""Sand"",""Other: beige""]","[""Other: badminton""]","[""Picnic Areas""]",Depends on fees & flexibility,"{""age"":""35–44"",""unit_size"":""2BR"",""nationality"":""Philippines"",""price_range"":""700k–1.5M SAR"",""payment_plan"":""3–5 years"",""home_features"":[""Sea Views""],""property_type"":""Apartment"",""social_status"":""Married"",""timing_to_buy"":""2028 – 2029"",""managed_rental"":""Depends on fees & flexibility"",""no_of_children"":""1"",""primary_reason"":""Investment"",""exterior_colour"":[""Sand"",""Other: beige""],""has_second_home"":""Family-owned"",""sport_amenities"":[""Other: badminton""],""premium_features"":[""Installed Kitchen""],""community_mobility"":[""Private Buggy""],""staff_accommodation"":null,""additional_amenities"":[""Picnic Areas""],""travel_to_destination"":""Air""}",3–5 years,Air,"[""Private Buggy""]"
7b0a3d6a-a57c-4b25-95ea-424decfa5a6e,2026-09-10 05:48:30.921311+00,,35–44,Egypt,Married,2,Family-owned,2028 – 2029,Investment,Beach Villa,2BR,700k–1.5M SAR,"[""Outdoor Space"",""Balconies & Terraces"",""Sea Views""]",A maid's room,"[""Kitchen Appliances"",""Private Pool"",""Built-in Wardrobes"",""Installed Kitchen""]","[""Sand"",""Sage""]","[""Football"",""Padel"",""Water sports""]","[""Ladies Facilities"",""Beach Club"",""Cafes"",""Retail"",""Restaurants"",""Spa & Gym"",""Picnic Areas"",""Social Lounge"",""Children's Club""]",Depends on fees & flexibility,"{""age"":""35–44"",""unit_size"":""2BR"",""nationality"":""Egypt"",""price_range"":""700k–1.5M SAR"",""payment_plan"":""5+ yrs"",""home_features"":[""Outdoor Space"",""Balconies & Terraces"",""Sea Views""],""property_type"":""Beach Villa"",""social_status"":""Married"",""timing_to_buy"":""2028 – 2029"",""managed_rental"":""Depends on fees & flexibility"",""no_of_children"":""2"",""primary_reason"":""Investment"",""exterior_colour"":[""Sand"",""Sage""],""has_second_home"":""Family-owned"",""sport_amenities"":[""Football"",""Padel"",""Water sports""],""premium_features"":[""Kitchen Appliances"",""Private Pool"",""Built-in Wardrobes"",""Installed Kitchen""],""community_mobility"":[""Private Buggy"",""Cycling"",""Shared Buggy / Community Shuttle"",""Personal Car"",""Walking""],""staff_accommodation"":""A maid's room"",""additional_amenities"":[""Ladies Facilities"",""Beach Club"",""Cafes"",""Retail"",""Restaurants"",""Spa & Gym"",""Picnic Areas"",""Social Lounge"",""Children's Club""],""travel_to_destination"":""Car""}",5+ yrs,Car,"[""Private Buggy"",""Cycling"",""Shared Buggy / Community Shuttle"",""Personal Car"",""Walking""]"
7b130dec-0ef8-4e1c-81f7-02dc20cf4e5b,2026-09-09 13:15:46.557506+00,,35–44,Philippines,Married,0,Self-owned,2030 onwards,Both,No preference,1BR,700k–1.5M SAR,"[""Outdoor Space"",""Balconies & Terraces"",""Privacy""]",Not required,"[""Other: Music Room""]","[""Sand""]","[""Other: running track and lap pool""]","[""Restaurants"",""Picnic Areas"",""Retail""]",Depends on return,"{""age"":""35–44"",""unit_size"":""1BR"",""nationality"":""Philippines"",""price_range"":""700k–1.5M SAR"",""payment_plan"":""5+ yrs"",""home_features"":[""Outdoor Space"",""Balconies & Terraces"",""Privacy""],""property_type"":""No preference"",""social_status"":""Married"",""timing_to_buy"":""2030 onwards"",""managed_rental"":""Depends on return"",""no_of_children"":""0"",""primary_reason"":""Both"",""exterior_colour"":[""Sand""],""has_second_home"":""Self-owned"",""sport_amenities"":[""Other: running track and lap pool""],""premium_features"":[""Other: Music Room""],""community_mobility"":[""Walking""],""staff_accommodation"":""Not required"",""additional_amenities"":[""Restaurants"",""Picnic Areas"",""Retail""],""travel_to_destination"":""Car""}",5+ yrs,Car,"[""Walking""]"
7b5997e8-5c89-4fa6-9e7c-9dab1700ca8f,2026-09-13 05:35:42.462672+00,,35–44,Saudi Arabia,Married,2,Family-owned,2028 – 2029,Both,Townhouse,3BR,700k–1.5M SAR,"[""Sea Views"",""Balconies & Terraces"",""Privacy""]",A maid's room,"[""Private Pool"",""Installed Kitchen""]","[""Sand""]","[""Padel"",""Water sports""]","[""Spa & Gym"",""Children's Club"",""Social Lounge"",""Ladies Facilities"",""Picnic Areas"",""Beach Club"",""Restaurants"",""Cafes"",""Retail""]",Depends on return,"{""age"":""35–44"",""unit_size"":""3BR"",""nationality"":""Saudi Arabia"",""price_range"":""700k–1.5M SAR"",""payment_plan"":""5+ yrs"",""home_features"":[""Sea Views"",""Balconies & Terraces"",""Privacy""],""property_type"":""Townhouse"",""social_status"":""Married"",""timing_to_buy"":""2028 – 2029"",""managed_rental"":""Depends on return"",""no_of_children"":""2"",""primary_reason"":""Both"",""exterior_colour"":[""Sand""],""has_second_home"":""Family-owned"",""sport_amenities"":[""Padel"",""Water sports""],""premium_features"":[""Private Pool"",""Installed Kitchen""],""community_mobility"":[""Shared Buggy / Community Shuttle"",""Walking""],""staff_accommodation"":""A maid's room"",""additional_amenities"":[""Spa & Gym"",""Children's Club"",""Social Lounge"",""Ladies Facilities"",""Picnic Areas"",""Beach Club"",""Restaurants"",""Cafes"",""Retail""],""travel_to_destination"":""Air""}",5+ yrs,Air,"[""Shared Buggy / Community Shuttle"",""Walking""]"
7b603820-a0b1-41fd-b77a-5e075edc226a,2026-09-09 13:08:06.173799+00,,45–54,Philippines,Married,1,No,2030 onwards,Investment,Beach Villa,3BR,700k–1.5M SAR,"[""Outdoor Space"",""Sea Views"",""Balconies & Terraces""]",Not required,"[""Private Pool""]","[""Blue""]","[""Basketball"",""Tennis"",""Football""]","[""Picnic Areas"",""Restaurants"",""Beach Club""]",Yes,"{""age"":""45–54"",""unit_size"":""3BR"",""nationality"":""Philippines"",""price_range"":""700k–1.5M SAR"",""payment_plan"":""3–5 years"",""home_features"":[""Outdoor Space"",""Sea Views"",""Balconies & Terraces""],""property_type"":""Beach Villa"",""social_status"":""Married"",""timing_to_buy"":""2030 onwards"",""managed_rental"":""Yes"",""no_of_children"":""1"",""primary_reason"":""Investment"",""exterior_colour"":[""Blue""],""has_second_home"":""No"",""sport_amenities"":[""Basketball"",""Tennis"",""Football""],""premium_features"":[""Private Pool""],""community_mobility"":[""Cycling""],""staff_accommodation"":""Not required"",""additional_amenities"":[""Picnic Areas"",""Restaurants"",""Beach Club""],""travel_to_destination"":""Car""}",3–5 years,Car,"[""Cycling""]"
7b8bb01b-12e8-4582-adeb-6cd7f8da6a76,2026-09-10 05:45:26.041508+00,,35–44,Saudi Arabia,Married,0,Family-owned,2028 – 2029,Both,Apartment,3BR,700k–1.5M SAR,"[""Balconies & Terraces"",""Sea Views""]",,"[""Private Pool""]","[""Sage""]","[""Tennis"",""Padel""]","[""Beach Club"",""Picnic Areas"",""Ladies Facilities"",""Restaurants"",""Cafes"",""Retail"",""Spa & Gym""]",Depends on fees & flexibility,"{""age"":""35–44"",""unit_size"":""3BR"",""nationality"":""Saudi Arabia"",""price_range"":""700k–1.5M SAR"",""payment_plan"":""3–5 years"",""home_features"":[""Balconies & Terraces"",""Sea Views""],""property_type"":""Apartment"",""social_status"":""Married"",""timing_to_buy"":""2028 – 2029"",""managed_rental"":""Depends on fees & flexibility"",""no_of_children"":""0"",""primary_reason"":""Both"",""exterior_colour"":[""Sage""],""has_second_home"":""Family-owned"",""sport_amenities"":[""Tennis"",""Padel""],""premium_features"":[""Private Pool""],""community_mobility"":[""Private Buggy"",""Shared Buggy / Community Shuttle""],""staff_accommodation"":null,""additional_amenities"":[""Beach Club"",""Picnic Areas"",""Ladies Facilities"",""Restaurants"",""Cafes"",""Retail"",""Spa & Gym""],""travel_to_destination"":""Air""}",3–5 years,Air,"[""Private Buggy"",""Shared Buggy / Community Shuttle""]"
7bc8d6a2-6b2c-4d18-9cd6-1ee374454512,2026-09-09 14:00:14.667177+00,,25–34,Saudi Arabia,Married,0,No,2028 – 2029,Both,Townhouse,4BR,700k–1.5M SAR,"[""Outdoor Space"",""Balconies & Terraces"",""Sea Views""]",A maid's room,"[""Private Pool"",""Built-in Wardrobes"",""Kitchen Appliances"",""Installed Kitchen""]","[""Sand""]","[""Padel"",""Tennis"",""Water sports""]","[""Spa & Gym"",""Children's Club"",""Restaurants"",""Cafes"",""Retail"",""Beach Club""]",Depends on return,"{""age"":""25–34"",""unit_size"":""4BR"",""nationality"":""Saudi Arabia"",""price_range"":""700k–1.5M SAR"",""payment_plan"":""3–5 years"",""home_features"":[""Outdoor Space"",""Balconies & Terraces"",""Sea Views""],""property_type"":""Townhouse"",""social_status"":""Married"",""timing_to_buy"":""2028 – 2029"",""managed_rental"":""Depends on return"",""no_of_children"":""0"",""primary_reason"":""Both"",""exterior_colour"":[""Sand""],""has_second_home"":""No"",""sport_amenities"":[""Padel"",""Tennis"",""Water sports""],""premium_features"":[""Private Pool"",""Built-in Wardrobes"",""Kitchen Appliances"",""Installed Kitchen""],""community_mobility"":[""Walking""],""staff_accommodation"":""A maid's room"",""additional_amenities"":[""Spa & Gym"",""Children's Club"",""Restaurants"",""Cafes"",""Retail"",""Beach Club""],""travel_to_destination"":""Air""}",3–5 years,Air,"[""Walking""]"
7c112edc-c43b-4872-aa82-ad7965091955,2026-09-10 05:36:50.659049+00,,25–34,Saudi Arabia,Single,0,No,2030 onwards,Both,No preference,Studio,700k–1.5M SAR,"[""Sea Views""]",Not required,"[""Private Pool""]","[""Sand""]","[""Football"",""Water sports"",""Volleyball""]","[""Spa & Gym"",""Beach Club"",""Restaurants"",""Cafes""]",Yes,"{""age"":""25–34"",""unit_size"":""Studio"",""nationality"":""Saudi Arabia"",""price_range"":""700k–1.5M SAR"",""payment_plan"":""5+ yrs"",""home_features"":[""Sea Views""],""property_type"":""No preference"",""social_status"":""Single"",""timing_to_buy"":""2030 onwards"",""managed_rental"":""Yes"",""no_of_children"":""0"",""primary_reason"":""Both"",""exterior_colour"":[""Sand""],""has_second_home"":""No"",""sport_amenities"":[""Football"",""Water sports"",""Volleyball""],""premium_features"":[""Private Pool""],""community_mobility"":[""Walking""],""staff_accommodation"":""Not required"",""additional_amenities"":[""Spa & Gym"",""Beach Club"",""Restaurants"",""Cafes""],""travel_to_destination"":""Car""}",5+ yrs,Car,"[""Walking""]"
7c4a4315-35a1-4c64-ad1f-cd6f86101afd,2026-09-09 13:34:34.878186+00,,45–54,Italy,Married,1,Self-owned,2030 onwards,Investment,No preference,1BR,700k–1.5M SAR,"[""Outdoor Space"",""Balconies & Terraces"",""Sea Views""]",A maid's room,"[""Installed Kitchen"",""Kitchen Appliances"",""Built-in Wardrobes""]","[""Sand""]","[""Basketball"",""Padel"",""Water sports""]","[""Spa & Gym"",""Beach Club"",""Restaurants"",""Cafes"",""Retail""]",Depends on return,"{""age"":""45–54"",""unit_size"":""1BR"",""nationality"":""Italy"",""price_range"":""700k–1.5M SAR"",""payment_plan"":""5+ yrs"",""home_features"":[""Outdoor Space"",""Balconies & Terraces"",""Sea Views""],""property_type"":""No preference"",""social_status"":""Married"",""timing_to_buy"":""2030 onwards"",""managed_rental"":""Depends on return"",""no_of_children"":""1"",""primary_reason"":""Investment"",""exterior_colour"":[""Sand""],""has_second_home"":""Self-owned"",""sport_amenities"":[""Basketball"",""Padel"",""Water sports""],""premium_features"":[""Installed Kitchen"",""Kitchen Appliances"",""Built-in Wardrobes""],""community_mobility"":[""Walking""],""staff_accommodation"":""A maid's room"",""additional_amenities"":[""Spa & Gym"",""Beach Club"",""Restaurants"",""Cafes"",""Retail""],""travel_to_destination"":""Car""}",5+ yrs,Car,"[""Walking""]"
7ceff959-d63f-4bb3-b0e7-6afea15f6b96,2026-09-10 09:27:51.796183+00,,35–44,India,Married,3,No,2028 – 2029,Investment,Apartment,2BR,700k–1.5M SAR,"[""Outdoor Space""]",,"[""Kitchen Appliances"",""Built-in Wardrobes""]","[""Blue""]","[""Padel""]","[""Spa & Gym"",""Children's Club"",""Restaurants"",""Cafes""]",Depends on return,"{""age"":""35–44"",""unit_size"":""2BR"",""nationality"":""India"",""price_range"":""700k–1.5M SAR"",""payment_plan"":""Upfront cash in full"",""home_features"":[""Outdoor Space""],""property_type"":""Apartment"",""social_status"":""Married"",""timing_to_buy"":""2028 – 2029"",""managed_rental"":""Depends on return"",""no_of_children"":""3"",""primary_reason"":""Investment"",""exterior_colour"":[""Blue""],""has_second_home"":""No"",""sport_amenities"":[""Padel""],""premium_features"":[""Kitchen Appliances"",""Built-in Wardrobes""],""community_mobility"":[""Walking"",""Cycling""],""staff_accommodation"":null,""additional_amenities"":[""Spa & Gym"",""Children's Club"",""Restaurants"",""Cafes""],""travel_to_destination"":""Car""}",Upfront cash in full,Car,"[""Walking"",""Cycling""]"
7d3a8479-1d4d-4ddc-b08b-5a34f3e129c1,2026-09-09 13:17:21.455761+00,,35–44,Saudi Arabia,Married,1,Self-owned,2028 – 2029,Family holidays,Villa,3BR,700k–1.5M SAR,"[""Outdoor Space""]",A maid's room,"[""Private Pool""]","[""Sand""]","[""Volleyball"",""Padel""]","[""Spa & Gym"",""Children's Club"",""Social Lounge"",""Ladies Facilities"",""Beach Club"",""Cafes"",""Restaurants"",""Retail""]",No,"{""age"":""35–44"",""unit_size"":""3BR"",""nationality"":""Saudi Arabia"",""price_range"":""700k–1.5M SAR"",""payment_plan"":""5+ yrs"",""home_features"":[""Outdoor Space""],""property_type"":""Villa"",""social_status"":""Married"",""timing_to_buy"":""2028 – 2029"",""managed_rental"":""No"",""no_of_children"":""1"",""primary_reason"":""Family holidays"",""exterior_colour"":[""Sand""],""has_second_home"":""Self-owned"",""sport_amenities"":[""Volleyball"",""Padel""],""premium_features"":[""Private Pool""],""community_mobility"":[""Walking""],""staff_accommodation"":""A maid's room"",""additional_amenities"":[""Spa & Gym"",""Children's Club"",""Social Lounge"",""Ladies Facilities"",""Beach Club"",""Cafes"",""Restaurants"",""Retail""],""travel_to_destination"":""Car""}",5+ yrs,Car,"[""Walking""]"
7e604b2e-8f11-448a-a1d5-d3768a2bf1cb,2026-09-09 13:41:40.835705+00,,25–34,India,Single,0,Family-owned,2028 – 2029,Investment,Apartment,Studio,700k–1.5M SAR,"[""Balconies & Terraces"",""Sea Views"",""Privacy""]",,"[""Private Pool"",""Installed Kitchen""]","[""Rose""]","[""Water sports""]","[""Spa & Gym"",""Restaurants"",""Cafes"",""Retail""]",Depends on fees & flexibility,"{""age"":""25–34"",""unit_size"":""Studio"",""nationality"":""India"",""price_range"":""700k–1.5M SAR"",""payment_plan"":""5+ yrs"",""home_features"":[""Balconies & Terraces"",""Sea Views"",""Privacy""],""property_type"":""Apartment"",""social_status"":""Single"",""timing_to_buy"":""2028 – 2029"",""managed_rental"":""Depends on fees & flexibility"",""no_of_children"":""0"",""primary_reason"":""Investment"",""exterior_colour"":[""Rose""],""has_second_home"":""Family-owned"",""sport_amenities"":[""Water sports""],""premium_features"":[""Private Pool"",""Installed Kitchen""],""community_mobility"":[""Walking"",""Personal Car""],""staff_accommodation"":null,""additional_amenities"":[""Spa & Gym"",""Restaurants"",""Cafes"",""Retail""],""travel_to_destination"":""Car""}",5+ yrs,Car,"[""Walking"",""Personal Car""]"
7e70e59f-fd56-44fa-8501-a14cc9628c55,2026-09-09 13:08:32.026731+00,,35–44,Australia,Single,0,No,2030 onwards,Investment,Beach Villa,4BR,700k–1.5M SAR,"[""Outdoor Space"",""Balconies & Terraces"",""Sea Views""]",A maid's room,"[""Private Pool""]","[""Rose""]","[""Padel"",""Football"",""Water sports""]","[""Spa & Gym"",""Beach Club"",""Restaurants"",""Cafes"",""Retail""]",Yes,"{""age"":""35–44"",""unit_size"":""4BR"",""nationality"":""Australia"",""price_range"":""700k–1.5M SAR"",""payment_plan"":""5+ yrs"",""home_features"":[""Outdoor Space"",""Balconies & Terraces"",""Sea Views""],""property_type"":""Beach Villa"",""social_status"":""Single"",""timing_to_buy"":""2030 onwards"",""managed_rental"":""Yes"",""no_of_children"":""0"",""primary_reason"":""Investment"",""exterior_colour"":[""Rose""],""has_second_home"":""No"",""sport_amenities"":[""Padel"",""Football"",""Water sports""],""premium_features"":[""Private Pool""],""community_mobility"":[""Cycling"",""Walking""],""staff_accommodation"":""A maid's room"",""additional_amenities"":[""Spa & Gym"",""Beach Club"",""Restaurants"",""Cafes"",""Retail""],""travel_to_destination"":""Air""}",5+ yrs,Air,"[""Cycling"",""Walking""]"
7e752d6d-4a57-4dd6-94be-1a538088fec0,2026-09-09 14:38:06.265711+00,,35–44,United Kingdom,Married,3,Self-owned,2030 onwards,Both,Beach Villa,3BR,700k–1.5M SAR,"[""Balconies & Terraces"",""Outdoor Space"",""Sea Views""]",A maid's room,"[""Installed Kitchen""]","[""Sand"",""Blue""]","[""Padel"",""Water sports"",""Football""]","[""Spa & Gym"",""Cafes"",""Restaurants"",""Children's Club"",""Beach Club""]",Depends on return,"{""age"":""35–44"",""unit_size"":""3BR"",""nationality"":""United Kingdom"",""price_range"":""700k–1.5M SAR"",""payment_plan"":""5+ yrs"",""home_features"":[""Balconies & Terraces"",""Outdoor Space"",""Sea Views""],""property_type"":""Beach Villa"",""social_status"":""Married"",""timing_to_buy"":""2030 onwards"",""managed_rental"":""Depends on return"",""no_of_children"":""3"",""primary_reason"":""Both"",""exterior_colour"":[""Sand"",""Blue""],""has_second_home"":""Self-owned"",""sport_amenities"":[""Padel"",""Water sports"",""Football""],""premium_features"":[""Installed Kitchen""],""community_mobility"":[""Private Buggy"",""Personal Car""],""staff_accommodation"":""A maid's room"",""additional_amenities"":[""Spa & Gym"",""Cafes"",""Restaurants"",""Children's Club"",""Beach Club""],""travel_to_destination"":""Air""}",5+ yrs,Air,"[""Private Buggy"",""Personal Car""]"
7eee0620-4652-497d-b1f7-59998196cd91,2026-09-09 14:29:08.020603+00,,45–54,India,Married,2,Self-owned,2028 – 2029,Both,Apartment,1BR,700k–1.5M SAR,"[""Balconies & Terraces"",""Outdoor Space"",""Sea Views""]",,"[""Installed Kitchen"",""Built-in Wardrobes""]","[""Blue""]","[""Padel"",""Water sports"",""Football""]","[""Spa & Gym"",""Children's Club"",""Picnic Areas"",""Beach Club"",""Ladies Facilities"",""Social Lounge""]",Depends on return,"{""age"":""45–54"",""unit_size"":""1BR"",""nationality"":""India"",""price_range"":""700k–1.5M SAR"",""payment_plan"":""3–5 years"",""home_features"":[""Balconies & Terraces"",""Outdoor Space"",""Sea Views""],""property_type"":""Apartment"",""social_status"":""Married"",""timing_to_buy"":""2028 – 2029"",""managed_rental"":""Depends on return"",""no_of_children"":""2"",""primary_reason"":""Both"",""exterior_colour"":[""Blue""],""has_second_home"":""Self-owned"",""sport_amenities"":[""Padel"",""Water sports"",""Football""],""premium_features"":[""Installed Kitchen"",""Built-in Wardrobes""],""community_mobility"":[""Walking"",""Cycling"",""Personal Car""],""staff_accommodation"":null,""additional_amenities"":[""Spa & Gym"",""Children's Club"",""Picnic Areas"",""Beach Club"",""Ladies Facilities"",""Social Lounge""],""travel_to_destination"":""Air""}",3–5 years,Air,"[""Walking"",""Cycling"",""Personal Car""]"
7f7c2554-5efa-44cf-b865-5b851fea8629,2026-09-09 13:09:02.52576+00,,45–54,India,Married,2,Self-owned,2030 onwards,Both,Apartment,1BR,700k–1.5M SAR,"[""Sea Views""]",,"[""Installed Kitchen""]","[""Sand""]","[""Water sports""]","[""Spa & Gym"",""Cafes"",""Retail"",""Restaurants"",""Beach Club""]",Yes,"{""age"":""45–54"",""unit_size"":""1BR"",""nationality"":""India"",""price_range"":""700k–1.5M SAR"",""payment_plan"":""5+ yrs"",""home_features"":[""Sea Views""],""property_type"":""Apartment"",""social_status"":""Married"",""timing_to_buy"":""2030 onwards"",""managed_rental"":""Yes"",""no_of_children"":""2"",""primary_reason"":""Both"",""exterior_colour"":[""Sand""],""has_second_home"":""Self-owned"",""sport_amenities"":[""Water sports""],""premium_features"":[""Installed Kitchen""],""community_mobility"":[""Personal Car""],""staff_accommodation"":null,""additional_amenities"":[""Spa & Gym"",""Cafes"",""Retail"",""Restaurants"",""Beach Club""],""travel_to_destination"":""Car""}",5+ yrs,Car,"[""Personal Car""]"
7fbf4fa1-6347-4f6e-907f-db8252382154,2026-09-10 03:29:31.936308+00,,35–44,Pakistan,Married,2,No,2028 – 2029,Investment,Beach Villa,2BR,700k–1.5M SAR,"[""Sea Views"",""Outdoor Space"",""Privacy""]",A maid's room,"[""Installed Kitchen"",""Built-in Wardrobes"",""Private Pool""]","[""Sage"",""Sand""]","[""Padel"",""Water sports"",""Other: billiards, kids play area""]","[""Spa & Gym"",""Children's Club"",""Ladies Facilities"",""Picnic Areas"",""Restaurants"",""Cafes"",""Retail"",""Beach Club"",""Social Lounge""]",Depends on fees & flexibility,"{""age"":""35–44"",""unit_size"":""2BR"",""nationality"":""Pakistan"",""price_range"":""700k–1.5M SAR"",""payment_plan"":""5+ yrs"",""home_features"":[""Sea Views"",""Outdoor Space"",""Privacy""],""property_type"":""Beach Villa"",""social_status"":""Married"",""timing_to_buy"":""2028 – 2029"",""managed_rental"":""Depends on fees & flexibility"",""no_of_children"":""2"",""primary_reason"":""Investment"",""exterior_colour"":[""Sage"",""Sand""],""has_second_home"":""No"",""sport_amenities"":[""Padel"",""Water sports"",""Other: billiards, kids play area""],""premium_features"":[""Installed Kitchen"",""Built-in Wardrobes"",""Private Pool""],""community_mobility"":[""Walking"",""Cycling""],""staff_accommodation"":""A maid's room"",""additional_amenities"":[""Spa & Gym"",""Children's Club"",""Ladies Facilities"",""Picnic Areas"",""Restaurants"",""Cafes"",""Retail"",""Beach Club"",""Social Lounge""],""travel_to_destination"":""Car""}",5+ yrs,Car,"[""Walking"",""Cycling""]"
8063f9c2-6e5a-41be-9db6-c8a8b8f20074,2026-09-09 13:07:42.026266+00,,25–34,Pakistan,Married,0,Family-owned,2030 onwards,Family holidays,Apartment,2BR,700k–1.5M SAR,"[""Balconies & Terraces"",""Outdoor Space"",""Sea Views""]",,"[""Private Pool"",""Kitchen Appliances"",""Installed Kitchen"",""Built-in Wardrobes""]","[""Sand""]","[""Football"",""Padel"",""Water sports""]","[""Spa & Gym"",""Social Lounge"",""Beach Club"",""Ladies Facilities"",""Restaurants"",""Cafes"",""Retail"",""Picnic Areas"",""Children's Club""]",Depends on return,"{""age"":""25–34"",""unit_size"":""2BR"",""nationality"":""Pakistan"",""price_range"":""700k–1.5M SAR"",""payment_plan"":""5+ yrs"",""home_features"":[""Balconies & Terraces"",""Outdoor Space"",""Sea Views""],""property_type"":""Apartment"",""social_status"":""Married"",""timing_to_buy"":""2030 onwards"",""managed_rental"":""Depends on return"",""no_of_children"":""0"",""primary_reason"":""Family holidays"",""exterior_colour"":[""Sand""],""has_second_home"":""Family-owned"",""sport_amenities"":[""Football"",""Padel"",""Water sports""],""premium_features"":[""Private Pool"",""Kitchen Appliances"",""Installed Kitchen"",""Built-in Wardrobes""],""community_mobility"":[""Shared Buggy / Community Shuttle"",""Walking"",""Cycling""],""staff_accommodation"":null,""additional_amenities"":[""Spa & Gym"",""Social Lounge"",""Beach Club"",""Ladies Facilities"",""Restaurants"",""Cafes"",""Retail"",""Picnic Areas"",""Children's Club""],""travel_to_destination"":""Car""}",5+ yrs,Car,"[""Shared Buggy / Community Shuttle"",""Walking"",""Cycling""]"
8125f8a2-dd95-441a-b16a-ffdbb5e2fd74,2026-09-09 13:26:40.974695+00,,35–44,India,Married,3,Self-owned,2028 – 2029,Both,Apartment,1BR,700k–1.5M SAR,"[""Outdoor Space"",""Balconies & Terraces"",""Sea Views""]",,"[""Installed Kitchen"",""Built-in Wardrobes"",""Private Pool""]","[""Sand""]","[""Tennis"",""Water sports""]","[""Spa & Gym"",""Beach Club"",""Cafes""]",Depends on fees & flexibility,"{""age"":""35–44"",""unit_size"":""1BR"",""nationality"":""India"",""price_range"":""700k–1.5M SAR"",""payment_plan"":""3–5 years"",""home_features"":[""Outdoor Space"",""Balconies & Terraces"",""Sea Views""],""property_type"":""Apartment"",""social_status"":""Married"",""timing_to_buy"":""2028 – 2029"",""managed_rental"":""Depends on fees & flexibility"",""no_of_children"":""3"",""primary_reason"":""Both"",""exterior_colour"":[""Sand""],""has_second_home"":""Self-owned"",""sport_amenities"":[""Tennis"",""Water sports""],""premium_features"":[""Installed Kitchen"",""Built-in Wardrobes"",""Private Pool""],""community_mobility"":[""Cycling""],""staff_accommodation"":null,""additional_amenities"":[""Spa & Gym"",""Beach Club"",""Cafes""],""travel_to_destination"":""Car""}",3–5 years,Car,"[""Cycling""]"
812dcdec-9c00-4ae2-9c59-931d04a53e6b,2026-09-09 13:15:08.582135+00,,45–54,United Kingdom,Married,0,No,2030 onwards,Investment,No preference,1BR,700k–1.5M SAR,"[""Sea Views"",""Outdoor Space"",""Balconies & Terraces""]",Not required,"[""Other: None of these items are a premium item, these are the bare minimum apart from the pool.""]","[""Sand""]","[""Other: not really a requirement""]","[""Restaurants"",""Cafes"",""Retail""]",Depends on fees & flexibility,"{""age"":""45–54"",""unit_size"":""1BR"",""nationality"":""United Kingdom"",""price_range"":""700k–1.5M SAR"",""payment_plan"":""3–5 years"",""home_features"":[""Sea Views"",""Outdoor Space"",""Balconies & Terraces""],""property_type"":""No preference"",""social_status"":""Married"",""timing_to_buy"":""2030 onwards"",""managed_rental"":""Depends on fees & flexibility"",""no_of_children"":""0"",""primary_reason"":""Investment"",""exterior_colour"":[""Sand""],""has_second_home"":""No"",""sport_amenities"":[""Other: not really a requirement""],""premium_features"":[""Other: None of these items are a premium item, these are the bare minimum apart from the pool.""],""community_mobility"":[""Walking"",""Cycling"",""Private Buggy"",""Shared Buggy / Community Shuttle""],""staff_accommodation"":""Not required"",""additional_amenities"":[""Restaurants"",""Cafes"",""Retail""],""travel_to_destination"":""Car""}",3–5 years,Car,"[""Walking"",""Cycling"",""Private Buggy"",""Shared Buggy / Community Shuttle""]"
818b106d-e3b1-4408-86dd-d7ec9e0e29e5,2026-09-09 13:54:49.683302+00,,35–44,Philippines,Married,2,Self-owned,2030 onwards,Investment,Townhouse,3BR,700k–1.5M SAR,"[""Sea Views"",""Park Views""]",Not required,"[""Installed Kitchen"",""Kitchen Appliances""]","[""Sand""]","[""Basketball"",""Other: Running track""]","[""Beach Club"",""Spa & Gym"",""Children's Club""]",Yes,"{""age"":""35–44"",""unit_size"":""3BR"",""nationality"":""Philippines"",""price_range"":""700k–1.5M SAR"",""payment_plan"":""3–5 years"",""home_features"":[""Sea Views"",""Park Views""],""property_type"":""Townhouse"",""social_status"":""Married"",""timing_to_buy"":""2030 onwards"",""managed_rental"":""Yes"",""no_of_children"":""2"",""primary_reason"":""Investment"",""exterior_colour"":[""Sand""],""has_second_home"":""Self-owned"",""sport_amenities"":[""Basketball"",""Other: Running track""],""premium_features"":[""Installed Kitchen"",""Kitchen Appliances""],""community_mobility"":[""Walking""],""staff_accommodation"":""Not required"",""additional_amenities"":[""Beach Club"",""Spa & Gym"",""Children's Club""],""travel_to_destination"":""Car""}",3–5 years,Car,"[""Walking""]"
82872b84-4912-4fbf-9d81-15daee60eab8,2026-09-09 13:30:46.23221+00,,25–34,Saudi Arabia,Single,0,Self-owned,2030 onwards,Both,No preference,2BR,1.5M–3M SAR,"[""Privacy"",""Sea Views""]",Both,"[""Private Pool""]","[""Sage""]","[""Other: Horse riding""]","[""Spa & Gym"",""Social Lounge"",""Beach Club"",""Restaurants"",""Retail"",""Cafes"",""Ladies Facilities"",""Children's Club""]",Depends on return,"{""age"":""25–34"",""unit_size"":""2BR"",""nationality"":""Saudi Arabia"",""price_range"":""1.5M–3M SAR"",""payment_plan"":""5+ yrs"",""home_features"":[""Privacy"",""Sea Views""],""property_type"":""No preference"",""social_status"":""Single"",""timing_to_buy"":""2030 onwards"",""managed_rental"":""Depends on return"",""no_of_children"":""0"",""primary_reason"":""Both"",""exterior_colour"":[""Sage""],""has_second_home"":""Self-owned"",""sport_amenities"":[""Other: Horse riding""],""premium_features"":[""Private Pool""],""community_mobility"":[""Private Buggy""],""staff_accommodation"":""Both"",""additional_amenities"":[""Spa & Gym"",""Social Lounge"",""Beach Club"",""Restaurants"",""Retail"",""Cafes"",""Ladies Facilities"",""Children's Club""],""travel_to_destination"":""Air""}",5+ yrs,Air,"[""Private Buggy""]"
82aa7849-cee4-4fe0-92b0-37fba04869d4,2026-09-10 05:38:58.477744+00,,35–44,India,Married,2,No,2026 – 2027,Investment,Apartment,1BR,700k–1.5M SAR,"[""Outdoor Space"",""Balconies & Terraces"",""Park Views""]",,"[""Installed Kitchen"",""Kitchen Appliances"",""Built-in Wardrobes""]","[""Sand""]","[""Padel"",""Football"",""Other: Badminton""]","[""Spa & Gym"",""Children's Club"",""Ladies Facilities"",""Restaurants"",""Cafes"",""Retail""]",Depends on return,"{""age"":""35–44"",""unit_size"":""1BR"",""nationality"":""India"",""price_range"":""700k–1.5M SAR"",""payment_plan"":""3–5 years"",""home_features"":[""Outdoor Space"",""Balconies & Terraces"",""Park Views""],""property_type"":""Apartment"",""social_status"":""Married"",""timing_to_buy"":""2026 – 2027"",""managed_rental"":""Depends on return"",""no_of_children"":""2"",""primary_reason"":""Investment"",""exterior_colour"":[""Sand""],""has_second_home"":""No"",""sport_amenities"":[""Padel"",""Football"",""Other: Badminton""],""premium_features"":[""Installed Kitchen"",""Kitchen Appliances"",""Built-in Wardrobes""],""community_mobility"":[""Walking"",""Cycling""],""staff_accommodation"":null,""additional_amenities"":[""Spa & Gym"",""Children's Club"",""Ladies Facilities"",""Restaurants"",""Cafes"",""Retail""],""travel_to_destination"":""Air""}",3–5 years,Air,"[""Walking"",""Cycling""]"
8350d8cb-61a8-419d-bcb1-bcf3c501e648,2026-09-10 07:03:48.759074+00,,25–34,Saudi Arabia,Single,0,Family-owned,2028 – 2029,Both,Beach Villa,3BR,1.5M–3M SAR,"[""Sea Views"",""Balconies & Terraces"",""Outdoor Space""]",A maid's room,"[""Private Pool"",""Installed Kitchen"",""Built-in Wardrobes"",""Kitchen Appliances""]","[""Rose""]","[""Padel"",""Water sports"",""Tennis""]","[""Spa & Gym"",""Ladies Facilities"",""Restaurants"",""Cafes"",""Beach Club"",""Picnic Areas"",""Social Lounge""]",Depends on fees & flexibility,"{""age"":""25–34"",""unit_size"":""3BR"",""nationality"":""Saudi Arabia"",""price_range"":""1.5M–3M SAR"",""payment_plan"":""3–5 years"",""home_features"":[""Sea Views"",""Balconies & Terraces"",""Outdoor Space""],""property_type"":""Beach Villa"",""social_status"":""Single"",""timing_to_buy"":""2028 – 2029"",""managed_rental"":""Depends on fees & flexibility"",""no_of_children"":""0"",""primary_reason"":""Both"",""exterior_colour"":[""Rose""],""has_second_home"":""Family-owned"",""sport_amenities"":[""Padel"",""Water sports"",""Tennis""],""premium_features"":[""Private Pool"",""Installed Kitchen"",""Built-in Wardrobes"",""Kitchen Appliances""],""community_mobility"":[""Private Buggy"",""Walking"",""Cycling""],""staff_accommodation"":""A maid's room"",""additional_amenities"":[""Spa & Gym"",""Ladies Facilities"",""Restaurants"",""Cafes"",""Beach Club"",""Picnic Areas"",""Social Lounge""],""travel_to_destination"":""Air""}",3–5 years,Air,"[""Private Buggy"",""Walking"",""Cycling""]"
83867f52-140e-4fa1-9ae0-5bac52bd9a66,2026-09-12 07:59:00.86155+00,,35–44,Egypt,Married,0,Self-owned,2028 – 2029,Investment,Apartment,2BR,700k–1.5M SAR,"[""Balconies & Terraces"",""Sea Views""]",,"[""Installed Kitchen"",""Kitchen Appliances"",""Built-in Wardrobes""]","[""Sand""]","[""Other: gym and swimming pool- beach club""]","[""Spa & Gym"",""Beach Club"",""Cafes"",""Restaurants"",""Ladies Facilities""]",Yes,"{""age"":""35–44"",""unit_size"":""2BR"",""nationality"":""Egypt"",""price_range"":""700k–1.5M SAR"",""payment_plan"":""5+ yrs"",""home_features"":[""Balconies & Terraces"",""Sea Views""],""property_type"":""Apartment"",""social_status"":""Married"",""timing_to_buy"":""2028 – 2029"",""managed_rental"":""Yes"",""no_of_children"":""0"",""primary_reason"":""Investment"",""exterior_colour"":[""Sand""],""has_second_home"":""Self-owned"",""sport_amenities"":[""Other: gym and swimming pool- beach club""],""premium_features"":[""Installed Kitchen"",""Kitchen Appliances"",""Built-in Wardrobes""],""community_mobility"":[""Private Buggy""],""staff_accommodation"":null,""additional_amenities"":[""Spa & Gym"",""Beach Club"",""Cafes"",""Restaurants"",""Ladies Facilities""],""travel_to_destination"":""Air""}",5+ yrs,Air,"[""Private Buggy""]"
8389b07c-ee45-49d5-82f2-f6e6e410f3e2,2026-09-10 06:52:13.80556+00,,25–34,Saudi Arabia,Married,1,Family-owned,2028 – 2029,Both,Beach Villa,4BR,700k–1.5M SAR,"[""Privacy"",""Outdoor Space"",""Sea Views""]",A maid's room,"[""Kitchen Appliances"",""Installed Kitchen"",""Built-in Wardrobes"",""Private Pool""]","[""Sand""]","[""Water sports"",""Padel"",""Volleyball""]","[""Spa & Gym"",""Children's Club"",""Picnic Areas"",""Restaurants"",""Cafes"",""Retail""]",Depends on fees & flexibility,"{""age"":""25–34"",""unit_size"":""4BR"",""nationality"":""Saudi Arabia"",""price_range"":""700k–1.5M SAR"",""payment_plan"":""3–5 years"",""home_features"":[""Privacy"",""Outdoor Space"",""Sea Views""],""property_type"":""Beach Villa"",""social_status"":""Married"",""timing_to_buy"":""2028 – 2029"",""managed_rental"":""Depends on fees & flexibility"",""no_of_children"":""1"",""primary_reason"":""Both"",""exterior_colour"":[""Sand""],""has_second_home"":""Family-owned"",""sport_amenities"":[""Water sports"",""Padel"",""Volleyball""],""premium_features"":[""Kitchen Appliances"",""Installed Kitchen"",""Built-in Wardrobes"",""Private Pool""],""community_mobility"":[""Walking"",""Cycling"",""Personal Car""],""staff_accommodation"":""A maid's room"",""additional_amenities"":[""Spa & Gym"",""Children's Club"",""Picnic Areas"",""Restaurants"",""Cafes"",""Retail""],""travel_to_destination"":""Air""}",3–5 years,Air,"[""Walking"",""Cycling"",""Personal Car""]"
8441e996-a1ce-44d8-90f1-7087114c781b,2026-09-09 14:21:15.534989+00,,35–44,India,Married,2,Self-owned,2028 – 2029,Investment,Apartment,3BR,700k–1.5M SAR,"[""Outdoor Space"",""Sea Views"",""Privacy""]",,"[""Installed Kitchen"",""Kitchen Appliances"",""Built-in Wardrobes""]","[""Sand""]","[""Padel"",""Other: Badminton"",""Water sports""]","[""Spa & Gym"",""Ladies Facilities"",""Beach Club"",""Retail"",""Children's Club"",""Picnic Areas"",""Restaurants""]",Depends on fees & flexibility,"{""age"":""35–44"",""unit_size"":""3BR"",""nationality"":""India"",""price_range"":""700k–1.5M SAR"",""payment_plan"":""1–2 years"",""home_features"":[""Outdoor Space"",""Sea Views"",""Privacy""],""property_type"":""Apartment"",""social_status"":""Married"",""timing_to_buy"":""2028 – 2029"",""managed_rental"":""Depends on fees & flexibility"",""no_of_children"":""2"",""primary_reason"":""Investment"",""exterior_colour"":[""Sand""],""has_second_home"":""Self-owned"",""sport_amenities"":[""Padel"",""Other: Badminton"",""Water sports""],""premium_features"":[""Installed Kitchen"",""Kitchen Appliances"",""Built-in Wardrobes""],""community_mobility"":[""Cycling""],""staff_accommodation"":null,""additional_amenities"":[""Spa & Gym"",""Ladies Facilities"",""Beach Club"",""Retail"",""Children's Club"",""Picnic Areas"",""Restaurants""],""travel_to_destination"":""Car""}",1–2 years,Car,"[""Cycling""]"
84543700-4000-412f-ab3b-ac04bcf3c3d5,2026-09-10 07:22:51.765836+00,,25–34,Saudi Arabia,Married,2,Family-owned,2030 onwards,Both,Townhouse,4BR,700k–1.5M SAR,"[""Outdoor Space"",""Balconies & Terraces"",""Sea Views""]",A maid's room,"[""Installed Kitchen"",""Built-in Wardrobes"",""Private Pool"",""Kitchen Appliances""]","[""Sand""]","[""Padel"",""Water sports"",""Football""]","[""Children's Club"",""Ladies Facilities"",""Picnic Areas"",""Beach Club"",""Cafes"",""Retail"",""Restaurants"",""Social Lounge"",""Spa & Gym""]",Depends on fees & flexibility,"{""age"":""25–34"",""unit_size"":""4BR"",""nationality"":""Saudi Arabia"",""price_range"":""700k–1.5M SAR"",""payment_plan"":""5+ yrs"",""home_features"":[""Outdoor Space"",""Balconies & Terraces"",""Sea Views""],""property_type"":""Townhouse"",""social_status"":""Married"",""timing_to_buy"":""2030 onwards"",""managed_rental"":""Depends on fees & flexibility"",""no_of_children"":""2"",""primary_reason"":""Both"",""exterior_colour"":[""Sand""],""has_second_home"":""Family-owned"",""sport_amenities"":[""Padel"",""Water sports"",""Football""],""premium_features"":[""Installed Kitchen"",""Built-in Wardrobes"",""Private Pool"",""Kitchen Appliances""],""community_mobility"":[""Walking"",""Private Buggy"",""Cycling"",""Shared Buggy / Community Shuttle""],""staff_accommodation"":""A maid's room"",""additional_amenities"":[""Children's Club"",""Ladies Facilities"",""Picnic Areas"",""Beach Club"",""Cafes"",""Retail"",""Restaurants"",""Social Lounge"",""Spa & Gym""],""travel_to_destination"":""Car""}",5+ yrs,Car,"[""Walking"",""Private Buggy"",""Cycling"",""Shared Buggy / Community Shuttle""]"
8530c35b-b84b-44ea-9859-153a2a0acfd7,2026-09-09 13:07:21.282515+00,,25–34,Saudi Arabia,Married,0,Self-owned,2030 onwards,Investment,Beach Villa,3BR,700k–1.5M SAR,"[""Outdoor Space"",""Sea Views"",""Balconies & Terraces""]",Both,"[""Built-in Wardrobes"",""Kitchen Appliances"",""Installed Kitchen""]","[""Sand""]","[""Tennis"",""Football"",""Water sports""]","[""Spa & Gym"",""Children's Club"",""Cafes"",""Social Lounge""]",Depends on fees & flexibility,"{""age"":""25–34"",""unit_size"":""3BR"",""nationality"":""Saudi Arabia"",""price_range"":""700k–1.5M SAR"",""payment_plan"":""Upfront cash in full"",""home_features"":[""Outdoor Space"",""Sea Views"",""Balconies & Terraces""],""property_type"":""Beach Villa"",""social_status"":""Married"",""timing_to_buy"":""2030 onwards"",""managed_rental"":""Depends on fees & flexibility"",""no_of_children"":""0"",""primary_reason"":""Investment"",""exterior_colour"":[""Sand""],""has_second_home"":""Self-owned"",""sport_amenities"":[""Tennis"",""Football"",""Water sports""],""premium_features"":[""Built-in Wardrobes"",""Kitchen Appliances"",""Installed Kitchen""],""community_mobility"":[""Walking""],""staff_accommodation"":""Both"",""additional_amenities"":[""Spa & Gym"",""Children's Club"",""Cafes"",""Social Lounge""],""travel_to_destination"":""Air""}",Upfront cash in full,Air,"[""Walking""]"
854a9e14-ab62-4eb1-86d7-a5c9ec3ccef9,2026-09-09 13:08:35.301163+00,,25–34,Saudi Arabia,Married,0,Family-owned,2028 – 2029,Both,No preference,2BR,700k–1.5M SAR,"[""Outdoor Space"",""Balconies & Terraces"",""Park Views""]",Both,"[""Installed Kitchen""]","[""Sage""]","[""Water sports"",""Football"",""Padel""]","[""Spa & Gym"",""Children's Club"",""Social Lounge"",""Ladies Facilities"",""Beach Club"",""Restaurants"",""Picnic Areas"",""Cafes"",""Retail""]",Depends on return,"{""age"":""25–34"",""unit_size"":""2BR"",""nationality"":""Saudi Arabia"",""price_range"":""700k–1.5M SAR"",""payment_plan"":""5+ yrs"",""home_features"":[""Outdoor Space"",""Balconies & Terraces"",""Park Views""],""property_type"":""No preference"",""social_status"":""Married"",""timing_to_buy"":""2028 – 2029"",""managed_rental"":""Depends on return"",""no_of_children"":""0"",""primary_reason"":""Both"",""exterior_colour"":[""Sage""],""has_second_home"":""Family-owned"",""sport_amenities"":[""Water sports"",""Football"",""Padel""],""premium_features"":[""Installed Kitchen""],""community_mobility"":[""Personal Car""],""staff_accommodation"":""Both"",""additional_amenities"":[""Spa & Gym"",""Children's Club"",""Social Lounge"",""Ladies Facilities"",""Beach Club"",""Restaurants"",""Picnic Areas"",""Cafes"",""Retail""],""travel_to_destination"":""Car""}",5+ yrs,Car,"[""Personal Car""]"
858a7c8d-e5cc-47b4-b148-6241c4cd15c7,2026-09-09 13:20:35.70277+00,,35–44,Philippines,Married,0,No,2030 onwards,Both,Beach Villa,2BR,700k–1.5M SAR,"[""Sea Views""]",A maid's room,"[""Private Pool""]","[""Sage""]","[""Water sports""]","[""Spa & Gym"",""Picnic Areas"",""Retail""]",Yes,"{""age"":""35–44"",""unit_size"":""2BR"",""nationality"":""Philippines"",""price_range"":""700k–1.5M SAR"",""payment_plan"":""5+ yrs"",""home_features"":[""Sea Views""],""property_type"":""Beach Villa"",""social_status"":""Married"",""timing_to_buy"":""2030 onwards"",""managed_rental"":""Yes"",""no_of_children"":""0"",""primary_reason"":""Both"",""exterior_colour"":[""Sage""],""has_second_home"":""No"",""sport_amenities"":[""Water sports""],""premium_features"":[""Private Pool""],""community_mobility"":[""Shared Buggy / Community Shuttle""],""staff_accommodation"":""A maid's room"",""additional_amenities"":[""Spa & Gym"",""Picnic Areas"",""Retail""],""travel_to_destination"":""Air""}",5+ yrs,Air,"[""Shared Buggy / Community Shuttle""]"
85d47fc3-b99d-4428-afc8-06a0683fdd0b,2026-09-10 05:30:57.542311+00,,45–54,Malaysia,Married,1,Self-owned,2028 – 2029,Both,Apartment,2BR,700k–1.5M SAR,"[""Sea Views""]",,"[""Installed Kitchen""]","[""Sand""]","[""Padel"",""Water sports"",""Football""]","[""Spa & Gym"",""Children's Club"",""Social Lounge"",""Ladies Facilities"",""Picnic Areas"",""Beach Club"",""Restaurants"",""Cafes"",""Retail""]",Depends on fees & flexibility,"{""age"":""45–54"",""unit_size"":""2BR"",""nationality"":""Malaysia"",""price_range"":""700k–1.5M SAR"",""payment_plan"":""5+ yrs"",""home_features"":[""Sea Views""],""property_type"":""Apartment"",""social_status"":""Married"",""timing_to_buy"":""2028 – 2029"",""managed_rental"":""Depends on fees & flexibility"",""no_of_children"":""1"",""primary_reason"":""Both"",""exterior_colour"":[""Sand""],""has_second_home"":""Self-owned"",""sport_amenities"":[""Padel"",""Water sports"",""Football""],""premium_features"":[""Installed Kitchen""],""community_mobility"":[""Walking"",""Cycling"",""Shared Buggy / Community Shuttle""],""staff_accommodation"":null,""additional_amenities"":[""Spa & Gym"",""Children's Club"",""Social Lounge"",""Ladies Facilities"",""Picnic Areas"",""Beach Club"",""Restaurants"",""Cafes"",""Retail""],""travel_to_destination"":""Air""}",5+ yrs,Air,"[""Walking"",""Cycling"",""Shared Buggy / Community Shuttle""]"
8627dfec-800f-4189-9534-e74018a1df2b,2026-09-09 13:09:03.174931+00,,35–44,India,Married,2,No,2026 – 2027,Both,No preference,2BR,700k–1.5M SAR,"[""Balconies & Terraces""]",Not required,"[""Built-in Wardrobes""]","[""Blue""]","[""Football""]","[""Children's Club"",""Spa & Gym""]",Depends on fees & flexibility,"{""age"":""35–44"",""unit_size"":""2BR"",""nationality"":""India"",""price_range"":""700k–1.5M SAR"",""payment_plan"":""3–5 years"",""home_features"":[""Balconies & Terraces""],""property_type"":""No preference"",""social_status"":""Married"",""timing_to_buy"":""2026 – 2027"",""managed_rental"":""Depends on fees & flexibility"",""no_of_children"":""2"",""primary_reason"":""Both"",""exterior_colour"":[""Blue""],""has_second_home"":""No"",""sport_amenities"":[""Football""],""premium_features"":[""Built-in Wardrobes""],""community_mobility"":[""Cycling""],""staff_accommodation"":""Not required"",""additional_amenities"":[""Children's Club"",""Spa & Gym""],""travel_to_destination"":""Car""}",3–5 years,Car,"[""Cycling""]"
86f9919c-e36e-460d-a4e5-76a917405145,2026-09-09 13:41:01.52432+00,,45–54,Brazil,Married,0,No,2028 – 2029,Investment,Villa,3BR,1.5M–3M SAR,"[""Sea Views"",""Outdoor Space""]",Not required,"[""Installed Kitchen"",""Kitchen Appliances"",""Built-in Wardrobes"",""Private Pool""]","[""Sand""]","[""Padel"",""Tennis""]","[""Spa & Gym"",""Beach Club"",""Restaurants"",""Cafes"",""Retail""]",Depends on fees & flexibility,"{""age"":""45–54"",""unit_size"":""3BR"",""nationality"":""Brazil"",""price_range"":""1.5M–3M SAR"",""payment_plan"":""5+ yrs"",""home_features"":[""Sea Views"",""Outdoor Space""],""property_type"":""Villa"",""social_status"":""Married"",""timing_to_buy"":""2028 – 2029"",""managed_rental"":""Depends on fees & flexibility"",""no_of_children"":""0"",""primary_reason"":""Investment"",""exterior_colour"":[""Sand""],""has_second_home"":""No"",""sport_amenities"":[""Padel"",""Tennis""],""premium_features"":[""Installed Kitchen"",""Kitchen Appliances"",""Built-in Wardrobes"",""Private Pool""],""community_mobility"":[""Personal Car"",""Private Buggy""],""staff_accommodation"":""Not required"",""additional_amenities"":[""Spa & Gym"",""Beach Club"",""Restaurants"",""Cafes"",""Retail""],""travel_to_destination"":""Air""}",5+ yrs,Air,"[""Personal Car"",""Private Buggy""]"
8702ec3e-47c8-4853-82ef-e5c6ffce4b10,2026-09-09 13:18:54.007861+00,,25–34,Saudi Arabia,Single,0,No,2028 – 2029,Both,Apartment,2BR,700k–1.5M SAR,"[""Sea Views""]",,"[""Installed Kitchen"",""Kitchen Appliances"",""Built-in Wardrobes"",""Private Pool""]","[""Blue"",""Rose"",""Sand""]","[""Padel"",""Tennis"",""Football""]","[""Spa & Gym"",""Social Lounge"",""Beach Club"",""Picnic Areas"",""Restaurants"",""Cafes"",""Retail""]",Depends on return,"{""age"":""25–34"",""unit_size"":""2BR"",""nationality"":""Saudi Arabia"",""price_range"":""700k–1.5M SAR"",""payment_plan"":""5+ yrs"",""home_features"":[""Sea Views""],""property_type"":""Apartment"",""social_status"":""Single"",""timing_to_buy"":""2028 – 2029"",""managed_rental"":""Depends on return"",""no_of_children"":""0"",""primary_reason"":""Both"",""exterior_colour"":[""Blue"",""Rose"",""Sand""],""has_second_home"":""No"",""sport_amenities"":[""Padel"",""Tennis"",""Football""],""premium_features"":[""Installed Kitchen"",""Kitchen Appliances"",""Built-in Wardrobes"",""Private Pool""],""community_mobility"":[""Walking"",""Cycling"",""Private Buggy"",""Shared Buggy / Community Shuttle"",""Personal Car""],""staff_accommodation"":null,""additional_amenities"":[""Spa & Gym"",""Social Lounge"",""Beach Club"",""Picnic Areas"",""Restaurants"",""Cafes"",""Retail""],""travel_to_destination"":""Air""}",5+ yrs,Air,"[""Walking"",""Cycling"",""Private Buggy"",""Shared Buggy / Community Shuttle"",""Personal Car""]"
870bcb80-4c7e-44fe-be29-bf317f9de6b5,2026-09-09 13:08:05.643754+00,,35–44,Sri Lanka,Married,3,Self-owned,2028 – 2029,Both,Townhouse,4BR,1.5M–3M SAR,"[""Outdoor Space"",""Privacy"",""Sea Views""]",A maid's room,"[""Built-in Wardrobes"",""Installed Kitchen""]","[""Sand""]","[""Water sports"",""Padel"",""Football""]","[""Spa & Gym"",""Children's Club"",""Picnic Areas"",""Restaurants"",""Retail""]",Depends on return,"{""age"":""35–44"",""unit_size"":""4BR"",""nationality"":""Sri Lanka"",""price_range"":""1.5M–3M SAR"",""payment_plan"":""3–5 years"",""home_features"":[""Outdoor Space"",""Privacy"",""Sea Views""],""property_type"":""Townhouse"",""social_status"":""Married"",""timing_to_buy"":""2028 – 2029"",""managed_rental"":""Depends on return"",""no_of_children"":""3"",""primary_reason"":""Both"",""exterior_colour"":[""Sand""],""has_second_home"":""Self-owned"",""sport_amenities"":[""Water sports"",""Padel"",""Football""],""premium_features"":[""Built-in Wardrobes"",""Installed Kitchen""],""community_mobility"":[""Walking"",""Cycling"",""Private Buggy""],""staff_accommodation"":""A maid's room"",""additional_amenities"":[""Spa & Gym"",""Children's Club"",""Picnic Areas"",""Restaurants"",""Retail""],""travel_to_destination"":""Car""}",3–5 years,Car,"[""Walking"",""Cycling"",""Private Buggy""]"
8864cadd-4820-4658-addb-919af7a1fcd9,2026-09-09 13:44:30.651936+00,,35–44,Saudi Arabia,Married,3,Self-owned,2030 onwards,Both,Apartment,2BR,700k–1.5M SAR,"[""Sea Views"",""Balconies & Terraces"",""Outdoor Space""]",,"[""Installed Kitchen"",""Kitchen Appliances"",""Built-in Wardrobes""]","[""Blue""]","[""Water sports""]","[""Spa & Gym"",""Children's Club"",""Social Lounge"",""Ladies Facilities"",""Picnic Areas"",""Beach Club"",""Restaurants"",""Cafes"",""Retail""]",Depends on return,"{""age"":""35–44"",""unit_size"":""2BR"",""nationality"":""Saudi Arabia"",""price_range"":""700k–1.5M SAR"",""payment_plan"":""5+ yrs"",""home_features"":[""Sea Views"",""Balconies & Terraces"",""Outdoor Space""],""property_type"":""Apartment"",""social_status"":""Married"",""timing_to_buy"":""2030 onwards"",""managed_rental"":""Depends on return"",""no_of_children"":""3"",""primary_reason"":""Both"",""exterior_colour"":[""Blue""],""has_second_home"":""Self-owned"",""sport_amenities"":[""Water sports""],""premium_features"":[""Installed Kitchen"",""Kitchen Appliances"",""Built-in Wardrobes""],""community_mobility"":[""Walking"",""Private Buggy"",""Shared Buggy / Community Shuttle"",""Cycling""],""staff_accommodation"":null,""additional_amenities"":[""Spa & Gym"",""Children's Club"",""Social Lounge"",""Ladies Facilities"",""Picnic Areas"",""Beach Club"",""Restaurants"",""Cafes"",""Retail""],""travel_to_destination"":""Car""}",5+ yrs,Car,"[""Walking"",""Private Buggy"",""Shared Buggy / Community Shuttle"",""Cycling""]"
886ce25c-ba5b-4368-b8c7-44e8eddc44d1,2026-09-09 14:49:05.278549+00,,35–44,Egypt,Married,2,Self-owned,2030 onwards,Investment,Townhouse,3BR,700k–1.5M SAR,"[""Sea Views"",""Privacy"",""Outdoor Space""]",Not required,"[""Installed Kitchen"",""Built-in Wardrobes""]","[""Blue"",""Sage""]","[""Padel"",""Water sports""]","[""Spa & Gym"",""Restaurants"",""Cafes"",""Social Lounge"",""Ladies Facilities""]",Depends on return,"{""age"":""35–44"",""unit_size"":""3BR"",""nationality"":""Egypt"",""price_range"":""700k–1.5M SAR"",""payment_plan"":""5+ yrs"",""home_features"":[""Sea Views"",""Privacy"",""Outdoor Space""],""property_type"":""Townhouse"",""social_status"":""Married"",""timing_to_buy"":""2030 onwards"",""managed_rental"":""Depends on return"",""no_of_children"":""2"",""primary_reason"":""Investment"",""exterior_colour"":[""Blue"",""Sage""],""has_second_home"":""Self-owned"",""sport_amenities"":[""Padel"",""Water sports""],""premium_features"":[""Installed Kitchen"",""Built-in Wardrobes""],""community_mobility"":[""Walking"",""Cycling"",""Private Buggy""],""staff_accommodation"":""Not required"",""additional_amenities"":[""Spa & Gym"",""Restaurants"",""Cafes"",""Social Lounge"",""Ladies Facilities""],""travel_to_destination"":""Car""}",5+ yrs,Car,"[""Walking"",""Cycling"",""Private Buggy""]"
88daa073-3d38-42a8-9543-87e35d0e2c9f,2026-09-09 21:10:06.13652+00,,25–34,Saudi Arabia,Single,0,Family-owned,2030 onwards,Both,Apartment,2BR,700k–1.5M SAR,"[""Sea Views"",""Privacy"",""Balconies & Terraces""]",,"[""Private Pool"",""Installed Kitchen""]","[""Sage"",""Blue"",""Rose""]","[""Padel"",""Tennis"",""Football""]","[""Spa & Gym"",""Cafes"",""Beach Club""]",Depends on return,"{""age"":""25–34"",""unit_size"":""2BR"",""nationality"":""Saudi Arabia"",""price_range"":""700k–1.5M SAR"",""payment_plan"":""5+ yrs"",""home_features"":[""Sea Views"",""Privacy"",""Balconies & Terraces""],""property_type"":""Apartment"",""social_status"":""Single"",""timing_to_buy"":""2030 onwards"",""managed_rental"":""Depends on return"",""no_of_children"":""0"",""primary_reason"":""Both"",""exterior_colour"":[""Sage"",""Blue"",""Rose""],""has_second_home"":""Family-owned"",""sport_amenities"":[""Padel"",""Tennis"",""Football""],""premium_features"":[""Private Pool"",""Installed Kitchen""],""community_mobility"":[""Walking"",""Cycling"",""Private Buggy""],""staff_accommodation"":null,""additional_amenities"":[""Spa & Gym"",""Cafes"",""Beach Club""],""travel_to_destination"":""Air""}",5+ yrs,Air,"[""Walking"",""Cycling"",""Private Buggy""]"
8a00e23d-806f-4517-90aa-e30a4fd23c07,2026-09-09 13:55:11.984142+00,,25–34,Egypt,Married,2,No,2028 – 2029,Family holidays,Beach Villa,4BR,3M–6M SAR,"[""Outdoor Space"",""Sea Views"",""Balconies & Terraces""]",A maid's room,"[""Private Pool""]","[""Sage""]","[""Water sports"",""Tennis"",""Padel""]","[""Spa & Gym"",""Children's Club"",""Restaurants"",""Cafes""]",Yes,"{""age"":""25–34"",""unit_size"":""4BR"",""nationality"":""Egypt"",""price_range"":""3M–6M SAR"",""payment_plan"":""5+ yrs"",""home_features"":[""Outdoor Space"",""Sea Views"",""Balconies & Terraces""],""property_type"":""Beach Villa"",""social_status"":""Married"",""timing_to_buy"":""2028 – 2029"",""managed_rental"":""Yes"",""no_of_children"":""2"",""primary_reason"":""Family holidays"",""exterior_colour"":[""Sage""],""has_second_home"":""No"",""sport_amenities"":[""Water sports"",""Tennis"",""Padel""],""premium_features"":[""Private Pool""],""community_mobility"":[""Walking"",""Personal Car"",""Private Buggy""],""staff_accommodation"":""A maid's room"",""additional_amenities"":[""Spa & Gym"",""Children's Club"",""Restaurants"",""Cafes""],""travel_to_destination"":""Car""}",5+ yrs,Car,"[""Walking"",""Personal Car"",""Private Buggy""]"
8aa7133b-7db5-475a-ba32-9f50c5607368,2026-09-13 12:47:14.843469+00,,35–44,Canada,Married,2,No,2028 – 2029,Both,Apartment,2BR,700k–1.5M SAR,"[""Outdoor Space"",""Sea Views"",""Park Views""]",,"[""Installed Kitchen"",""Kitchen Appliances"",""Built-in Wardrobes""]","[""Sand"",""Sage""]","[""Water sports"",""Padel"",""Other: cycling""]","[""Spa & Gym"",""Children's Club"",""Picnic Areas"",""Restaurants"",""Cafes"",""Retail""]",Depends on fees & flexibility,"{""age"":""35–44"",""unit_size"":""2BR"",""nationality"":""Canada"",""price_range"":""700k–1.5M SAR"",""payment_plan"":""3–5 years"",""home_features"":[""Outdoor Space"",""Sea Views"",""Park Views""],""property_type"":""Apartment"",""social_status"":""Married"",""timing_to_buy"":""2028 – 2029"",""managed_rental"":""Depends on fees & flexibility"",""no_of_children"":""2"",""primary_reason"":""Both"",""exterior_colour"":[""Sand"",""Sage""],""has_second_home"":""No"",""sport_amenities"":[""Water sports"",""Padel"",""Other: cycling""],""premium_features"":[""Installed Kitchen"",""Kitchen Appliances"",""Built-in Wardrobes""],""community_mobility"":[""Walking"",""Cycling"",""Personal Car""],""staff_accommodation"":null,""additional_amenities"":[""Spa & Gym"",""Children's Club"",""Picnic Areas"",""Restaurants"",""Cafes"",""Retail""],""travel_to_destination"":""Car""}",3–5 years,Car,"[""Walking"",""Cycling"",""Personal Car""]"
8ab23f5b-21c4-41d0-b157-e5eda8319965,2026-09-09 14:12:44.206899+00,,35–44,Malaysia,Married,4+,Self-owned,2030 onwards,Both,Villa,3BR,700k–1.5M SAR,"[""Outdoor Space"",""Park Views"",""Sea Views""]",A maid's room,"[""Built-in Wardrobes"",""Installed Kitchen""]","[""Sand""]","[""Padel"",""Football""]","[""Children's Club"",""Ladies Facilities"",""Picnic Areas"",""Restaurants""]",Depends on return,"{""age"":""35–44"",""unit_size"":""3BR"",""nationality"":""Malaysia"",""price_range"":""700k–1.5M SAR"",""payment_plan"":""3–5 years"",""home_features"":[""Outdoor Space"",""Park Views"",""Sea Views""],""property_type"":""Villa"",""social_status"":""Married"",""timing_to_buy"":""2030 onwards"",""managed_rental"":""Depends on return"",""no_of_children"":""4+"",""primary_reason"":""Both"",""exterior_colour"":[""Sand""],""has_second_home"":""Self-owned"",""sport_amenities"":[""Padel"",""Football""],""premium_features"":[""Built-in Wardrobes"",""Installed Kitchen""],""community_mobility"":[""Cycling""],""staff_accommodation"":""A maid's room"",""additional_amenities"":[""Children's Club"",""Ladies Facilities"",""Picnic Areas"",""Restaurants""],""travel_to_destination"":""Car""}",3–5 years,Car,"[""Cycling""]"
8ab5f72c-7455-40da-a937-5e0fc85de4bf,2026-09-09 13:16:53.265701+00,,45–54,India,Married,4+,No,2028 – 2029,Investment,Villa,3BR,700k–1.5M SAR,"[""Outdoor Space""]",Both,"[""Private Pool""]","[""Sand""]","[""Water sports""]","[""Spa & Gym""]",Yes,"{""age"":""45–54"",""unit_size"":""3BR"",""nationality"":""India"",""price_range"":""700k–1.5M SAR"",""payment_plan"":""Upfront cash in full"",""home_features"":[""Outdoor Space""],""property_type"":""Villa"",""social_status"":""Married"",""timing_to_buy"":""2028 – 2029"",""managed_rental"":""Yes"",""no_of_children"":""4+"",""primary_reason"":""Investment"",""exterior_colour"":[""Sand""],""has_second_home"":""No"",""sport_amenities"":[""Water sports""],""premium_features"":[""Private Pool""],""community_mobility"":[""Cycling""],""staff_accommodation"":""Both"",""additional_amenities"":[""Spa & Gym""],""travel_to_destination"":""Car""}",Upfront cash in full,Car,"[""Cycling""]"
8aecc00a-6236-4a8f-a31f-d682bec1b602,2026-09-09 13:06:30.932875+00,,35–44,United Kingdom,Married,0,No,2028 – 2029,Both,Townhouse,3BR,1.5M–3M SAR,"[""Sea Views"",""Balconies & Terraces""]",Not required,"[""Installed Kitchen""]","[""Sand""]","[""Padel"",""Water sports"",""Football""]","[""Spa & Gym"",""Social Lounge"",""Children's Club"",""Beach Club"",""Restaurants"",""Cafes"",""Retail""]",Depends on fees & flexibility,"{""age"":""35–44"",""unit_size"":""3BR"",""nationality"":""United Kingdom"",""price_range"":""1.5M–3M SAR"",""payment_plan"":""5+ yrs"",""home_features"":[""Sea Views"",""Balconies & Terraces""],""property_type"":""Townhouse"",""social_status"":""Married"",""timing_to_buy"":""2028 – 2029"",""managed_rental"":""Depends on fees & flexibility"",""no_of_children"":""0"",""primary_reason"":""Both"",""exterior_colour"":[""Sand""],""has_second_home"":""No"",""sport_amenities"":[""Padel"",""Water sports"",""Football""],""premium_features"":[""Installed Kitchen""],""community_mobility"":[""Cycling"",""Walking""],""staff_accommodation"":""Not required"",""additional_amenities"":[""Spa & Gym"",""Social Lounge"",""Children's Club"",""Beach Club"",""Restaurants"",""Cafes"",""Retail""],""travel_to_destination"":""Air""}",5+ yrs,Air,"[""Cycling"",""Walking""]"
8b8fd27e-6bf9-483f-ac78-282a0ad249c6,2026-09-09 13:17:36.866451+00,,45–54,India,Married,2,No,2030 onwards,Both,Villa,3BR,700k–1.5M SAR,"[""Outdoor Space"",""Balconies & Terraces"",""Privacy""]",Both,"[""Private Pool"",""Built-in Wardrobes"",""Installed Kitchen""]","[""Blue"",""Sand""]","[""Football"",""Tennis"",""Basketball""]","[""Picnic Areas"",""Retail"",""Restaurants"",""Beach Club""]",Depends on fees & flexibility,"{""age"":""45–54"",""unit_size"":""3BR"",""nationality"":""India"",""price_range"":""700k–1.5M SAR"",""payment_plan"":""5+ yrs"",""home_features"":[""Outdoor Space"",""Balconies & Terraces"",""Privacy""],""property_type"":""Villa"",""social_status"":""Married"",""timing_to_buy"":""2030 onwards"",""managed_rental"":""Depends on fees & flexibility"",""no_of_children"":""2"",""primary_reason"":""Both"",""exterior_colour"":[""Blue"",""Sand""],""has_second_home"":""No"",""sport_amenities"":[""Football"",""Tennis"",""Basketball""],""premium_features"":[""Private Pool"",""Built-in Wardrobes"",""Installed Kitchen""],""community_mobility"":[""Cycling"",""Shared Buggy / Community Shuttle"",""Personal Car"",""Walking"",""Private Buggy""],""staff_accommodation"":""Both"",""additional_amenities"":[""Picnic Areas"",""Retail"",""Restaurants"",""Beach Club""],""travel_to_destination"":""Air""}",5+ yrs,Air,"[""Cycling"",""Shared Buggy / Community Shuttle"",""Personal Car"",""Walking"",""Private Buggy""]"
8c732672-3b3f-48e2-b53c-247453f631f8,2026-09-10 08:57:22.153334+00,,25–34,Saudi Arabia,Married,0,Family-owned,2026 – 2027,Investment,Beach Villa,3BR,700k–1.5M SAR,"[""Balconies & Terraces"",""Sea Views"",""Outdoor Space""]",Not required,"[""Private Pool"",""Built-in Wardrobes"",""Installed Kitchen""]","[""Other: Wooden colors""]","[""Water sports"",""Padel"",""Other: Nice Gyms !""]","[""Spa & Gym"",""Children's Club"",""Beach Club"",""Retail"",""Cafes"",""Restaurants"",""Ladies Facilities""]",Depends on return,"{""age"":""25–34"",""unit_size"":""3BR"",""nationality"":""Saudi Arabia"",""price_range"":""700k–1.5M SAR"",""payment_plan"":""3–5 years"",""home_features"":[""Balconies & Terraces"",""Sea Views"",""Outdoor Space""],""property_type"":""Beach Villa"",""social_status"":""Married"",""timing_to_buy"":""2026 – 2027"",""managed_rental"":""Depends on return"",""no_of_children"":""0"",""primary_reason"":""Investment"",""exterior_colour"":[""Other: Wooden colors""],""has_second_home"":""Family-owned"",""sport_amenities"":[""Water sports"",""Padel"",""Other: Nice Gyms !""],""premium_features"":[""Private Pool"",""Built-in Wardrobes"",""Installed Kitchen""],""community_mobility"":[""Cycling"",""Shared Buggy / Community Shuttle"",""Personal Car""],""staff_accommodation"":""Not required"",""additional_amenities"":[""Spa & Gym"",""Children's Club"",""Beach Club"",""Retail"",""Cafes"",""Restaurants"",""Ladies Facilities""],""travel_to_destination"":""Car""}",3–5 years,Car,"[""Cycling"",""Shared Buggy / Community Shuttle"",""Personal Car""]"
8ca304eb-bf39-445c-b569-b805d944a169,2026-09-09 13:11:09.873104+00,,35–44,Zimbabwe,Single,0,Family-owned,2030 onwards,Both,Beach Villa,3BR,700k–1.5M SAR,"[""Sea Views""]",A maid's room,"[""Installed Kitchen"",""Private Pool"",""Built-in Wardrobes""]","[""Other: rock facade"",""Sand""]","[""Tennis"",""Volleyball"",""Water sports""]","[""Spa & Gym"",""Children's Club"",""Restaurants"",""Cafes"",""Retail"",""Picnic Areas"",""Social Lounge"",""Beach Club""]",Depends on fees & flexibility,"{""age"":""35–44"",""unit_size"":""3BR"",""nationality"":""Zimbabwe"",""price_range"":""700k–1.5M SAR"",""payment_plan"":""5+ yrs"",""home_features"":[""Sea Views""],""property_type"":""Beach Villa"",""social_status"":""Single"",""timing_to_buy"":""2030 onwards"",""managed_rental"":""Depends on fees & flexibility"",""no_of_children"":""0"",""primary_reason"":""Both"",""exterior_colour"":[""Other: rock facade"",""Sand""],""has_second_home"":""Family-owned"",""sport_amenities"":[""Tennis"",""Volleyball"",""Water sports""],""premium_features"":[""Installed Kitchen"",""Private Pool"",""Built-in Wardrobes""],""community_mobility"":[""Walking"",""Cycling"",""Shared Buggy / Community Shuttle"",""Private Buggy""],""staff_accommodation"":""A maid's room"",""additional_amenities"":[""Spa & Gym"",""Children's Club"",""Restaurants"",""Cafes"",""Retail"",""Picnic Areas"",""Social Lounge"",""Beach Club""],""travel_to_destination"":""Car""}",5+ yrs,Car,"[""Walking"",""Cycling"",""Shared Buggy / Community Shuttle"",""Private Buggy""]"
8ca4ea5e-ae57-4941-b5c7-3b043aad7dd3,2026-09-09 13:10:41.287666+00,,35–44,India,Married,1,No,2026 – 2027,Both,Townhouse,3BR,700k–1.5M SAR,"[""Balconies & Terraces"",""Park Views"",""Outdoor Space""]",Not required,"[""Built-in Wardrobes""]","[""Sand""]","[""Padel"",""Basketball"",""Football""]","[""Spa & Gym"",""Picnic Areas"",""Restaurants"",""Retail"",""Cafes""]",Depends on return,"{""age"":""35–44"",""unit_size"":""3BR"",""nationality"":""India"",""price_range"":""700k–1.5M SAR"",""payment_plan"":""3–5 years"",""home_features"":[""Balconies & Terraces"",""Park Views"",""Outdoor Space""],""property_type"":""Townhouse"",""social_status"":""Married"",""timing_to_buy"":""2026 – 2027"",""managed_rental"":""Depends on return"",""no_of_children"":""1"",""primary_reason"":""Both"",""exterior_colour"":[""Sand""],""has_second_home"":""No"",""sport_amenities"":[""Padel"",""Basketball"",""Football""],""premium_features"":[""Built-in Wardrobes""],""community_mobility"":[""Personal Car"",""Walking""],""staff_accommodation"":""Not required"",""additional_amenities"":[""Spa & Gym"",""Picnic Areas"",""Restaurants"",""Retail"",""Cafes""],""travel_to_destination"":""Car""}",3–5 years,Car,"[""Personal Car"",""Walking""]"
8d45faff-e5a7-46e2-ba41-8ae271f298f2,2026-09-09 13:20:35.011751+00,,25–34,Zimbabwe,Married,1,Family-owned,2030 onwards,Investment,Beach Villa,3BR,700k–1.5M SAR,"[""Outdoor Space"",""Privacy"",""Sea Views""]",A maid's room,"[""Installed Kitchen""]","[""Blue""]","[""Padel"",""Volleyball"",""Water sports""]","[""Spa & Gym"",""Children's Club"",""Restaurants""]",Depends on fees & flexibility,"{""age"":""25–34"",""unit_size"":""3BR"",""nationality"":""Zimbabwe"",""price_range"":""700k–1.5M SAR"",""payment_plan"":""5+ yrs"",""home_features"":[""Outdoor Space"",""Privacy"",""Sea Views""],""property_type"":""Beach Villa"",""social_status"":""Married"",""timing_to_buy"":""2030 onwards"",""managed_rental"":""Depends on fees & flexibility"",""no_of_children"":""1"",""primary_reason"":""Investment"",""exterior_colour"":[""Blue""],""has_second_home"":""Family-owned"",""sport_amenities"":[""Padel"",""Volleyball"",""Water sports""],""premium_features"":[""Installed Kitchen""],""community_mobility"":[""Walking""],""staff_accommodation"":""A maid's room"",""additional_amenities"":[""Spa & Gym"",""Children's Club"",""Restaurants""],""travel_to_destination"":""Air""}",5+ yrs,Air,"[""Walking""]"
8e84cdbf-b5cb-446c-9456-f99c2d0c341b,2026-09-10 05:59:35.769525+00,,45–54,United Kingdom,Married,1,Self-owned,2028 – 2029,Both,Beach Villa,2BR,1.5M–3M SAR,"[""Sea Views"",""Outdoor Space"",""Privacy""]",A maid's room,"[""Private Pool"",""Installed Kitchen"",""Kitchen Appliances"",""Built-in Wardrobes""]","[""Rose"",""Sand"",""Sage"",""Blue"",""Other: Purple""]","[""Other: yoga / pilates studio"",""Basketball"",""Water sports""]","[""Ladies Facilities"",""Picnic Areas"",""Cafes"",""Children's Club"",""Spa & Gym"",""Restaurants"",""Retail"",""Beach Club""]",Depends on return,"{""age"":""45–54"",""unit_size"":""2BR"",""nationality"":""United Kingdom"",""price_range"":""1.5M–3M SAR"",""payment_plan"":""3–5 years"",""home_features"":[""Sea Views"",""Outdoor Space"",""Privacy""],""property_type"":""Beach Villa"",""social_status"":""Married"",""timing_to_buy"":""2028 – 2029"",""managed_rental"":""Depends on return"",""no_of_children"":""1"",""primary_reason"":""Both"",""exterior_colour"":[""Rose"",""Sand"",""Sage"",""Blue"",""Other: Purple""],""has_second_home"":""Self-owned"",""sport_amenities"":[""Other: yoga / pilates studio"",""Basketball"",""Water sports""],""premium_features"":[""Private Pool"",""Installed Kitchen"",""Kitchen Appliances"",""Built-in Wardrobes""],""community_mobility"":[""Shared Buggy / Community Shuttle"",""Walking"",""Cycling""],""staff_accommodation"":""A maid's room"",""additional_amenities"":[""Ladies Facilities"",""Picnic Areas"",""Cafes"",""Children's Club"",""Spa & Gym"",""Restaurants"",""Retail"",""Beach Club""],""travel_to_destination"":""Air""}",3–5 years,Air,"[""Shared Buggy / Community Shuttle"",""Walking"",""Cycling""]"
8eef442c-46f9-4492-b25a-f3f0ffd96e76,2026-09-10 05:54:40.240335+00,,45–54,India,Married,2,Self-owned,2030 onwards,Both,Beach Villa,3BR,1.5M–3M SAR,"[""Sea Views""]",A maid's room,"[""Private Pool""]","[""Sage"",""Other: grey""]","[""Padel""]","[""Spa & Gym""]",Depends on return,"{""age"":""45–54"",""unit_size"":""3BR"",""nationality"":""India"",""price_range"":""1.5M–3M SAR"",""payment_plan"":""5+ yrs"",""home_features"":[""Sea Views""],""property_type"":""Beach Villa"",""social_status"":""Married"",""timing_to_buy"":""2030 onwards"",""managed_rental"":""Depends on return"",""no_of_children"":""2"",""primary_reason"":""Both"",""exterior_colour"":[""Sage"",""Other: grey""],""has_second_home"":""Self-owned"",""sport_amenities"":[""Padel""],""premium_features"":[""Private Pool""],""community_mobility"":[""Private Buggy""],""staff_accommodation"":""A maid's room"",""additional_amenities"":[""Spa & Gym""],""travel_to_destination"":""Car""}",5+ yrs,Car,"[""Private Buggy""]"
8f00f474-f8e4-477e-ba27-447ce0506e2a,2026-09-10 04:32:50.210173+00,,45–54,Philippines,Married,3,No,2030 onwards,Investment,Townhouse,2BR,700k–1.5M SAR,"[""Outdoor Space""]",Not required,"[""Private Pool""]","[""Blue""]","[""Basketball""]","[""Beach Club""]",Depends on fees & flexibility,"{""age"":""45–54"",""unit_size"":""2BR"",""nationality"":""Philippines"",""price_range"":""700k–1.5M SAR"",""payment_plan"":""3–5 years"",""home_features"":[""Outdoor Space""],""property_type"":""Townhouse"",""social_status"":""Married"",""timing_to_buy"":""2030 onwards"",""managed_rental"":""Depends on fees & flexibility"",""no_of_children"":""3"",""primary_reason"":""Investment"",""exterior_colour"":[""Blue""],""has_second_home"":""No"",""sport_amenities"":[""Basketball""],""premium_features"":[""Private Pool""],""community_mobility"":[""Personal Car""],""staff_accommodation"":""Not required"",""additional_amenities"":[""Beach Club""],""travel_to_destination"":""Car""}",3–5 years,Car,"[""Personal Car""]"
8f4bd1d6-a524-4c2f-be28-0b1ef7397411,2026-09-09 14:04:01.248948+00,,Under 25,Saudi Arabia,Single,0,No,2028 – 2029,Both,Apartment,1BR,700k–1.5M SAR,"[""Balconies & Terraces""]",,"[""Installed Kitchen"",""Built-in Wardrobes"",""Kitchen Appliances""]","[""Sand"",""Sage""]","[""Tennis"",""Football"",""Water sports""]","[""Beach Club"",""Restaurants"",""Other: Mosque""]",Yes,"{""age"":""Under 25"",""unit_size"":""1BR"",""nationality"":""Saudi Arabia"",""price_range"":""700k–1.5M SAR"",""payment_plan"":""3–5 years"",""home_features"":[""Balconies & Terraces""],""property_type"":""Apartment"",""social_status"":""Single"",""timing_to_buy"":""2028 – 2029"",""managed_rental"":""Yes"",""no_of_children"":""0"",""primary_reason"":""Both"",""exterior_colour"":[""Sand"",""Sage""],""has_second_home"":""No"",""sport_amenities"":[""Tennis"",""Football"",""Water sports""],""premium_features"":[""Installed Kitchen"",""Built-in Wardrobes"",""Kitchen Appliances""],""community_mobility"":[""Cycling"",""Walking"",""Shared Buggy / Community Shuttle""],""staff_accommodation"":null,""additional_amenities"":[""Beach Club"",""Restaurants"",""Other: Mosque""],""travel_to_destination"":""Air""}",3–5 years,Air,"[""Cycling"",""Walking"",""Shared Buggy / Community Shuttle""]"
8f64942f-12af-47da-926a-921ed870acc8,2026-09-09 14:08:00.703719+00,,35–44,Sri Lanka,Married,1,No,2028 – 2029,Investment,Apartment,2BR,700k–1.5M SAR,"[""Balconies & Terraces"",""Sea Views"",""Outdoor Space""]",,"[""Installed Kitchen"",""Built-in Wardrobes""]","[""Sage""]","[""Football"",""Padel"",""Other: indoor""]","[""Spa & Gym"",""Children's Club"",""Restaurants"",""Beach Club"",""Picnic Areas"",""Retail"",""Cafes""]",Depends on return,"{""age"":""35–44"",""unit_size"":""2BR"",""nationality"":""Sri Lanka"",""price_range"":""700k–1.5M SAR"",""payment_plan"":""3–5 years"",""home_features"":[""Balconies & Terraces"",""Sea Views"",""Outdoor Space""],""property_type"":""Apartment"",""social_status"":""Married"",""timing_to_buy"":""2028 – 2029"",""managed_rental"":""Depends on return"",""no_of_children"":""1"",""primary_reason"":""Investment"",""exterior_colour"":[""Sage""],""has_second_home"":""No"",""sport_amenities"":[""Football"",""Padel"",""Other: indoor""],""premium_features"":[""Installed Kitchen"",""Built-in Wardrobes""],""community_mobility"":[""Shared Buggy / Community Shuttle"",""Personal Car""],""staff_accommodation"":null,""additional_amenities"":[""Spa & Gym"",""Children's Club"",""Restaurants"",""Beach Club"",""Picnic Areas"",""Retail"",""Cafes""],""travel_to_destination"":""Air""}",3–5 years,Air,"[""Shared Buggy / Community Shuttle"",""Personal Car""]"
8f7c7c77-e82a-4ddc-b72e-a8a5684c9031,2026-09-09 13:08:26.630023+00,,35–44,India,Married,2,Family-owned,2030 onwards,Both,Villa,3BR,700k–1.5M SAR,"[""Outdoor Space"",""Balconies & Terraces""]",Not required,"[""Built-in Wardrobes"",""Installed Kitchen""]","[""Other: White""]","[""Volleyball"",""Padel""]","[""Spa & Gym"",""Children's Club"",""Restaurants"",""Cafes"",""Social Lounge""]",Depends on return,"{""age"":""35–44"",""unit_size"":""3BR"",""nationality"":""India"",""price_range"":""700k–1.5M SAR"",""payment_plan"":""5+ yrs"",""home_features"":[""Outdoor Space"",""Balconies & Terraces""],""property_type"":""Villa"",""social_status"":""Married"",""timing_to_buy"":""2030 onwards"",""managed_rental"":""Depends on return"",""no_of_children"":""2"",""primary_reason"":""Both"",""exterior_colour"":[""Other: White""],""has_second_home"":""Family-owned"",""sport_amenities"":[""Volleyball"",""Padel""],""premium_features"":[""Built-in Wardrobes"",""Installed Kitchen""],""community_mobility"":[""Walking"",""Cycling""],""staff_accommodation"":""Not required"",""additional_amenities"":[""Spa & Gym"",""Children's Club"",""Restaurants"",""Cafes"",""Social Lounge""],""travel_to_destination"":""Car""}",5+ yrs,Car,"[""Walking"",""Cycling""]"
901078fc-59c8-45ab-98aa-159803fcdecd,2026-09-09 13:47:08.896412+00,,35–44,Sri Lanka,Married,3,Self-owned,2026 – 2027,Investment,Villa,2BR,700k–1.5M SAR,"[""Outdoor Space""]",Not required,"[""Built-in Wardrobes""]","[""Sand""]","[""Football""]","[""Spa & Gym"",""Restaurants"",""Retail""]",Depends on fees & flexibility,"{""age"":""35–44"",""unit_size"":""2BR"",""nationality"":""Sri Lanka"",""price_range"":""700k–1.5M SAR"",""payment_plan"":""3–5 years"",""home_features"":[""Outdoor Space""],""property_type"":""Villa"",""social_status"":""Married"",""timing_to_buy"":""2026 – 2027"",""managed_rental"":""Depends on fees & flexibility"",""no_of_children"":""3"",""primary_reason"":""Investment"",""exterior_colour"":[""Sand""],""has_second_home"":""Self-owned"",""sport_amenities"":[""Football""],""premium_features"":[""Built-in Wardrobes""],""community_mobility"":[""Personal Car"",""Walking"",""Cycling""],""staff_accommodation"":""Not required"",""additional_amenities"":[""Spa & Gym"",""Restaurants"",""Retail""],""travel_to_destination"":""Car""}",3–5 years,Car,"[""Personal Car"",""Walking"",""Cycling""]"
90273660-46b4-4ba9-b07b-8902ddfff710,2026-09-10 08:01:10.566532+00,,35–44,France,Married,1,No,2028 – 2029,Both,Apartment,2BR,700k–1.5M SAR,"[""Sea Views"",""Balconies & Terraces"",""Outdoor Space""]",,"[""Kitchen Appliances"",""Installed Kitchen"",""Built-in Wardrobes""]","[""Rose""]","[""Other: kids amenities"",""Padel"",""Water sports""]","[""Children's Club"",""Beach Club"",""Restaurants""]",Depends on fees & flexibility,"{""age"":""35–44"",""unit_size"":""2BR"",""nationality"":""France"",""price_range"":""700k–1.5M SAR"",""payment_plan"":""1–2 years"",""home_features"":[""Sea Views"",""Balconies & Terraces"",""Outdoor Space""],""property_type"":""Apartment"",""social_status"":""Married"",""timing_to_buy"":""2028 – 2029"",""managed_rental"":""Depends on fees & flexibility"",""no_of_children"":""1"",""primary_reason"":""Both"",""exterior_colour"":[""Rose""],""has_second_home"":""No"",""sport_amenities"":[""Other: kids amenities"",""Padel"",""Water sports""],""premium_features"":[""Kitchen Appliances"",""Installed Kitchen"",""Built-in Wardrobes""],""community_mobility"":[""Shared Buggy / Community Shuttle""],""staff_accommodation"":null,""additional_amenities"":[""Children's Club"",""Beach Club"",""Restaurants""],""travel_to_destination"":""Air""}",1–2 years,Air,"[""Shared Buggy / Community Shuttle""]"
906cd96d-3eac-4efa-88a9-c2f52814cc27,2026-09-09 13:36:51.380428+00,,35–44,India,Married,2,Self-owned,2028 – 2029,Investment,Townhouse,3BR,700k–1.5M SAR,"[""Park Views"",""Balconies & Terraces"",""Sea Views""]",A maid's room,"[""Private Pool"",""Installed Kitchen""]","[""Sage""]","[""Padel"",""Tennis"",""Other: badminton""]","[""Spa & Gym"",""Children's Club"",""Social Lounge"",""Beach Club"",""Cafes"",""Picnic Areas"",""Restaurants"",""Retail""]",Depends on fees & flexibility,"{""age"":""35–44"",""unit_size"":""3BR"",""nationality"":""India"",""price_range"":""700k–1.5M SAR"",""payment_plan"":""3–5 years"",""home_features"":[""Park Views"",""Balconies & Terraces"",""Sea Views""],""property_type"":""Townhouse"",""social_status"":""Married"",""timing_to_buy"":""2028 – 2029"",""managed_rental"":""Depends on fees & flexibility"",""no_of_children"":""2"",""primary_reason"":""Investment"",""exterior_colour"":[""Sage""],""has_second_home"":""Self-owned"",""sport_amenities"":[""Padel"",""Tennis"",""Other: badminton""],""premium_features"":[""Private Pool"",""Installed Kitchen""],""community_mobility"":[""Walking"",""Private Buggy""],""staff_accommodation"":""A maid's room"",""additional_amenities"":[""Spa & Gym"",""Children's Club"",""Social Lounge"",""Beach Club"",""Cafes"",""Picnic Areas"",""Restaurants"",""Retail""],""travel_to_destination"":""Car""}",3–5 years,Car,"[""Walking"",""Private Buggy""]"
90b0046e-f333-4639-a94b-424f84af224c,2026-09-09 13:24:40.77105+00,,25–34,India,Married,0,No,2026 – 2027,Both,No preference,2BR,700k–1.5M SAR,"[""Balconies & Terraces"",""Outdoor Space"",""Privacy""]",Not required,"[""Installed Kitchen"",""Built-in Wardrobes""]","[""Sand""]","[""Tennis"",""Volleyball"",""Football""]","[""Spa & Gym"",""Ladies Facilities"",""Restaurants"",""Retail"",""Cafes"",""Beach Club""]",Depends on return,"{""age"":""25–34"",""unit_size"":""2BR"",""nationality"":""India"",""price_range"":""700k–1.5M SAR"",""payment_plan"":""3–5 years"",""home_features"":[""Balconies & Terraces"",""Outdoor Space"",""Privacy""],""property_type"":""No preference"",""social_status"":""Married"",""timing_to_buy"":""2026 – 2027"",""managed_rental"":""Depends on return"",""no_of_children"":""0"",""primary_reason"":""Both"",""exterior_colour"":[""Sand""],""has_second_home"":""No"",""sport_amenities"":[""Tennis"",""Volleyball"",""Football""],""premium_features"":[""Installed Kitchen"",""Built-in Wardrobes""],""community_mobility"":[""Cycling"",""Walking""],""staff_accommodation"":""Not required"",""additional_amenities"":[""Spa & Gym"",""Ladies Facilities"",""Restaurants"",""Retail"",""Cafes"",""Beach Club""],""travel_to_destination"":""Car""}",3–5 years,Car,"[""Cycling"",""Walking""]"
90ce92e1-211e-464d-8b0b-21e26ade814c,2026-09-09 13:46:21.450902+00,,35–44,Philippines,Married,0,No,2030 onwards,Both,No preference,3BR,700k–1.5M SAR,"[""Outdoor Space"",""Sea Views"",""Privacy""]",A maid's room,"[""Private Pool"",""Installed Kitchen""]","[""Sand""]","[""Water sports"",""Padel"",""Basketball""]","[""Spa & Gym"",""Social Lounge"",""Picnic Areas"",""Restaurants"",""Cafes"",""Retail"",""Beach Club""]",Depends on fees & flexibility,"{""age"":""35–44"",""unit_size"":""3BR"",""nationality"":""Philippines"",""price_range"":""700k–1.5M SAR"",""payment_plan"":""3–5 years"",""home_features"":[""Outdoor Space"",""Sea Views"",""Privacy""],""property_type"":""No preference"",""social_status"":""Married"",""timing_to_buy"":""2030 onwards"",""managed_rental"":""Depends on fees & flexibility"",""no_of_children"":""0"",""primary_reason"":""Both"",""exterior_colour"":[""Sand""],""has_second_home"":""No"",""sport_amenities"":[""Water sports"",""Padel"",""Basketball""],""premium_features"":[""Private Pool"",""Installed Kitchen""],""community_mobility"":[""Private Buggy"",""Walking"",""Shared Buggy / Community Shuttle"",""Cycling"",""Personal Car""],""staff_accommodation"":""A maid's room"",""additional_amenities"":[""Spa & Gym"",""Social Lounge"",""Picnic Areas"",""Restaurants"",""Cafes"",""Retail"",""Beach Club""],""travel_to_destination"":""Car""}",3–5 years,Car,"[""Private Buggy"",""Walking"",""Shared Buggy / Community Shuttle"",""Cycling"",""Personal Car""]"
90eca6c4-82be-424b-ad78-3ebcad75b570,2026-09-09 13:42:56.362996+00,,35–44,Pakistan,Married,2,No,2028 – 2029,Investment,Apartment,3BR,700k–1.5M SAR,"[""Sea Views""]",,"[""Installed Kitchen""]","[""Blue""]","[""Tennis""]","[""Spa & Gym"",""Children's Club"",""Ladies Facilities"",""Beach Club"",""Restaurants"",""Cafes"",""Retail""]",Depends on fees & flexibility,"{""age"":""35–44"",""unit_size"":""3BR"",""nationality"":""Pakistan"",""price_range"":""700k–1.5M SAR"",""payment_plan"":""3–5 years"",""home_features"":[""Sea Views""],""property_type"":""Apartment"",""social_status"":""Married"",""timing_to_buy"":""2028 – 2029"",""managed_rental"":""Depends on fees & flexibility"",""no_of_children"":""2"",""primary_reason"":""Investment"",""exterior_colour"":[""Blue""],""has_second_home"":""No"",""sport_amenities"":[""Tennis""],""premium_features"":[""Installed Kitchen""],""community_mobility"":[""Private Buggy""],""staff_accommodation"":null,""additional_amenities"":[""Spa & Gym"",""Children's Club"",""Ladies Facilities"",""Beach Club"",""Restaurants"",""Cafes"",""Retail""],""travel_to_destination"":""Car""}",3–5 years,Car,"[""Private Buggy""]"
91084757-04db-47a6-a4e0-68d3d65ed36c,2026-09-10 07:20:12.128642+00,,45–54,Egypt,Married,2,No,2026 – 2027,Investment,No preference,Studio,700k–1.5M SAR,"[""Outdoor Space"",""Privacy"",""Sea Views""]",Not required,"[""Installed Kitchen"",""Kitchen Appliances""]","[""Sand""]","[""Water sports""]","[""Spa & Gym"",""Restaurants""]",Depends on return,"{""age"":""45–54"",""unit_size"":""Studio"",""nationality"":""Egypt"",""price_range"":""700k–1.5M SAR"",""payment_plan"":""5+ yrs"",""home_features"":[""Outdoor Space"",""Privacy"",""Sea Views""],""property_type"":""No preference"",""social_status"":""Married"",""timing_to_buy"":""2026 – 2027"",""managed_rental"":""Depends on return"",""no_of_children"":""2"",""primary_reason"":""Investment"",""exterior_colour"":[""Sand""],""has_second_home"":""No"",""sport_amenities"":[""Water sports""],""premium_features"":[""Installed Kitchen"",""Kitchen Appliances""],""community_mobility"":[""Walking""],""staff_accommodation"":""Not required"",""additional_amenities"":[""Spa & Gym"",""Restaurants""],""travel_to_destination"":""Air""}",5+ yrs,Air,"[""Walking""]"
91241b1c-82d1-420b-86e0-2f007e490fbe,2026-09-10 07:07:59.566388+00,,45–54,Saudi Arabia,Married,4+,Family-owned,2028 – 2029,Family holidays,Townhouse,4BR,700k–1.5M SAR,"[""Sea Views"",""Park Views""]",Not required,"[""Private Pool"",""Built-in Wardrobes""]","[""Sand""]","[""Football"",""Tennis"",""Volleyball""]","[""Social Lounge"",""Children's Club"",""Ladies Facilities""]",Depends on return,"{""age"":""45–54"",""unit_size"":""4BR"",""nationality"":""Saudi Arabia"",""price_range"":""700k–1.5M SAR"",""payment_plan"":""5+ yrs"",""home_features"":[""Sea Views"",""Park Views""],""property_type"":""Townhouse"",""social_status"":""Married"",""timing_to_buy"":""2028 – 2029"",""managed_rental"":""Depends on return"",""no_of_children"":""4+"",""primary_reason"":""Family holidays"",""exterior_colour"":[""Sand""],""has_second_home"":""Family-owned"",""sport_amenities"":[""Football"",""Tennis"",""Volleyball""],""premium_features"":[""Private Pool"",""Built-in Wardrobes""],""community_mobility"":[""Cycling""],""staff_accommodation"":""Not required"",""additional_amenities"":[""Social Lounge"",""Children's Club"",""Ladies Facilities""],""travel_to_destination"":""Air""}",5+ yrs,Air,"[""Cycling""]"
91d50bd3-4109-47f3-8e06-f7bb158f94a7,2026-09-09 13:46:08.705023+00,,25–34,Saudi Arabia,Married,0,No,2030 onwards,Family holidays,Apartment,1BR,700k–1.5M SAR,"[""Privacy"",""Balconies & Terraces"",""Sea Views""]",,"[""Installed Kitchen""]","[""Sand""]","[""Padel""]","[""Spa & Gym""]",No,"{""age"":""25–34"",""unit_size"":""1BR"",""nationality"":""Saudi Arabia"",""price_range"":""700k–1.5M SAR"",""payment_plan"":""5+ yrs"",""home_features"":[""Privacy"",""Balconies & Terraces"",""Sea Views""],""property_type"":""Apartment"",""social_status"":""Married"",""timing_to_buy"":""2030 onwards"",""managed_rental"":""No"",""no_of_children"":""0"",""primary_reason"":""Family holidays"",""exterior_colour"":[""Sand""],""has_second_home"":""No"",""sport_amenities"":[""Padel""],""premium_features"":[""Installed Kitchen""],""community_mobility"":[""Walking""],""staff_accommodation"":null,""additional_amenities"":[""Spa & Gym""],""travel_to_destination"":""Car""}",5+ yrs,Car,"[""Walking""]"
91d535f0-0bc4-424c-886a-5063de4977f4,2026-09-09 13:42:47.134676+00,,35–44,Sri Lanka,Married,2,Family-owned,2030 onwards,Investment,Villa,3BR,700k–1.5M SAR,"[""Sea Views"",""Privacy"",""Outdoor Space""]",Not required,"[""Installed Kitchen""]","[""Sand""]","[""Padel"",""Water sports""]","[""Spa & Gym"",""Social Lounge"",""Beach Club"",""Cafes"",""Restaurants"",""Children's Club""]",Depends on return,"{""age"":""35–44"",""unit_size"":""3BR"",""nationality"":""Sri Lanka"",""price_range"":""700k–1.5M SAR"",""payment_plan"":""3–5 years"",""home_features"":[""Sea Views"",""Privacy"",""Outdoor Space""],""property_type"":""Villa"",""social_status"":""Married"",""timing_to_buy"":""2030 onwards"",""managed_rental"":""Depends on return"",""no_of_children"":""2"",""primary_reason"":""Investment"",""exterior_colour"":[""Sand""],""has_second_home"":""Family-owned"",""sport_amenities"":[""Padel"",""Water sports""],""premium_features"":[""Installed Kitchen""],""community_mobility"":[""Cycling"",""Private Buggy""],""staff_accommodation"":""Not required"",""additional_amenities"":[""Spa & Gym"",""Social Lounge"",""Beach Club"",""Cafes"",""Restaurants"",""Children's Club""],""travel_to_destination"":""Air""}",3–5 years,Air,"[""Cycling"",""Private Buggy""]"
92e3f18a-b41a-4959-be07-d149ef0c3025,2026-09-09 13:10:08.966442+00,,45–54,Saudi Arabia,Married,2,Family-owned,2028 – 2029,Both,Beach Villa,3BR,700k–1.5M SAR,"[""Outdoor Space"",""Sea Views""]",A maid's room,"[""Private Pool"",""Installed Kitchen""]","[""Blue""]","[""Padel"",""Water sports""]","[""Beach Club"",""Spa & Gym"",""Children's Club"",""Restaurants""]",Depends on fees & flexibility,"{""age"":""45–54"",""unit_size"":""3BR"",""nationality"":""Saudi Arabia"",""price_range"":""700k–1.5M SAR"",""payment_plan"":""5+ yrs"",""home_features"":[""Outdoor Space"",""Sea Views""],""property_type"":""Beach Villa"",""social_status"":""Married"",""timing_to_buy"":""2028 – 2029"",""managed_rental"":""Depends on fees & flexibility"",""no_of_children"":""2"",""primary_reason"":""Both"",""exterior_colour"":[""Blue""],""has_second_home"":""Family-owned"",""sport_amenities"":[""Padel"",""Water sports""],""premium_features"":[""Private Pool"",""Installed Kitchen""],""community_mobility"":[""Cycling"",""Walking"",""Shared Buggy / Community Shuttle"",""Private Buggy""],""staff_accommodation"":""A maid's room"",""additional_amenities"":[""Beach Club"",""Spa & Gym"",""Children's Club"",""Restaurants""],""travel_to_destination"":""Air""}",5+ yrs,Air,"[""Cycling"",""Walking"",""Shared Buggy / Community Shuttle"",""Private Buggy""]"
931122d5-3424-4653-a30c-bac9aa5412de,2026-09-12 10:31:07.929542+00,,35–44,Saudi Arabia,Married,2,No,2028 – 2029,Both,Townhouse,3BR,700k–1.5M SAR,"[""Balconies & Terraces"",""Sea Views"",""Outdoor Space""]",Both,"[""Installed Kitchen"",""Kitchen Appliances"",""Built-in Wardrobes"",""Private Pool""]","[""Sage""]","[""Football"",""Padel"",""Water sports""]","[""Children's Club"",""Spa & Gym"",""Ladies Facilities"",""Beach Club"",""Social Lounge""]",Depends on fees & flexibility,"{""age"":""35–44"",""unit_size"":""3BR"",""nationality"":""Saudi Arabia"",""price_range"":""700k–1.5M SAR"",""payment_plan"":""5+ yrs"",""home_features"":[""Balconies & Terraces"",""Sea Views"",""Outdoor Space""],""property_type"":""Townhouse"",""social_status"":""Married"",""timing_to_buy"":""2028 – 2029"",""managed_rental"":""Depends on fees & flexibility"",""no_of_children"":""2"",""primary_reason"":""Both"",""exterior_colour"":[""Sage""],""has_second_home"":""No"",""sport_amenities"":[""Football"",""Padel"",""Water sports""],""premium_features"":[""Installed Kitchen"",""Kitchen Appliances"",""Built-in Wardrobes"",""Private Pool""],""community_mobility"":[""Walking"",""Personal Car"",""Cycling""],""staff_accommodation"":""Both"",""additional_amenities"":[""Children's Club"",""Spa & Gym"",""Ladies Facilities"",""Beach Club"",""Social Lounge""],""travel_to_destination"":""Air""}",5+ yrs,Air,"[""Walking"",""Personal Car"",""Cycling""]"
93ca0df9-11e5-4597-9aac-b8dfa66515f5,2026-09-09 14:14:41.55574+00,,45–54,United Kingdom,Married,2,No,2030 onwards,Both,Apartment,2BR,700k–1.5M SAR,"[""Sea Views""]",,"[""Other: car parking / garage""]","[""Blue""]","[""Other: squash""]","[""Other: cinema / bowling / driving range""]",Depends on fees & flexibility,"{""age"":""45–54"",""unit_size"":""2BR"",""nationality"":""United Kingdom"",""price_range"":""700k–1.5M SAR"",""payment_plan"":""5+ yrs"",""home_features"":[""Sea Views""],""property_type"":""Apartment"",""social_status"":""Married"",""timing_to_buy"":""2030 onwards"",""managed_rental"":""Depends on fees & flexibility"",""no_of_children"":""2"",""primary_reason"":""Both"",""exterior_colour"":[""Blue""],""has_second_home"":""No"",""sport_amenities"":[""Other: squash""],""premium_features"":[""Other: car parking / garage""],""community_mobility"":[""Private Buggy""],""staff_accommodation"":null,""additional_amenities"":[""Other: cinema / bowling / driving range""],""travel_to_destination"":""Air""}",5+ yrs,Air,"[""Private Buggy""]"
945db2ed-f09d-4e06-9f8c-f1f981da4e64,2026-09-10 07:20:07.746219+00,,35–44,Pakistan,Married,3,Self-owned,2028 – 2029,Investment,Townhouse,3BR,700k–1.5M SAR,"[""Outdoor Space"",""Balconies & Terraces"",""Park Views""]",Not required,"[""Installed Kitchen"",""Built-in Wardrobes"",""Kitchen Appliances""]","[""Sage"",""Rose""]","[""Football"",""Padel"",""Basketball""]","[""Spa & Gym"",""Children's Club"",""Social Lounge"",""Beach Club"",""Picnic Areas"",""Restaurants"",""Cafes"",""Retail""]",Yes,"{""age"":""35–44"",""unit_size"":""3BR"",""nationality"":""Pakistan"",""price_range"":""700k–1.5M SAR"",""payment_plan"":""1–2 years"",""home_features"":[""Outdoor Space"",""Balconies & Terraces"",""Park Views""],""property_type"":""Townhouse"",""social_status"":""Married"",""timing_to_buy"":""2028 – 2029"",""managed_rental"":""Yes"",""no_of_children"":""3"",""primary_reason"":""Investment"",""exterior_colour"":[""Sage"",""Rose""],""has_second_home"":""Self-owned"",""sport_amenities"":[""Football"",""Padel"",""Basketball""],""premium_features"":[""Installed Kitchen"",""Built-in Wardrobes"",""Kitchen Appliances""],""community_mobility"":[""Walking"",""Cycling""],""staff_accommodation"":""Not required"",""additional_amenities"":[""Spa & Gym"",""Children's Club"",""Social Lounge"",""Beach Club"",""Picnic Areas"",""Restaurants"",""Cafes"",""Retail""],""travel_to_destination"":""Air""}",1–2 years,Air,"[""Walking"",""Cycling""]"
94769ce2-9382-4fa5-9616-96e7fbb45388,2026-09-09 13:25:07.353613+00,,35–44,India,Married,2,Self-owned,2030 onwards,Both,No preference,1BR,700k–1.5M SAR,"[""Outdoor Space"",""Balconies & Terraces"",""Sea Views""]",Not required,"[""Private Pool""]","[""Other: white""]","[""Water sports"",""Tennis"",""Padel""]","[""Spa & Gym"",""Children's Club"",""Ladies Facilities"",""Picnic Areas"",""Restaurants"",""Retail"",""Cafes""]",Depends on return,"{""age"":""35–44"",""unit_size"":""1BR"",""nationality"":""India"",""price_range"":""700k–1.5M SAR"",""payment_plan"":""5+ yrs"",""home_features"":[""Outdoor Space"",""Balconies & Terraces"",""Sea Views""],""property_type"":""No preference"",""social_status"":""Married"",""timing_to_buy"":""2030 onwards"",""managed_rental"":""Depends on return"",""no_of_children"":""2"",""primary_reason"":""Both"",""exterior_colour"":[""Other: white""],""has_second_home"":""Self-owned"",""sport_amenities"":[""Water sports"",""Tennis"",""Padel""],""premium_features"":[""Private Pool""],""community_mobility"":[""Walking"",""Cycling""],""staff_accommodation"":""Not required"",""additional_amenities"":[""Spa & Gym"",""Children's Club"",""Ladies Facilities"",""Picnic Areas"",""Restaurants"",""Retail"",""Cafes""],""travel_to_destination"":""Car""}",5+ yrs,Car,"[""Walking"",""Cycling""]"
950a1795-c4a5-42cc-a993-6453cc158e95,2026-09-10 08:41:23.937101+00,,35–44,Greece,Married,2,Self-owned,2030 onwards,Both,Apartment,2BR,700k–1.5M SAR,"[""Balconies & Terraces"",""Outdoor Space"",""Privacy""]",,"[""Private Pool""]","[""Blue"",""Sand""]","[""Basketball"",""Football""]","[""Children's Club"",""Social Lounge"",""Restaurants"",""Cafes"",""Beach Club"",""Picnic Areas"",""Ladies Facilities"",""Spa & Gym"",""Retail""]",Depends on fees & flexibility,"{""age"":""35–44"",""unit_size"":""2BR"",""nationality"":""Greece"",""price_range"":""700k–1.5M SAR"",""payment_plan"":""5+ yrs"",""home_features"":[""Balconies & Terraces"",""Outdoor Space"",""Privacy""],""property_type"":""Apartment"",""social_status"":""Married"",""timing_to_buy"":""2030 onwards"",""managed_rental"":""Depends on fees & flexibility"",""no_of_children"":""2"",""primary_reason"":""Both"",""exterior_colour"":[""Blue"",""Sand""],""has_second_home"":""Self-owned"",""sport_amenities"":[""Basketball"",""Football""],""premium_features"":[""Private Pool""],""community_mobility"":[""Walking"",""Cycling"",""Personal Car""],""staff_accommodation"":null,""additional_amenities"":[""Children's Club"",""Social Lounge"",""Restaurants"",""Cafes"",""Beach Club"",""Picnic Areas"",""Ladies Facilities"",""Spa & Gym"",""Retail""],""travel_to_destination"":""Air""}",5+ yrs,Air,"[""Walking"",""Cycling"",""Personal Car""]"
9563a22f-c456-4d1c-90d3-d7ed12a5ec92,2026-09-09 13:20:47.547473+00,,35–44,Indonesia,Married,2,Self-owned,2030 onwards,Investment,Beach Villa,2BR,700k–1.5M SAR,"[""Sea Views"",""Privacy"",""Outdoor Space""]",A maid's room,"[""Private Pool"",""Installed Kitchen""]","[""Rose""]","[""Padel"",""Tennis""]","[""Children's Club"",""Ladies Facilities"",""Restaurants"",""Cafes"",""Beach Club""]",Depends on return,"{""age"":""35–44"",""unit_size"":""2BR"",""nationality"":""Indonesia"",""price_range"":""700k–1.5M SAR"",""payment_plan"":""5+ yrs"",""home_features"":[""Sea Views"",""Privacy"",""Outdoor Space""],""property_type"":""Beach Villa"",""social_status"":""Married"",""timing_to_buy"":""2030 onwards"",""managed_rental"":""Depends on return"",""no_of_children"":""2"",""primary_reason"":""Investment"",""exterior_colour"":[""Rose""],""has_second_home"":""Self-owned"",""sport_amenities"":[""Padel"",""Tennis""],""premium_features"":[""Private Pool"",""Installed Kitchen""],""community_mobility"":[""Walking"",""Private Buggy""],""staff_accommodation"":""A maid's room"",""additional_amenities"":[""Children's Club"",""Ladies Facilities"",""Restaurants"",""Cafes"",""Beach Club""],""travel_to_destination"":""Car""}",5+ yrs,Car,"[""Walking"",""Private Buggy""]"
9572382c-29db-4483-80ea-0c103dee9ae3,2026-09-09 13:34:50.970269+00,,25–34,Saudi Arabia,Single,1,No,2030 onwards,Both,Beach Villa,2BR,1.5M–3M SAR,"[""Sea Views"",""Balconies & Terraces"",""Outdoor Space""]",A maid's room,"[""Built-in Wardrobes"",""Kitchen Appliances"",""Installed Kitchen"",""Private Pool""]","[""Sage""]","[""Water sports"",""Tennis""]","[""Spa & Gym"",""Children's Club"",""Social Lounge"",""Ladies Facilities"",""Picnic Areas"",""Beach Club"",""Restaurants"",""Cafes"",""Retail""]",Depends on fees & flexibility,"{""age"":""25–34"",""unit_size"":""2BR"",""nationality"":""Saudi Arabia"",""price_range"":""1.5M–3M SAR"",""payment_plan"":""5+ yrs"",""home_features"":[""Sea Views"",""Balconies & Terraces"",""Outdoor Space""],""property_type"":""Beach Villa"",""social_status"":""Single"",""timing_to_buy"":""2030 onwards"",""managed_rental"":""Depends on fees & flexibility"",""no_of_children"":""1"",""primary_reason"":""Both"",""exterior_colour"":[""Sage""],""has_second_home"":""No"",""sport_amenities"":[""Water sports"",""Tennis""],""premium_features"":[""Built-in Wardrobes"",""Kitchen Appliances"",""Installed Kitchen"",""Private Pool""],""community_mobility"":[""Walking"",""Cycling""],""staff_accommodation"":""A maid's room"",""additional_amenities"":[""Spa & Gym"",""Children's Club"",""Social Lounge"",""Ladies Facilities"",""Picnic Areas"",""Beach Club"",""Restaurants"",""Cafes"",""Retail""],""travel_to_destination"":""Air""}",5+ yrs,Air,"[""Walking"",""Cycling""]"
95ef225c-452c-4359-ace1-8bf45e1ca386,2026-09-10 06:42:58.703768+00,,45–54,Saudi Arabia,Married,4+,Self-owned,2030 onwards,Both,Beach Villa,3BR,700k–1.5M SAR,"[""Outdoor Space"",""Privacy"",""Park Views""]",A maid's room,"[""Installed Kitchen"",""Built-in Wardrobes"",""Private Pool"",""Kitchen Appliances""]","[""Blue"",""Rose"",""Sage""]","[""Padel"",""Tennis"",""Basketball""]","[""Children's Club"",""Ladies Facilities"",""Restaurants"",""Picnic Areas"",""Social Lounge"",""Spa & Gym"",""Beach Club"",""Cafes"",""Retail""]",Depends on return,"{""age"":""45–54"",""unit_size"":""3BR"",""nationality"":""Saudi Arabia"",""price_range"":""700k–1.5M SAR"",""payment_plan"":""5+ yrs"",""home_features"":[""Outdoor Space"",""Privacy"",""Park Views""],""property_type"":""Beach Villa"",""social_status"":""Married"",""timing_to_buy"":""2030 onwards"",""managed_rental"":""Depends on return"",""no_of_children"":""4+"",""primary_reason"":""Both"",""exterior_colour"":[""Blue"",""Rose"",""Sage""],""has_second_home"":""Self-owned"",""sport_amenities"":[""Padel"",""Tennis"",""Basketball""],""premium_features"":[""Installed Kitchen"",""Built-in Wardrobes"",""Private Pool"",""Kitchen Appliances""],""community_mobility"":[""Private Buggy"",""Shared Buggy / Community Shuttle""],""staff_accommodation"":""A maid's room"",""additional_amenities"":[""Children's Club"",""Ladies Facilities"",""Restaurants"",""Picnic Areas"",""Social Lounge"",""Spa & Gym"",""Beach Club"",""Cafes"",""Retail""],""travel_to_destination"":""Car""}",5+ yrs,Car,"[""Private Buggy"",""Shared Buggy / Community Shuttle""]"
96033a96-17b5-4c67-bd1a-7b5d2dd5fac5,2026-09-10 05:57:33.608889+00,,25–34,Saudi Arabia,Single,0,No,2030 onwards,Both,Apartment,2BR,700k–1.5M SAR,"[""Balconies & Terraces"",""Outdoor Space""]",,"[""Installed Kitchen""]","[""Sage"",""Sand""]","[""Water sports""]","[""Children's Club"",""Cafes"",""Social Lounge"",""Spa & Gym"",""Picnic Areas"",""Beach Club""]",Depends on fees & flexibility,"{""age"":""25–34"",""unit_size"":""2BR"",""nationality"":""Saudi Arabia"",""price_range"":""700k–1.5M SAR"",""payment_plan"":""5+ yrs"",""home_features"":[""Balconies & Terraces"",""Outdoor Space""],""property_type"":""Apartment"",""social_status"":""Single"",""timing_to_buy"":""2030 onwards"",""managed_rental"":""Depends on fees & flexibility"",""no_of_children"":""0"",""primary_reason"":""Both"",""exterior_colour"":[""Sage"",""Sand""],""has_second_home"":""No"",""sport_amenities"":[""Water sports""],""premium_features"":[""Installed Kitchen""],""community_mobility"":[""Private Buggy"",""Walking""],""staff_accommodation"":null,""additional_amenities"":[""Children's Club"",""Cafes"",""Social Lounge"",""Spa & Gym"",""Picnic Areas"",""Beach Club""],""travel_to_destination"":""Car""}",5+ yrs,Car,"[""Private Buggy"",""Walking""]"
964ac48b-f1db-4d2b-9263-e17700aa8fc9,2026-09-13 06:40:24.770144+00,,25–34,Saudi Arabia,Married,0,No,2030 onwards,Both,Apartment,3BR,700k–1.5M SAR,"[""Sea Views"",""Balconies & Terraces"",""Privacy""]",,"[""Private Pool""]","[""Sand"",""Sage"",""Blue""]","[""Padel"",""Water sports"",""Volleyball""]","[""Children's Club"",""Beach Club"",""Retail"",""Cafes"",""Restaurants"",""Spa & Gym"",""Ladies Facilities"",""Picnic Areas"",""Social Lounge""]",Depends on fees & flexibility,"{""age"":""25–34"",""unit_size"":""3BR"",""nationality"":""Saudi Arabia"",""price_range"":""700k–1.5M SAR"",""payment_plan"":""Upfront cash in full"",""home_features"":[""Sea Views"",""Balconies & Terraces"",""Privacy""],""property_type"":""Apartment"",""social_status"":""Married"",""timing_to_buy"":""2030 onwards"",""managed_rental"":""Depends on fees & flexibility"",""no_of_children"":""0"",""primary_reason"":""Both"",""exterior_colour"":[""Sand"",""Sage"",""Blue""],""has_second_home"":""No"",""sport_amenities"":[""Padel"",""Water sports"",""Volleyball""],""premium_features"":[""Private Pool""],""community_mobility"":[""Walking"",""Cycling"",""Private Buggy"",""Personal Car"",""Shared Buggy / Community Shuttle""],""staff_accommodation"":null,""additional_amenities"":[""Children's Club"",""Beach Club"",""Retail"",""Cafes"",""Restaurants"",""Spa & Gym"",""Ladies Facilities"",""Picnic Areas"",""Social Lounge""],""travel_to_destination"":""Air""}",Upfront cash in full,Air,"[""Walking"",""Cycling"",""Private Buggy"",""Personal Car"",""Shared Buggy / Community Shuttle""]"
9773418e-9a91-40ed-8db5-66bcfb23316e,2026-09-09 22:39:44.234118+00,,25–34,Saudi Arabia,Married,0,No,2028 – 2029,Family holidays,Apartment,1BR,700k–1.5M SAR,"[""Outdoor Space"",""Sea Views"",""Privacy""]",,"[""Installed Kitchen"",""Private Pool""]","[""Blue"",""Sage""]","[""Padel"",""Football"",""Volleyball""]","[""Beach Club"",""Restaurants"",""Retail"",""Cafes""]",Depends on fees & flexibility,"{""age"":""25–34"",""unit_size"":""1BR"",""nationality"":""Saudi Arabia"",""price_range"":""700k–1.5M SAR"",""payment_plan"":""5+ yrs"",""home_features"":[""Outdoor Space"",""Sea Views"",""Privacy""],""property_type"":""Apartment"",""social_status"":""Married"",""timing_to_buy"":""2028 – 2029"",""managed_rental"":""Depends on fees & flexibility"",""no_of_children"":""0"",""primary_reason"":""Family holidays"",""exterior_colour"":[""Blue"",""Sage""],""has_second_home"":""No"",""sport_amenities"":[""Padel"",""Football"",""Volleyball""],""premium_features"":[""Installed Kitchen"",""Private Pool""],""community_mobility"":[""Private Buggy"",""Walking""],""staff_accommodation"":null,""additional_amenities"":[""Beach Club"",""Restaurants"",""Retail"",""Cafes""],""travel_to_destination"":""Car""}",5+ yrs,Car,"[""Private Buggy"",""Walking""]"
983e1dd0-1e89-4a0f-ba97-ff9dc4cc2aca,2026-09-09 13:25:19.34487+00,,35–44,India,Married,3,No,2028 – 2029,Both,Apartment,2BR,700k–1.5M SAR,"[""Outdoor Space"",""Balconies & Terraces"",""Park Views""]",,"[""Private Pool""]","[""Sand""]","[""Football""]","[""Restaurants"",""Cafes"",""Retail"",""Picnic Areas""]",Depends on fees & flexibility,"{""age"":""35–44"",""unit_size"":""2BR"",""nationality"":""India"",""price_range"":""700k–1.5M SAR"",""payment_plan"":""3–5 years"",""home_features"":[""Outdoor Space"",""Balconies & Terraces"",""Park Views""],""property_type"":""Apartment"",""social_status"":""Married"",""timing_to_buy"":""2028 – 2029"",""managed_rental"":""Depends on fees & flexibility"",""no_of_children"":""3"",""primary_reason"":""Both"",""exterior_colour"":[""Sand""],""has_second_home"":""No"",""sport_amenities"":[""Football""],""premium_features"":[""Private Pool""],""community_mobility"":[""Cycling"",""Walking"",""Personal Car""],""staff_accommodation"":null,""additional_amenities"":[""Restaurants"",""Cafes"",""Retail"",""Picnic Areas""],""travel_to_destination"":""Car""}",3–5 years,Car,"[""Cycling"",""Walking"",""Personal Car""]"
98d6b350-1472-489d-a699-44780fd63528,2026-09-09 13:27:34.862401+00,,25–34,Saudi Arabia,Married,1,Family-owned,2030 onwards,Investment,Beach Villa,5BR+,700k–1.5M SAR,"[""Privacy"",""Park Views"",""Outdoor Space""]",Not required,"[""Private Pool""]","[""Sand""]","[""Other: Riding horse""]","[""Spa & Gym"",""Restaurants"",""Cafes"",""Children's Club"",""Ladies Facilities"",""Beach Club""]",Depends on fees & flexibility,"{""age"":""25–34"",""unit_size"":""5BR+"",""nationality"":""Saudi Arabia"",""price_range"":""700k–1.5M SAR"",""payment_plan"":""5+ yrs"",""home_features"":[""Privacy"",""Park Views"",""Outdoor Space""],""property_type"":""Beach Villa"",""social_status"":""Married"",""timing_to_buy"":""2030 onwards"",""managed_rental"":""Depends on fees & flexibility"",""no_of_children"":""1"",""primary_reason"":""Investment"",""exterior_colour"":[""Sand""],""has_second_home"":""Family-owned"",""sport_amenities"":[""Other: Riding horse""],""premium_features"":[""Private Pool""],""community_mobility"":[""Personal Car""],""staff_accommodation"":""Not required"",""additional_amenities"":[""Spa & Gym"",""Restaurants"",""Cafes"",""Children's Club"",""Ladies Facilities"",""Beach Club""],""travel_to_destination"":""Car""}",5+ yrs,Car,"[""Personal Car""]"
99726a00-5464-400a-80b4-1e1104c3069b,2026-09-09 13:25:12.452639+00,,45–54,Netherlands,Married,3,Self-owned,2026 – 2027,Investment,Beach Villa,4BR,1.5M–3M SAR,"[""Sea Views"",""Outdoor Space""]",A maid's room,"[""Installed Kitchen"",""Kitchen Appliances"",""Built-in Wardrobes""]","[""Sand""]","[""Padel"",""Tennis"",""Water sports""]","[""Spa & Gym"",""Social Lounge"",""Beach Club"",""Restaurants"",""Cafes"",""Retail""]",Yes,"{""age"":""45–54"",""unit_size"":""4BR"",""nationality"":""Netherlands"",""price_range"":""1.5M–3M SAR"",""payment_plan"":""5+ yrs"",""home_features"":[""Sea Views"",""Outdoor Space""],""property_type"":""Beach Villa"",""social_status"":""Married"",""timing_to_buy"":""2026 – 2027"",""managed_rental"":""Yes"",""no_of_children"":""3"",""primary_reason"":""Investment"",""exterior_colour"":[""Sand""],""has_second_home"":""Self-owned"",""sport_amenities"":[""Padel"",""Tennis"",""Water sports""],""premium_features"":[""Installed Kitchen"",""Kitchen Appliances"",""Built-in Wardrobes""],""community_mobility"":[""Walking"",""Cycling"",""Private Buggy""],""staff_accommodation"":""A maid's room"",""additional_amenities"":[""Spa & Gym"",""Social Lounge"",""Beach Club"",""Restaurants"",""Cafes"",""Retail""],""travel_to_destination"":""Car""}",5+ yrs,Car,"[""Walking"",""Cycling"",""Private Buggy""]"
99b418fc-aae8-4ada-a43f-ad45e4ef58e1,2026-09-09 13:10:18.500025+00,,25–34,Saudi Arabia,Married,1,No,2030 onwards,Investment,Apartment,3BR,700k–1.5M SAR,"[""Privacy"",""Sea Views"",""Outdoor Space""]",,"[""Installed Kitchen""]","[""Sage""]","[""Football"",""Water sports"",""Volleyball""]","[""Spa & Gym"",""Children's Club"",""Ladies Facilities"",""Restaurants"",""Cafes"",""Beach Club"",""Retail""]",Depends on fees & flexibility,"{""age"":""25–34"",""unit_size"":""3BR"",""nationality"":""Saudi Arabia"",""price_range"":""700k–1.5M SAR"",""payment_plan"":""5+ yrs"",""home_features"":[""Privacy"",""Sea Views"",""Outdoor Space""],""property_type"":""Apartment"",""social_status"":""Married"",""timing_to_buy"":""2030 onwards"",""managed_rental"":""Depends on fees & flexibility"",""no_of_children"":""1"",""primary_reason"":""Investment"",""exterior_colour"":[""Sage""],""has_second_home"":""No"",""sport_amenities"":[""Football"",""Water sports"",""Volleyball""],""premium_features"":[""Installed Kitchen""],""community_mobility"":[""Walking""],""staff_accommodation"":null,""additional_amenities"":[""Spa & Gym"",""Children's Club"",""Ladies Facilities"",""Restaurants"",""Cafes"",""Beach Club"",""Retail""],""travel_to_destination"":""Car""}",5+ yrs,Car,"[""Walking""]"
99ea7496-9b2a-45c2-be83-439161e9d65a,2026-09-10 06:53:32.861413+00,,35–44,Philippines,Married,3,Family-owned,2028 – 2029,Family holidays,Beach Villa,2BR,700k–1.5M SAR,"[""Privacy"",""Sea Views"",""Balconies & Terraces""]",Not required,"[""Installed Kitchen"",""Private Pool"",""Built-in Wardrobes"",""Kitchen Appliances""]","[""Sand""]","[""Other: badminton""]","[""Restaurants"",""Cafes"",""Retail"",""Picnic Areas"",""Children's Club""]",Depends on return,"{""age"":""35–44"",""unit_size"":""2BR"",""nationality"":""Philippines"",""price_range"":""700k–1.5M SAR"",""payment_plan"":""3–5 years"",""home_features"":[""Privacy"",""Sea Views"",""Balconies & Terraces""],""property_type"":""Beach Villa"",""social_status"":""Married"",""timing_to_buy"":""2028 – 2029"",""managed_rental"":""Depends on return"",""no_of_children"":""3"",""primary_reason"":""Family holidays"",""exterior_colour"":[""Sand""],""has_second_home"":""Family-owned"",""sport_amenities"":[""Other: badminton""],""premium_features"":[""Installed Kitchen"",""Private Pool"",""Built-in Wardrobes"",""Kitchen Appliances""],""community_mobility"":[""Walking"",""Private Buggy"",""Personal Car""],""staff_accommodation"":""Not required"",""additional_amenities"":[""Restaurants"",""Cafes"",""Retail"",""Picnic Areas"",""Children's Club""],""travel_to_destination"":""Car""}",3–5 years,Car,"[""Walking"",""Private Buggy"",""Personal Car""]"
9a1cf815-4bfb-4c74-bbd3-c90833baa302,2026-09-10 05:14:45.695973+00,,45–54,United Kingdom,Married,3,No,2028 – 2029,Both,Villa,4BR,3M–6M SAR,"[""Sea Views"",""Balconies & Terraces"",""Privacy""]",A maid's room,"[""Private Pool""]","[""Sand""]","[""Other: Running Track""]","[""Spa & Gym"",""Children's Club"",""Restaurants"",""Cafes"",""Social Lounge""]",Depends on return,"{""age"":""45–54"",""unit_size"":""4BR"",""nationality"":""United Kingdom"",""price_range"":""3M–6M SAR"",""payment_plan"":""3–5 years"",""home_features"":[""Sea Views"",""Balconies & Terraces"",""Privacy""],""property_type"":""Villa"",""social_status"":""Married"",""timing_to_buy"":""2028 – 2029"",""managed_rental"":""Depends on return"",""no_of_children"":""3"",""primary_reason"":""Both"",""exterior_colour"":[""Sand""],""has_second_home"":""No"",""sport_amenities"":[""Other: Running Track""],""premium_features"":[""Private Pool""],""community_mobility"":[""Private Buggy""],""staff_accommodation"":""A maid's room"",""additional_amenities"":[""Spa & Gym"",""Children's Club"",""Restaurants"",""Cafes"",""Social Lounge""],""travel_to_destination"":""Car""}",3–5 years,Car,"[""Private Buggy""]"
9a30c47c-e139-4c88-9a73-1fd979a83dff,2026-09-09 18:16:25.404824+00,,45–54,Belgium,Married,4+,Self-owned,2028 – 2029,Family holidays,Villa,5BR+,1.5M–3M SAR,"[""Sea Views""]",Not required,"[""Installed Kitchen"",""Kitchen Appliances"",""Built-in Wardrobes"",""Private Pool""]","[""Blue""]","[""Padel""]","[""Restaurants"",""Beach Club"",""Retail""]",Depends on return,"{""age"":""45–54"",""unit_size"":""5BR+"",""nationality"":""Belgium"",""price_range"":""1.5M–3M SAR"",""payment_plan"":""3–5 years"",""home_features"":[""Sea Views""],""property_type"":""Villa"",""social_status"":""Married"",""timing_to_buy"":""2028 – 2029"",""managed_rental"":""Depends on return"",""no_of_children"":""4+"",""primary_reason"":""Family holidays"",""exterior_colour"":[""Blue""],""has_second_home"":""Self-owned"",""sport_amenities"":[""Padel""],""premium_features"":[""Installed Kitchen"",""Kitchen Appliances"",""Built-in Wardrobes"",""Private Pool""],""community_mobility"":[""Personal Car""],""staff_accommodation"":""Not required"",""additional_amenities"":[""Restaurants"",""Beach Club"",""Retail""],""travel_to_destination"":""Air""}",3–5 years,Air,"[""Personal Car""]"
9abb7e06-0f64-4c1b-a36c-a16509d70826,2026-09-09 13:08:29.706262+00,,35–44,Saudi Arabia,Married,3,Self-owned,2026 – 2027,Both,No preference,3BR,700k–1.5M SAR,"[""Balconies & Terraces"",""Other: Number of bathrooms and an extra maid room"",""Sea Views""]",A maid's room,"[""Installed Kitchen"",""Kitchen Appliances"",""Built-in Wardrobes""]","[""Sand""]","[""Water sports"",""Padel""]","[""Spa & Gym"",""Children's Club"",""Social Lounge"",""Ladies Facilities"",""Picnic Areas"",""Beach Club"",""Restaurants"",""Cafes"",""Retail""]",Depends on return,"{""age"":""35–44"",""unit_size"":""3BR"",""nationality"":""Saudi Arabia"",""price_range"":""700k–1.5M SAR"",""payment_plan"":""3–5 years"",""home_features"":[""Balconies & Terraces"",""Other: Number of bathrooms and an extra maid room"",""Sea Views""],""property_type"":""No preference"",""social_status"":""Married"",""timing_to_buy"":""2026 – 2027"",""managed_rental"":""Depends on return"",""no_of_children"":""3"",""primary_reason"":""Both"",""exterior_colour"":[""Sand""],""has_second_home"":""Self-owned"",""sport_amenities"":[""Water sports"",""Padel""],""premium_features"":[""Installed Kitchen"",""Kitchen Appliances"",""Built-in Wardrobes""],""community_mobility"":[""Walking"",""Shared Buggy / Community Shuttle""],""staff_accommodation"":""A maid's room"",""additional_amenities"":[""Spa & Gym"",""Children's Club"",""Social Lounge"",""Ladies Facilities"",""Picnic Areas"",""Beach Club"",""Restaurants"",""Cafes"",""Retail""],""travel_to_destination"":""Air""}",3–5 years,Air,"[""Walking"",""Shared Buggy / Community Shuttle""]"
9ac90a28-d25d-452d-9f04-5c218f10216c,2026-09-10 05:35:09.127225+00,,35–44,Saudi Arabia,Married,2,No,2028 – 2029,Both,Beach Villa,3BR,700k–1.5M SAR,"[""Sea Views"",""Privacy"",""Balconies & Terraces""]",A maid's room,"[""Private Pool"",""Installed Kitchen"",""Kitchen Appliances"",""Built-in Wardrobes""]","[""Sand"",""Blue"",""Sage""]","[""Water sports"",""Padel"",""Volleyball""]","[""Spa & Gym"",""Children's Club"",""Social Lounge"",""Beach Club"",""Picnic Areas"",""Ladies Facilities"",""Restaurants"",""Cafes"",""Retail""]",Depends on fees & flexibility,"{""age"":""35–44"",""unit_size"":""3BR"",""nationality"":""Saudi Arabia"",""price_range"":""700k–1.5M SAR"",""payment_plan"":""5+ yrs"",""home_features"":[""Sea Views"",""Privacy"",""Balconies & Terraces""],""property_type"":""Beach Villa"",""social_status"":""Married"",""timing_to_buy"":""2028 – 2029"",""managed_rental"":""Depends on fees & flexibility"",""no_of_children"":""2"",""primary_reason"":""Both"",""exterior_colour"":[""Sand"",""Blue"",""Sage""],""has_second_home"":""No"",""sport_amenities"":[""Water sports"",""Padel"",""Volleyball""],""premium_features"":[""Private Pool"",""Installed Kitchen"",""Kitchen Appliances"",""Built-in Wardrobes""],""community_mobility"":[""Walking"",""Cycling"",""Private Buggy"",""Shared Buggy / Community Shuttle"",""Personal Car""],""staff_accommodation"":""A maid's room"",""additional_amenities"":[""Spa & Gym"",""Children's Club"",""Social Lounge"",""Beach Club"",""Picnic Areas"",""Ladies Facilities"",""Restaurants"",""Cafes"",""Retail""],""travel_to_destination"":""Air""}",5+ yrs,Air,"[""Walking"",""Cycling"",""Private Buggy"",""Shared Buggy / Community Shuttle"",""Personal Car""]"
9af61746-66a6-450e-b028-35b4e1da6dab,2026-09-09 13:21:19.569728+00,,55–64,United Kingdom,Married,2,Self-owned,2028 – 2029,Both,Townhouse,3BR,1.5M–3M SAR,"[""Outdoor Space"",""Sea Views"",""Privacy""]",Not required,"[""Installed Kitchen"",""Built-in Wardrobes""]","[""Sand""]","[""Water sports"",""Padel""]","[""Spa & Gym"",""Ladies Facilities"",""Beach Club"",""Restaurants"",""Retail"",""Cafes""]",Depends on fees & flexibility,"{""age"":""55–64"",""unit_size"":""3BR"",""nationality"":""United Kingdom"",""price_range"":""1.5M–3M SAR"",""payment_plan"":""3–5 years"",""home_features"":[""Outdoor Space"",""Sea Views"",""Privacy""],""property_type"":""Townhouse"",""social_status"":""Married"",""timing_to_buy"":""2028 – 2029"",""managed_rental"":""Depends on fees & flexibility"",""no_of_children"":""2"",""primary_reason"":""Both"",""exterior_colour"":[""Sand""],""has_second_home"":""Self-owned"",""sport_amenities"":[""Water sports"",""Padel""],""premium_features"":[""Installed Kitchen"",""Built-in Wardrobes""],""community_mobility"":[""Walking""],""staff_accommodation"":""Not required"",""additional_amenities"":[""Spa & Gym"",""Ladies Facilities"",""Beach Club"",""Restaurants"",""Retail"",""Cafes""],""travel_to_destination"":""Car""}",3–5 years,Car,"[""Walking""]"
9b0eb89d-8d61-4f45-b800-f330eb55a1eb,2026-09-10 05:02:50.536861+00,,25–34,Saudi Arabia,Married,1,Self-owned,2030 onwards,Family holidays,Apartment,2BR,700k–1.5M SAR,"[""Outdoor Space"",""Balconies & Terraces"",""Park Views""]",,"[""Private Pool""]","[""Sage""]","[""Football"",""Padel""]","[""Children's Club"",""Beach Club""]",Depends on fees & flexibility,"{""age"":""25–34"",""unit_size"":""2BR"",""nationality"":""Saudi Arabia"",""price_range"":""700k–1.5M SAR"",""payment_plan"":""5+ yrs"",""home_features"":[""Outdoor Space"",""Balconies & Terraces"",""Park Views""],""property_type"":""Apartment"",""social_status"":""Married"",""timing_to_buy"":""2030 onwards"",""managed_rental"":""Depends on fees & flexibility"",""no_of_children"":""1"",""primary_reason"":""Family holidays"",""exterior_colour"":[""Sage""],""has_second_home"":""Self-owned"",""sport_amenities"":[""Football"",""Padel""],""premium_features"":[""Private Pool""],""community_mobility"":[""Walking"",""Cycling""],""staff_accommodation"":null,""additional_amenities"":[""Children's Club"",""Beach Club""],""travel_to_destination"":""Car""}",5+ yrs,Car,"[""Walking"",""Cycling""]"
9b153201-74a1-4790-8098-2cf657f40dae,2026-09-09 13:54:42.966424+00,,35–44,Dominica,Married,2,Self-owned,2028 – 2029,Both,No preference,3BR,700k–1.5M SAR,"[""Outdoor Space"",""Balconies & Terraces"",""Sea Views""]",Not required,"[""Private Pool"",""Installed Kitchen"",""Kitchen Appliances"",""Built-in Wardrobes""]","[""Other: Travertine and platinum""]","[""Football""]","[""Spa & Gym"",""Beach Club"",""Ladies Facilities"",""Restaurants"",""Cafes""]",Depends on fees & flexibility,"{""age"":""35–44"",""unit_size"":""3BR"",""nationality"":""Dominica"",""price_range"":""700k–1.5M SAR"",""payment_plan"":""3–5 years"",""home_features"":[""Outdoor Space"",""Balconies & Terraces"",""Sea Views""],""property_type"":""No preference"",""social_status"":""Married"",""timing_to_buy"":""2028 – 2029"",""managed_rental"":""Depends on fees & flexibility"",""no_of_children"":""2"",""primary_reason"":""Both"",""exterior_colour"":[""Other: Travertine and platinum""],""has_second_home"":""Self-owned"",""sport_amenities"":[""Football""],""premium_features"":[""Private Pool"",""Installed Kitchen"",""Kitchen Appliances"",""Built-in Wardrobes""],""community_mobility"":[""Walking"",""Shared Buggy / Community Shuttle""],""staff_accommodation"":""Not required"",""additional_amenities"":[""Spa & Gym"",""Beach Club"",""Ladies Facilities"",""Restaurants"",""Cafes""],""travel_to_destination"":""Air""}",3–5 years,Air,"[""Walking"",""Shared Buggy / Community Shuttle""]"
9b48af7b-e4ed-44a5-9174-30562d95ebe9,2026-09-09 13:19:14.443646+00,,25–34,Colombia,Married,0,No,2026 – 2027,Investment,Townhouse,3BR,1.5M–3M SAR,"[""Outdoor Space"",""Balconies & Terraces"",""Sea Views""]",Not required,"[""Installed Kitchen"",""Built-in Wardrobes""]","[""Sand""]","[""Tennis"",""Football""]","[""Spa & Gym"",""Ladies Facilities"",""Restaurants"",""Retail"",""Cafes""]",Yes,"{""age"":""25–34"",""unit_size"":""3BR"",""nationality"":""Colombia"",""price_range"":""1.5M–3M SAR"",""payment_plan"":""5+ yrs"",""home_features"":[""Outdoor Space"",""Balconies & Terraces"",""Sea Views""],""property_type"":""Townhouse"",""social_status"":""Married"",""timing_to_buy"":""2026 – 2027"",""managed_rental"":""Yes"",""no_of_children"":""0"",""primary_reason"":""Investment"",""exterior_colour"":[""Sand""],""has_second_home"":""No"",""sport_amenities"":[""Tennis"",""Football""],""premium_features"":[""Installed Kitchen"",""Built-in Wardrobes""],""community_mobility"":[""Cycling""],""staff_accommodation"":""Not required"",""additional_amenities"":[""Spa & Gym"",""Ladies Facilities"",""Restaurants"",""Retail"",""Cafes""],""travel_to_destination"":""Car""}",5+ yrs,Car,"[""Cycling""]"
9c2769ad-acb7-4fa3-9507-183515de2412,2026-09-09 14:57:41.868132+00,,Under 25,Saudi Arabia,Married,0,No,2030 onwards,Family holidays,Apartment,Studio,700k–1.5M SAR,"[""Sea Views""]",,"[""Kitchen Appliances""]","[""Sage""]","[""Football""]","[""Children's Club""]",No,"{""age"":""Under 25"",""unit_size"":""Studio"",""nationality"":""Saudi Arabia"",""price_range"":""700k–1.5M SAR"",""payment_plan"":""5+ yrs"",""home_features"":[""Sea Views""],""property_type"":""Apartment"",""social_status"":""Married"",""timing_to_buy"":""2030 onwards"",""managed_rental"":""No"",""no_of_children"":""0"",""primary_reason"":""Family holidays"",""exterior_colour"":[""Sage""],""has_second_home"":""No"",""sport_amenities"":[""Football""],""premium_features"":[""Kitchen Appliances""],""community_mobility"":[""Walking""],""staff_accommodation"":null,""additional_amenities"":[""Children's Club""],""travel_to_destination"":""Air""}",5+ yrs,Air,"[""Walking""]"
9e98f3c7-0054-44df-ae43-608700c1449c,2026-09-09 13:37:22.917502+00,,35–44,Philippines,Married,4+,Family-owned,2028 – 2029,Investment,Apartment,2BR,700k–1.5M SAR,"[""Balconies & Terraces"",""Sea Views"",""Privacy""]",,"[""Installed Kitchen"",""Kitchen Appliances"",""Built-in Wardrobes""]","[""Sage""]","[""Basketball"",""Padel"",""Tennis""]","[""Children's Club"",""Spa & Gym"",""Beach Club"",""Restaurants"",""Retail"",""Social Lounge"",""Ladies Facilities"",""Picnic Areas""]",Depends on fees & flexibility,"{""age"":""35–44"",""unit_size"":""2BR"",""nationality"":""Philippines"",""price_range"":""700k–1.5M SAR"",""payment_plan"":""5+ yrs"",""home_features"":[""Balconies & Terraces"",""Sea Views"",""Privacy""],""property_type"":""Apartment"",""social_status"":""Married"",""timing_to_buy"":""2028 – 2029"",""managed_rental"":""Depends on fees & flexibility"",""no_of_children"":""4+"",""primary_reason"":""Investment"",""exterior_colour"":[""Sage""],""has_second_home"":""Family-owned"",""sport_amenities"":[""Basketball"",""Padel"",""Tennis""],""premium_features"":[""Installed Kitchen"",""Kitchen Appliances"",""Built-in Wardrobes""],""community_mobility"":[""Walking"",""Shared Buggy / Community Shuttle"",""Cycling"",""Personal Car""],""staff_accommodation"":null,""additional_amenities"":[""Children's Club"",""Spa & Gym"",""Beach Club"",""Restaurants"",""Retail"",""Social Lounge"",""Ladies Facilities"",""Picnic Areas""],""travel_to_destination"":""Car""}",5+ yrs,Car,"[""Walking"",""Shared Buggy / Community Shuttle"",""Cycling"",""Personal Car""]"
9ec9f691-e9b7-4c8d-8622-62eb3ac4d54c,2026-09-10 05:18:11.866765+00,,25–34,Saudi Arabia,Married,1,No,2026 – 2027,Both,Beach Villa,2BR,700k–1.5M SAR,"[""Sea Views""]",Not required,"[""Kitchen Appliances""]","[""Sand""]","[""Football""]","[""Spa & Gym"",""Children's Club"",""Social Lounge"",""Beach Club"",""Picnic Areas"",""Ladies Facilities"",""Restaurants"",""Cafes"",""Retail""]",Depends on fees & flexibility,"{""age"":""25–34"",""unit_size"":""2BR"",""nationality"":""Saudi Arabia"",""price_range"":""700k–1.5M SAR"",""payment_plan"":""3–5 years"",""home_features"":[""Sea Views""],""property_type"":""Beach Villa"",""social_status"":""Married"",""timing_to_buy"":""2026 – 2027"",""managed_rental"":""Depends on fees & flexibility"",""no_of_children"":""1"",""primary_reason"":""Both"",""exterior_colour"":[""Sand""],""has_second_home"":""No"",""sport_amenities"":[""Football""],""premium_features"":[""Kitchen Appliances""],""community_mobility"":[""Personal Car""],""staff_accommodation"":""Not required"",""additional_amenities"":[""Spa & Gym"",""Children's Club"",""Social Lounge"",""Beach Club"",""Picnic Areas"",""Ladies Facilities"",""Restaurants"",""Cafes"",""Retail""],""travel_to_destination"":""Car""}",3–5 years,Car,"[""Personal Car""]"
9fa57240-481f-4e7e-b10f-f45ae7ba6491,2026-09-09 13:07:32.005757+00,,35–44,United Kingdom,Married,0,No,2026 – 2027,Both,Townhouse,3BR,700k–1.5M SAR,"[""Outdoor Space"",""Balconies & Terraces"",""Privacy""]",Not required,"[""Installed Kitchen"",""Built-in Wardrobes""]","[""Sand""]","[""Padel"",""Water sports"",""Other: Gym""]","[""Social Lounge"",""Restaurants"",""Beach Club"",""Spa & Gym"",""Cafes""]",Depends on return,"{""age"":""35–44"",""unit_size"":""3BR"",""nationality"":""United Kingdom"",""price_range"":""700k–1.5M SAR"",""payment_plan"":""3–5 years"",""home_features"":[""Outdoor Space"",""Balconies & Terraces"",""Privacy""],""property_type"":""Townhouse"",""social_status"":""Married"",""timing_to_buy"":""2026 – 2027"",""managed_rental"":""Depends on return"",""no_of_children"":""0"",""primary_reason"":""Both"",""exterior_colour"":[""Sand""],""has_second_home"":""No"",""sport_amenities"":[""Padel"",""Water sports"",""Other: Gym""],""premium_features"":[""Installed Kitchen"",""Built-in Wardrobes""],""community_mobility"":[""Walking""],""staff_accommodation"":""Not required"",""additional_amenities"":[""Social Lounge"",""Restaurants"",""Beach Club"",""Spa & Gym"",""Cafes""],""travel_to_destination"":""Car""}",3–5 years,Car,"[""Walking""]"
9fddb117-91b9-4294-a010-4990997396e3,2026-09-09 13:21:21.132207+00,,25–34,Saudi Arabia,Married,0,Self-owned,2030 onwards,Both,Townhouse,4BR,700k–1.5M SAR,"[""Outdoor Space"",""Sea Views"",""Privacy""]",A maid's room,"[""Kitchen Appliances"",""Private Pool"",""Installed Kitchen""]","[""Blue"",""Sage"",""Sand""]","[""Tennis"",""Volleyball"",""Football""]","[""Spa & Gym"",""Social Lounge"",""Beach Club""]",Yes,"{""age"":""25–34"",""unit_size"":""4BR"",""nationality"":""Saudi Arabia"",""price_range"":""700k–1.5M SAR"",""payment_plan"":""5+ yrs"",""home_features"":[""Outdoor Space"",""Sea Views"",""Privacy""],""property_type"":""Townhouse"",""social_status"":""Married"",""timing_to_buy"":""2030 onwards"",""managed_rental"":""Yes"",""no_of_children"":""0"",""primary_reason"":""Both"",""exterior_colour"":[""Blue"",""Sage"",""Sand""],""has_second_home"":""Self-owned"",""sport_amenities"":[""Tennis"",""Volleyball"",""Football""],""premium_features"":[""Kitchen Appliances"",""Private Pool"",""Installed Kitchen""],""community_mobility"":[""Walking"",""Cycling"",""Private Buggy"",""Shared Buggy / Community Shuttle"",""Personal Car""],""staff_accommodation"":""A maid's room"",""additional_amenities"":[""Spa & Gym"",""Social Lounge"",""Beach Club""],""travel_to_destination"":""Car""}",5+ yrs,Car,"[""Walking"",""Cycling"",""Private Buggy"",""Shared Buggy / Community Shuttle"",""Personal Car""]"
a02c9bc9-3806-41ab-a499-eea339d6af98,2026-09-09 13:17:19.092074+00,,25–34,Saudi Arabia,Single,0,Self-owned,2028 – 2029,Both,Beach Villa,3BR,700k–1.5M SAR,"[""Privacy"",""Outdoor Space""]",Both,"[""Installed Kitchen"",""Private Pool"",""Built-in Wardrobes"",""Kitchen Appliances""]","[""Sage"",""Other: black+grey""]","[""Other: gym""]","[""Spa & Gym"",""Beach Club"",""Cafes"",""Restaurants""]",Depends on fees & flexibility,"{""age"":""25–34"",""unit_size"":""3BR"",""nationality"":""Saudi Arabia"",""price_range"":""700k–1.5M SAR"",""payment_plan"":""Upfront cash in full"",""home_features"":[""Privacy"",""Outdoor Space""],""property_type"":""Beach Villa"",""social_status"":""Single"",""timing_to_buy"":""2028 – 2029"",""managed_rental"":""Depends on fees & flexibility"",""no_of_children"":""0"",""primary_reason"":""Both"",""exterior_colour"":[""Sage"",""Other: black+grey""],""has_second_home"":""Self-owned"",""sport_amenities"":[""Other: gym""],""premium_features"":[""Installed Kitchen"",""Private Pool"",""Built-in Wardrobes"",""Kitchen Appliances""],""community_mobility"":[""Cycling"",""Private Buggy"",""Personal Car""],""staff_accommodation"":""Both"",""additional_amenities"":[""Spa & Gym"",""Beach Club"",""Cafes"",""Restaurants""],""travel_to_destination"":""Car""}",Upfront cash in full,Car,"[""Cycling"",""Private Buggy"",""Personal Car""]"
a0545ae4-153c-415c-9800-e9ccec445f48,2026-09-09 13:19:49.757954+00,,25–34,Saudi Arabia,Single,0,Family-owned,2028 – 2029,Both,Apartment,2BR,700k–1.5M SAR,"[""Balconies & Terraces"",""Sea Views"",""Privacy""]",,"[""Installed Kitchen"",""Built-in Wardrobes""]","[""Sand""]","[""Padel"",""Water sports""]","[""Children's Club"",""Restaurants"",""Cafes"",""Retail""]",Yes,"{""age"":""25–34"",""unit_size"":""2BR"",""nationality"":""Saudi Arabia"",""price_range"":""700k–1.5M SAR"",""payment_plan"":""3–5 years"",""home_features"":[""Balconies & Terraces"",""Sea Views"",""Privacy""],""property_type"":""Apartment"",""social_status"":""Single"",""timing_to_buy"":""2028 – 2029"",""managed_rental"":""Yes"",""no_of_children"":""0"",""primary_reason"":""Both"",""exterior_colour"":[""Sand""],""has_second_home"":""Family-owned"",""sport_amenities"":[""Padel"",""Water sports""],""premium_features"":[""Installed Kitchen"",""Built-in Wardrobes""],""community_mobility"":[""Cycling"",""Shared Buggy / Community Shuttle""],""staff_accommodation"":null,""additional_amenities"":[""Children's Club"",""Restaurants"",""Cafes"",""Retail""],""travel_to_destination"":""Car""}",3–5 years,Car,"[""Cycling"",""Shared Buggy / Community Shuttle""]"
a0abb865-c771-4296-8e39-f9bc86b391d4,2026-09-09 19:51:11.649165+00,,25–34,Saudi Arabia,Single,0,Family-owned,2030 onwards,Both,Apartment,3BR,700k–1.5M SAR,"[""Balconies & Terraces"",""Sea Views"",""Privacy""]",,"[""Built-in Wardrobes"",""Installed Kitchen"",""Kitchen Appliances""]","[""Blue"",""Sand""]","[""Padel"",""Water sports"",""Volleyball""]","[""Spa & Gym"",""Beach Club"",""Restaurants"",""Cafes"",""Social Lounge""]",Depends on return,"{""age"":""25–34"",""unit_size"":""3BR"",""nationality"":""Saudi Arabia"",""price_range"":""700k–1.5M SAR"",""payment_plan"":""5+ yrs"",""home_features"":[""Balconies & Terraces"",""Sea Views"",""Privacy""],""property_type"":""Apartment"",""social_status"":""Single"",""timing_to_buy"":""2030 onwards"",""managed_rental"":""Depends on return"",""no_of_children"":""0"",""primary_reason"":""Both"",""exterior_colour"":[""Blue"",""Sand""],""has_second_home"":""Family-owned"",""sport_amenities"":[""Padel"",""Water sports"",""Volleyball""],""premium_features"":[""Built-in Wardrobes"",""Installed Kitchen"",""Kitchen Appliances""],""community_mobility"":[""Walking"",""Shared Buggy / Community Shuttle""],""staff_accommodation"":null,""additional_amenities"":[""Spa & Gym"",""Beach Club"",""Restaurants"",""Cafes"",""Social Lounge""],""travel_to_destination"":""Car""}",5+ yrs,Car,"[""Walking"",""Shared Buggy / Community Shuttle""]"
a29bcbe8-ecb4-41f0-9d9b-146c5192aa94,2026-09-10 05:16:07.964487+00,,25–34,Saudi Arabia,Single,0,No,2030 onwards,Both,Townhouse,4BR,700k–1.5M SAR,"[""Sea Views"",""Outdoor Space""]",A maid's room,"[""Private Pool"",""Installed Kitchen""]","[""Sand""]","[""Tennis"",""Padel"",""Water sports""]","[""Spa & Gym"",""Children's Club"",""Beach Club"",""Restaurants"",""Cafes"",""Retail""]",No,"{""age"":""25–34"",""unit_size"":""4BR"",""nationality"":""Saudi Arabia"",""price_range"":""700k–1.5M SAR"",""payment_plan"":""3–5 years"",""home_features"":[""Sea Views"",""Outdoor Space""],""property_type"":""Townhouse"",""social_status"":""Single"",""timing_to_buy"":""2030 onwards"",""managed_rental"":""No"",""no_of_children"":""0"",""primary_reason"":""Both"",""exterior_colour"":[""Sand""],""has_second_home"":""No"",""sport_amenities"":[""Tennis"",""Padel"",""Water sports""],""premium_features"":[""Private Pool"",""Installed Kitchen""],""community_mobility"":[""Private Buggy"",""Walking"",""Cycling""],""staff_accommodation"":""A maid's room"",""additional_amenities"":[""Spa & Gym"",""Children's Club"",""Beach Club"",""Restaurants"",""Cafes"",""Retail""],""travel_to_destination"":""Car""}",3–5 years,Car,"[""Private Buggy"",""Walking"",""Cycling""]"
a33389f6-2464-4279-9831-f64b3d7f598e,2026-09-09 13:15:41.285027+00,,25–34,Sudan,Married,2,Family-owned,2028 – 2029,Both,Apartment,3BR,700k–1.5M SAR,"[""Sea Views""]",,"[""Private Pool""]","[""Blue""]","[""Football""]","[""Children's Club""]",Yes,"{""age"":""25–34"",""unit_size"":""3BR"",""nationality"":""Sudan"",""price_range"":""700k–1.5M SAR"",""payment_plan"":""5+ yrs"",""home_features"":[""Sea Views""],""property_type"":""Apartment"",""social_status"":""Married"",""timing_to_buy"":""2028 – 2029"",""managed_rental"":""Yes"",""no_of_children"":""2"",""primary_reason"":""Both"",""exterior_colour"":[""Blue""],""has_second_home"":""Family-owned"",""sport_amenities"":[""Football""],""premium_features"":[""Private Pool""],""community_mobility"":[""Walking""],""staff_accommodation"":null,""additional_amenities"":[""Children's Club""],""travel_to_destination"":""Car""}",5+ yrs,Car,"[""Walking""]"
a3df04c0-6224-4a21-94ea-8821e650e9e4,2026-09-13 11:26:27.823205+00,,45–54,United Kingdom,Married,1,No,2028 – 2029,Both,Townhouse,3BR,1.5M–3M SAR,"[""Outdoor Space"",""Balconies & Terraces"",""Park Views""]",Not required,"[""Installed Kitchen"",""Kitchen Appliances"",""Built-in Wardrobes"",""Private Pool""]","[""Sand""]","[""Other: Communal pool and park""]","[""Spa & Gym"",""Other: Pool"",""Beach Club"",""Cafes"",""Retail""]",Depends on return,"{""age"":""45–54"",""unit_size"":""3BR"",""nationality"":""United Kingdom"",""price_range"":""1.5M–3M SAR"",""payment_plan"":""3–5 years"",""home_features"":[""Outdoor Space"",""Balconies & Terraces"",""Park Views""],""property_type"":""Townhouse"",""social_status"":""Married"",""timing_to_buy"":""2028 – 2029"",""managed_rental"":""Depends on return"",""no_of_children"":""1"",""primary_reason"":""Both"",""exterior_colour"":[""Sand""],""has_second_home"":""No"",""sport_amenities"":[""Other: Communal pool and park""],""premium_features"":[""Installed Kitchen"",""Kitchen Appliances"",""Built-in Wardrobes"",""Private Pool""],""community_mobility"":[""Walking""],""staff_accommodation"":""Not required"",""additional_amenities"":[""Spa & Gym"",""Other: Pool"",""Beach Club"",""Cafes"",""Retail""],""travel_to_destination"":""Car""}",3–5 years,Car,"[""Walking""]"
a3df48e4-9f81-4f58-8ae4-cbc9c8cef902,2026-09-12 09:13:41.32025+00,,35–44,Saudi Arabia,Married,3,No,2030 onwards,Both,Beach Villa,4BR,1.5M–3M SAR,"[""Outdoor Space"",""Balconies & Terraces"",""Sea Views""]",A maid's room,"[""Private Pool"",""Installed Kitchen""]","[""Sand""]","[""Football"",""Tennis""]","[""Spa & Gym"",""Children's Club"",""Social Lounge"",""Beach Club"",""Picnic Areas"",""Ladies Facilities"",""Restaurants"",""Cafes"",""Retail""]",Depends on fees & flexibility,"{""age"":""35–44"",""unit_size"":""4BR"",""nationality"":""Saudi Arabia"",""price_range"":""1.5M–3M SAR"",""payment_plan"":""5+ yrs"",""home_features"":[""Outdoor Space"",""Balconies & Terraces"",""Sea Views""],""property_type"":""Beach Villa"",""social_status"":""Married"",""timing_to_buy"":""2030 onwards"",""managed_rental"":""Depends on fees & flexibility"",""no_of_children"":""3"",""primary_reason"":""Both"",""exterior_colour"":[""Sand""],""has_second_home"":""No"",""sport_amenities"":[""Football"",""Tennis""],""premium_features"":[""Private Pool"",""Installed Kitchen""],""community_mobility"":[""Personal Car"",""Private Buggy""],""staff_accommodation"":""A maid's room"",""additional_amenities"":[""Spa & Gym"",""Children's Club"",""Social Lounge"",""Beach Club"",""Picnic Areas"",""Ladies Facilities"",""Restaurants"",""Cafes"",""Retail""],""travel_to_destination"":""Car""}",5+ yrs,Car,"[""Personal Car"",""Private Buggy""]"
a4a450be-b00b-4e5d-aa10-99dfa2f0238c,2026-09-09 14:18:32.93043+00,,45–54,Philippines,Married,3,Self-owned,2030 onwards,Investment,Apartment,2BR,700k–1.5M SAR,"[""Sea Views"",""Balconies & Terraces"",""Outdoor Space""]",,"[""Private Pool""]","[""Blue""]","[""Basketball"",""Padel"",""Tennis""]","[""Children's Club"",""Retail"",""Picnic Areas""]",Yes,"{""age"":""45–54"",""unit_size"":""2BR"",""nationality"":""Philippines"",""price_range"":""700k–1.5M SAR"",""payment_plan"":""5+ yrs"",""home_features"":[""Sea Views"",""Balconies & Terraces"",""Outdoor Space""],""property_type"":""Apartment"",""social_status"":""Married"",""timing_to_buy"":""2030 onwards"",""managed_rental"":""Yes"",""no_of_children"":""3"",""primary_reason"":""Investment"",""exterior_colour"":[""Blue""],""has_second_home"":""Self-owned"",""sport_amenities"":[""Basketball"",""Padel"",""Tennis""],""premium_features"":[""Private Pool""],""community_mobility"":[""Walking""],""staff_accommodation"":null,""additional_amenities"":[""Children's Club"",""Retail"",""Picnic Areas""],""travel_to_destination"":""Car""}",5+ yrs,Car,"[""Walking""]"
a4e207cf-4924-42d4-b6ef-e0a0e69a2b95,2026-09-09 13:22:49.941267+00,,35–44,Saudi Arabia,Married,3,Family-owned,2030 onwards,Both,Beach Villa,4BR,700k–1.5M SAR,"[""Sea Views"",""Outdoor Space""]",Both,"[""Built-in Wardrobes"",""Installed Kitchen""]","[""Rose""]","[""Water sports"",""Volleyball"",""Padel""]","[""Cafes"",""Retail"",""Restaurants"",""Beach Club""]",Depends on return,"{""age"":""35–44"",""unit_size"":""4BR"",""nationality"":""Saudi Arabia"",""price_range"":""700k–1.5M SAR"",""payment_plan"":""5+ yrs"",""home_features"":[""Sea Views"",""Outdoor Space""],""property_type"":""Beach Villa"",""social_status"":""Married"",""timing_to_buy"":""2030 onwards"",""managed_rental"":""Depends on return"",""no_of_children"":""3"",""primary_reason"":""Both"",""exterior_colour"":[""Rose""],""has_second_home"":""Family-owned"",""sport_amenities"":[""Water sports"",""Volleyball"",""Padel""],""premium_features"":[""Built-in Wardrobes"",""Installed Kitchen""],""community_mobility"":[""Cycling"",""Walking""],""staff_accommodation"":""Both"",""additional_amenities"":[""Cafes"",""Retail"",""Restaurants"",""Beach Club""],""travel_to_destination"":""Car""}",5+ yrs,Car,"[""Cycling"",""Walking""]"
a5476d30-1f81-4817-82fb-10819e5bfa7f,2026-09-09 13:11:42.7991+00,,35–44,Philippines,Single,0,No,2028 – 2029,Both,Apartment,1BR,700k–1.5M SAR,"[""Sea Views"",""Privacy"",""Balconies & Terraces""]",,"[""Installed Kitchen"",""Built-in Wardrobes""]","[""Other: Grey""]","[""Football"",""Tennis"",""Water sports""]","[""Spa & Gym"",""Picnic Areas"",""Restaurants"",""Cafes"",""Retail"",""Beach Club"",""Ladies Facilities"",""Social Lounge""]",Depends on fees & flexibility,"{""age"":""35–44"",""unit_size"":""1BR"",""nationality"":""Philippines"",""price_range"":""700k–1.5M SAR"",""payment_plan"":""3–5 years"",""home_features"":[""Sea Views"",""Privacy"",""Balconies & Terraces""],""property_type"":""Apartment"",""social_status"":""Single"",""timing_to_buy"":""2028 – 2029"",""managed_rental"":""Depends on fees & flexibility"",""no_of_children"":""0"",""primary_reason"":""Both"",""exterior_colour"":[""Other: Grey""],""has_second_home"":""No"",""sport_amenities"":[""Football"",""Tennis"",""Water sports""],""premium_features"":[""Installed Kitchen"",""Built-in Wardrobes""],""community_mobility"":[""Walking"",""Cycling""],""staff_accommodation"":null,""additional_amenities"":[""Spa & Gym"",""Picnic Areas"",""Restaurants"",""Cafes"",""Retail"",""Beach Club"",""Ladies Facilities"",""Social Lounge""],""travel_to_destination"":""Car""}",3–5 years,Car,"[""Walking"",""Cycling""]"
a5dd1cdd-f0e1-4429-bd54-679ebc010693,2026-09-09 13:08:51.845674+00,,35–44,India,Married,1,Self-owned,2030 onwards,Investment,Townhouse,3BR,700k–1.5M SAR,"[""Sea Views"",""Outdoor Space"",""Balconies & Terraces""]",Not required,"[""Installed Kitchen"",""Kitchen Appliances"",""Built-in Wardrobes""]","[""Blue""]","[""Water sports"",""Other: cricket, Badminton""]","[""Spa & Gym"",""Restaurants"",""Children's Club"",""Retail""]",Yes,"{""age"":""35–44"",""unit_size"":""3BR"",""nationality"":""India"",""price_range"":""700k–1.5M SAR"",""payment_plan"":""5+ yrs"",""home_features"":[""Sea Views"",""Outdoor Space"",""Balconies & Terraces""],""property_type"":""Townhouse"",""social_status"":""Married"",""timing_to_buy"":""2030 onwards"",""managed_rental"":""Yes"",""no_of_children"":""1"",""primary_reason"":""Investment"",""exterior_colour"":[""Blue""],""has_second_home"":""Self-owned"",""sport_amenities"":[""Water sports"",""Other: cricket, Badminton""],""premium_features"":[""Installed Kitchen"",""Kitchen Appliances"",""Built-in Wardrobes""],""community_mobility"":[""Walking"",""Cycling""],""staff_accommodation"":""Not required"",""additional_amenities"":[""Spa & Gym"",""Restaurants"",""Children's Club"",""Retail""],""travel_to_destination"":""Car""}",5+ yrs,Car,"[""Walking"",""Cycling""]"
a638ac3b-5366-45e6-bfae-3a4aa6533160,2026-09-09 13:58:21.227261+00,,35–44,Afghanistan,Single,3,No,2028 – 2029,Investment,Villa,4BR,3M–6M SAR,"[""Park Views""]",A driver's room,"[""Built-in Wardrobes""]","[""Sand""]","[""Water sports""]","[""Ladies Facilities"",""Restaurants""]",Depends on return,"{""age"":""35–44"",""unit_size"":""4BR"",""nationality"":""Afghanistan"",""price_range"":""3M–6M SAR"",""payment_plan"":""3–5 years"",""home_features"":[""Park Views""],""property_type"":""Villa"",""social_status"":""Single"",""timing_to_buy"":""2028 – 2029"",""managed_rental"":""Depends on return"",""no_of_children"":""3"",""primary_reason"":""Investment"",""exterior_colour"":[""Sand""],""has_second_home"":""No"",""sport_amenities"":[""Water sports""],""premium_features"":[""Built-in Wardrobes""],""community_mobility"":[""Cycling""],""staff_accommodation"":""A driver's room"",""additional_amenities"":[""Ladies Facilities"",""Restaurants""],""travel_to_destination"":""Air""}",3–5 years,Air,"[""Cycling""]"
a649f1c0-726e-44c5-a38e-67c9efcc6499,2026-09-09 13:56:04.047517+00,,25–34,Saudi Arabia,Married,3,No,2028 – 2029,Both,Beach Villa,5BR+,700k–1.5M SAR,"[""Sea Views"",""Outdoor Space"",""Balconies & Terraces""]",Both,"[""Private Pool"",""Built-in Wardrobes"",""Kitchen Appliances"",""Installed Kitchen""]","[""Sand""]","[""Water sports"",""Football"",""Padel""]","[""Spa & Gym"",""Children's Club"",""Restaurants"",""Cafes""]",Yes,"{""age"":""25–34"",""unit_size"":""5BR+"",""nationality"":""Saudi Arabia"",""price_range"":""700k–1.5M SAR"",""payment_plan"":""5+ yrs"",""home_features"":[""Sea Views"",""Outdoor Space"",""Balconies & Terraces""],""property_type"":""Beach Villa"",""social_status"":""Married"",""timing_to_buy"":""2028 – 2029"",""managed_rental"":""Yes"",""no_of_children"":""3"",""primary_reason"":""Both"",""exterior_colour"":[""Sand""],""has_second_home"":""No"",""sport_amenities"":[""Water sports"",""Football"",""Padel""],""premium_features"":[""Private Pool"",""Built-in Wardrobes"",""Kitchen Appliances"",""Installed Kitchen""],""community_mobility"":[""Walking""],""staff_accommodation"":""Both"",""additional_amenities"":[""Spa & Gym"",""Children's Club"",""Restaurants"",""Cafes""],""travel_to_destination"":""Car""}",5+ yrs,Car,"[""Walking""]"
a6748c93-1e3d-464e-bf2f-69898f2321ab,2026-09-09 13:38:39.748267+00,,35–44,Philippines,Single,0,Self-owned,2030 onwards,Both,Apartment,1BR,700k–1.5M SAR,"[""Balconies & Terraces"",""Sea Views"",""Park Views""]",,"[""Installed Kitchen"",""Kitchen Appliances"",""Built-in Wardrobes""]","[""Sand""]","[""Padel"",""Tennis"",""Water sports""]","[""Spa & Gym"",""Restaurants"",""Retail"",""Cafes""]",Yes,"{""age"":""35–44"",""unit_size"":""1BR"",""nationality"":""Philippines"",""price_range"":""700k–1.5M SAR"",""payment_plan"":""5+ yrs"",""home_features"":[""Balconies & Terraces"",""Sea Views"",""Park Views""],""property_type"":""Apartment"",""social_status"":""Single"",""timing_to_buy"":""2030 onwards"",""managed_rental"":""Yes"",""no_of_children"":""0"",""primary_reason"":""Both"",""exterior_colour"":[""Sand""],""has_second_home"":""Self-owned"",""sport_amenities"":[""Padel"",""Tennis"",""Water sports""],""premium_features"":[""Installed Kitchen"",""Kitchen Appliances"",""Built-in Wardrobes""],""community_mobility"":[""Walking""],""staff_accommodation"":null,""additional_amenities"":[""Spa & Gym"",""Restaurants"",""Retail"",""Cafes""],""travel_to_destination"":""Car""}",5+ yrs,Car,"[""Walking""]"
a6ced868-29ab-4d0d-a99f-4609ff517019,2026-09-09 13:50:15.909136+00,,35–44,Jordan,Married,3,Family-owned,2030 onwards,Both,Townhouse,2BR,700k–1.5M SAR,"[""Balconies & Terraces"",""Sea Views"",""Privacy""]",A maid's room,"[""Built-in Wardrobes"",""Installed Kitchen"",""Private Pool""]","[""Sand""]","[""Tennis"",""Water sports""]","[""Children's Club"",""Ladies Facilities"",""Spa & Gym""]",Depends on fees & flexibility,"{""age"":""35–44"",""unit_size"":""2BR"",""nationality"":""Jordan"",""price_range"":""700k–1.5M SAR"",""payment_plan"":""5+ yrs"",""home_features"":[""Balconies & Terraces"",""Sea Views"",""Privacy""],""property_type"":""Townhouse"",""social_status"":""Married"",""timing_to_buy"":""2030 onwards"",""managed_rental"":""Depends on fees & flexibility"",""no_of_children"":""3"",""primary_reason"":""Both"",""exterior_colour"":[""Sand""],""has_second_home"":""Family-owned"",""sport_amenities"":[""Tennis"",""Water sports""],""premium_features"":[""Built-in Wardrobes"",""Installed Kitchen"",""Private Pool""],""community_mobility"":[""Cycling"",""Shared Buggy / Community Shuttle""],""staff_accommodation"":""A maid's room"",""additional_amenities"":[""Children's Club"",""Ladies Facilities"",""Spa & Gym""],""travel_to_destination"":""Air""}",5+ yrs,Air,"[""Cycling"",""Shared Buggy / Community Shuttle""]"
a70b7fe6-d046-4279-85dc-fcea33cceec4,2026-09-13 07:20:23.739777+00,,35–44,India,Married,1,No,2026 – 2027,Investment,Apartment,2BR,700k–1.5M SAR,"[""Outdoor Space"",""Balconies & Terraces"",""Privacy""]",,"[""Private Pool""]","[""Sage""]","[""Water sports"",""Football"",""Tennis""]","[""Spa & Gym"",""Children's Club"",""Cafes"",""Restaurants"",""Retail""]",Yes,"{""age"":""35–44"",""unit_size"":""2BR"",""nationality"":""India"",""price_range"":""700k–1.5M SAR"",""payment_plan"":""5+ yrs"",""home_features"":[""Outdoor Space"",""Balconies & Terraces"",""Privacy""],""property_type"":""Apartment"",""social_status"":""Married"",""timing_to_buy"":""2026 – 2027"",""managed_rental"":""Yes"",""no_of_children"":""1"",""primary_reason"":""Investment"",""exterior_colour"":[""Sage""],""has_second_home"":""No"",""sport_amenities"":[""Water sports"",""Football"",""Tennis""],""premium_features"":[""Private Pool""],""community_mobility"":[""Walking""],""staff_accommodation"":null,""additional_amenities"":[""Spa & Gym"",""Children's Club"",""Cafes"",""Restaurants"",""Retail""],""travel_to_destination"":""Car""}",5+ yrs,Car,"[""Walking""]"
a72d48b6-23de-4a6e-a628-db420dcf9333,2026-09-09 13:17:16.760909+00,,45–54,Canada,Married,2,Family-owned,2028 – 2029,Both,Villa,3BR,1.5M–3M SAR,"[""Sea Views"",""Balconies & Terraces"",""Outdoor Space""]",A maid's room,"[""Installed Kitchen"",""Kitchen Appliances"",""Built-in Wardrobes""]","[""Blue""]","[""Padel"",""Volleyball""]","[""Children's Club"",""Spa & Gym"",""Beach Club"",""Picnic Areas"",""Restaurants"",""Retail"",""Cafes"",""Social Lounge""]",Depends on fees & flexibility,"{""age"":""45–54"",""unit_size"":""3BR"",""nationality"":""Canada"",""price_range"":""1.5M–3M SAR"",""payment_plan"":""5+ yrs"",""home_features"":[""Sea Views"",""Balconies & Terraces"",""Outdoor Space""],""property_type"":""Villa"",""social_status"":""Married"",""timing_to_buy"":""2028 – 2029"",""managed_rental"":""Depends on fees & flexibility"",""no_of_children"":""2"",""primary_reason"":""Both"",""exterior_colour"":[""Blue""],""has_second_home"":""Family-owned"",""sport_amenities"":[""Padel"",""Volleyball""],""premium_features"":[""Installed Kitchen"",""Kitchen Appliances"",""Built-in Wardrobes""],""community_mobility"":[""Walking"",""Cycling"",""Personal Car""],""staff_accommodation"":""A maid's room"",""additional_amenities"":[""Children's Club"",""Spa & Gym"",""Beach Club"",""Picnic Areas"",""Restaurants"",""Retail"",""Cafes"",""Social Lounge""],""travel_to_destination"":""Car""}",5+ yrs,Car,"[""Walking"",""Cycling"",""Personal Car""]"
a72e70b7-8def-486c-bd18-c9428e504da9,2026-09-09 13:13:40.035714+00,,55–64,Canada,Married,0,No,2030 onwards,Both,Townhouse,2BR,700k–1.5M SAR,"[""Outdoor Space"",""Sea Views"",""Privacy""]",Not required,"[""Private Pool""]","[""Sand""]","[""Padel"",""Water sports"",""Tennis""]","[""Spa & Gym"",""Social Lounge"",""Beach Club"",""Restaurants"",""Cafes"",""Retail""]",Depends on fees & flexibility,"{""age"":""55–64"",""unit_size"":""2BR"",""nationality"":""Canada"",""price_range"":""700k–1.5M SAR"",""payment_plan"":""5+ yrs"",""home_features"":[""Outdoor Space"",""Sea Views"",""Privacy""],""property_type"":""Townhouse"",""social_status"":""Married"",""timing_to_buy"":""2030 onwards"",""managed_rental"":""Depends on fees & flexibility"",""no_of_children"":""0"",""primary_reason"":""Both"",""exterior_colour"":[""Sand""],""has_second_home"":""No"",""sport_amenities"":[""Padel"",""Water sports"",""Tennis""],""premium_features"":[""Private Pool""],""community_mobility"":[""Shared Buggy / Community Shuttle""],""staff_accommodation"":""Not required"",""additional_amenities"":[""Spa & Gym"",""Social Lounge"",""Beach Club"",""Restaurants"",""Cafes"",""Retail""],""travel_to_destination"":""Air""}",5+ yrs,Air,"[""Shared Buggy / Community Shuttle""]"
a76344d6-12e2-4e36-9c74-63dde6e664fb,2026-09-09 13:13:20.051639+00,,25–34,Saudi Arabia,Single,0,No,2030 onwards,Both,Beach Villa,2BR,700k–1.5M SAR,"[""Outdoor Space"",""Balconies & Terraces"",""Sea Views""]",Not required,"[""Private Pool""]","[""Rose""]","[""Padel"",""Water sports"",""Other: cycling""]","[""Spa & Gym"",""Social Lounge"",""Beach Club"",""Cafes"",""Restaurants"",""Retail""]",Depends on fees & flexibility,"{""age"":""25–34"",""unit_size"":""2BR"",""nationality"":""Saudi Arabia"",""price_range"":""700k–1.5M SAR"",""payment_plan"":""5+ yrs"",""home_features"":[""Outdoor Space"",""Balconies & Terraces"",""Sea Views""],""property_type"":""Beach Villa"",""social_status"":""Single"",""timing_to_buy"":""2030 onwards"",""managed_rental"":""Depends on fees & flexibility"",""no_of_children"":""0"",""primary_reason"":""Both"",""exterior_colour"":[""Rose""],""has_second_home"":""No"",""sport_amenities"":[""Padel"",""Water sports"",""Other: cycling""],""premium_features"":[""Private Pool""],""community_mobility"":[""Walking"",""Cycling"",""Private Buggy""],""staff_accommodation"":""Not required"",""additional_amenities"":[""Spa & Gym"",""Social Lounge"",""Beach Club"",""Cafes"",""Restaurants"",""Retail""],""travel_to_destination"":""Car""}",5+ yrs,Car,"[""Walking"",""Cycling"",""Private Buggy""]"
a790e936-7340-4fc8-a56f-3018f7a53eb2,2026-09-09 13:13:28.077196+00,,25–34,Saudi Arabia,Single,0,No,2030 onwards,Both,Townhouse,3BR,700k–1.5M SAR,"[""Privacy"",""Sea Views"",""Balconies & Terraces""]",A maid's room,"[""Installed Kitchen""]","[""Sage"",""Sand"",""Blue"",""Rose""]","[""Padel"",""Football""]","[""Spa & Gym"",""Beach Club"",""Restaurants"",""Cafes""]",Depends on return,"{""age"":""25–34"",""unit_size"":""3BR"",""nationality"":""Saudi Arabia"",""price_range"":""700k–1.5M SAR"",""payment_plan"":""5+ yrs"",""home_features"":[""Privacy"",""Sea Views"",""Balconies & Terraces""],""property_type"":""Townhouse"",""social_status"":""Single"",""timing_to_buy"":""2030 onwards"",""managed_rental"":""Depends on return"",""no_of_children"":""0"",""primary_reason"":""Both"",""exterior_colour"":[""Sage"",""Sand"",""Blue"",""Rose""],""has_second_home"":""No"",""sport_amenities"":[""Padel"",""Football""],""premium_features"":[""Installed Kitchen""],""community_mobility"":[""Private Buggy"",""Cycling"",""Walking""],""staff_accommodation"":""A maid's room"",""additional_amenities"":[""Spa & Gym"",""Beach Club"",""Restaurants"",""Cafes""],""travel_to_destination"":""Air""}",5+ yrs,Air,"[""Private Buggy"",""Cycling"",""Walking""]"
a7940af1-ca1f-4bee-8d74-f0bcbe844fed,2026-09-09 13:19:22.608457+00,,35–44,Egypt,Married,3,Family-owned,2028 – 2029,Both,Beach Villa,2BR,700k–1.5M SAR,"[""Sea Views"",""Outdoor Space"",""Privacy""]",Not required,"[""Private Pool"",""Installed Kitchen""]","[""Sand""]","[""Tennis""]","[""Spa & Gym"",""Picnic Areas"",""Beach Club"",""Restaurants"",""Cafes"",""Retail""]",Depends on fees & flexibility,"{""age"":""35–44"",""unit_size"":""2BR"",""nationality"":""Egypt"",""price_range"":""700k–1.5M SAR"",""payment_plan"":""Upfront cash in full"",""home_features"":[""Sea Views"",""Outdoor Space"",""Privacy""],""property_type"":""Beach Villa"",""social_status"":""Married"",""timing_to_buy"":""2028 – 2029"",""managed_rental"":""Depends on fees & flexibility"",""no_of_children"":""3"",""primary_reason"":""Both"",""exterior_colour"":[""Sand""],""has_second_home"":""Family-owned"",""sport_amenities"":[""Tennis""],""premium_features"":[""Private Pool"",""Installed Kitchen""],""community_mobility"":[""Private Buggy""],""staff_accommodation"":""Not required"",""additional_amenities"":[""Spa & Gym"",""Picnic Areas"",""Beach Club"",""Restaurants"",""Cafes"",""Retail""],""travel_to_destination"":""Car""}",Upfront cash in full,Car,"[""Private Buggy""]"
a79f7278-9d27-41c7-ad61-90ba993581a8,2026-09-09 13:11:50.403494+00,,25–34,Saudi Arabia,Single,0,Family-owned,2026 – 2027,Both,Beach Villa,3BR,700k–1.5M SAR,"[""Balconies & Terraces"",""Sea Views"",""Outdoor Space""]",Both,"[""Installed Kitchen"",""Built-in Wardrobes"",""Private Pool"",""Other: walking distance to the beach""]","[""Sage"",""Blue""]","[""Tennis"",""Padel"",""Water sports""]","[""Spa & Gym"",""Beach Club"",""Cafes"",""Retail"",""Restaurants""]",Depends on return,"{""age"":""25–34"",""unit_size"":""3BR"",""nationality"":""Saudi Arabia"",""price_range"":""700k–1.5M SAR"",""payment_plan"":""5+ yrs"",""home_features"":[""Balconies & Terraces"",""Sea Views"",""Outdoor Space""],""property_type"":""Beach Villa"",""social_status"":""Single"",""timing_to_buy"":""2026 – 2027"",""managed_rental"":""Depends on return"",""no_of_children"":""0"",""primary_reason"":""Both"",""exterior_colour"":[""Sage"",""Blue""],""has_second_home"":""Family-owned"",""sport_amenities"":[""Tennis"",""Padel"",""Water sports""],""premium_features"":[""Installed Kitchen"",""Built-in Wardrobes"",""Private Pool"",""Other: walking distance to the beach""],""community_mobility"":[""Shared Buggy / Community Shuttle"",""Personal Car"",""Walking"",""Cycling""],""staff_accommodation"":""Both"",""additional_amenities"":[""Spa & Gym"",""Beach Club"",""Cafes"",""Retail"",""Restaurants""],""travel_to_destination"":""Air""}",5+ yrs,Air,"[""Shared Buggy / Community Shuttle"",""Personal Car"",""Walking"",""Cycling""]"
a7bc2813-3977-4a6c-ae88-2cb3cba7c266,2026-09-10 06:32:09.338917+00,,35–44,France,Married,4+,No,2030 onwards,Both,Beach Villa,3BR,700k–1.5M SAR,"[""Privacy"",""Outdoor Space"",""Sea Views""]",Not required,"[""Installed Kitchen"",""Private Pool"",""Kitchen Appliances"",""Built-in Wardrobes""]","[""Sand""]","[""Football"",""Water sports"",""Other: biking area for kids""]","[""Ladies Facilities"",""Children's Club"",""Spa & Gym"",""Picnic Areas"",""Other: Masjid for both male and female""]",Depends on fees & flexibility,"{""age"":""35–44"",""unit_size"":""3BR"",""nationality"":""France"",""price_range"":""700k–1.5M SAR"",""payment_plan"":""Upfront cash in full"",""home_features"":[""Privacy"",""Outdoor Space"",""Sea Views""],""property_type"":""Beach Villa"",""social_status"":""Married"",""timing_to_buy"":""2030 onwards"",""managed_rental"":""Depends on fees & flexibility"",""no_of_children"":""4+"",""primary_reason"":""Both"",""exterior_colour"":[""Sand""],""has_second_home"":""No"",""sport_amenities"":[""Football"",""Water sports"",""Other: biking area for kids""],""premium_features"":[""Installed Kitchen"",""Private Pool"",""Kitchen Appliances"",""Built-in Wardrobes""],""community_mobility"":[""Walking""],""staff_accommodation"":""Not required"",""additional_amenities"":[""Ladies Facilities"",""Children's Club"",""Spa & Gym"",""Picnic Areas"",""Other: Masjid for both male and female""],""travel_to_destination"":""Air""}",Upfront cash in full,Air,"[""Walking""]"
a7ffba90-aaec-460f-9a94-654bece72655,2026-09-09 13:09:18.534997+00,,25–34,Saudi Arabia,Single,0,No,2028 – 2029,Both,Townhouse,2BR,700k–1.5M SAR,"[""Outdoor Space"",""Sea Views"",""Privacy""]",A maid's room,"[""Built-in Wardrobes"",""Private Pool"",""Installed Kitchen""]","[""Rose""]","[""Padel"",""Water sports""]","[""Spa & Gym"",""Children's Club"",""Picnic Areas"",""Social Lounge"",""Retail"",""Cafes"",""Restaurants"",""Beach Club""]",Yes,"{""age"":""25–34"",""unit_size"":""2BR"",""nationality"":""Saudi Arabia"",""price_range"":""700k–1.5M SAR"",""payment_plan"":""5+ yrs"",""home_features"":[""Outdoor Space"",""Sea Views"",""Privacy""],""property_type"":""Townhouse"",""social_status"":""Single"",""timing_to_buy"":""2028 – 2029"",""managed_rental"":""Yes"",""no_of_children"":""0"",""primary_reason"":""Both"",""exterior_colour"":[""Rose""],""has_second_home"":""No"",""sport_amenities"":[""Padel"",""Water sports""],""premium_features"":[""Built-in Wardrobes"",""Private Pool"",""Installed Kitchen""],""community_mobility"":[""Walking"",""Cycling""],""staff_accommodation"":""A maid's room"",""additional_amenities"":[""Spa & Gym"",""Children's Club"",""Picnic Areas"",""Social Lounge"",""Retail"",""Cafes"",""Restaurants"",""Beach Club""],""travel_to_destination"":""Air""}",5+ yrs,Air,"[""Walking"",""Cycling""]"
a872358b-7389-435c-80bf-2c59c10480e7,2026-09-09 13:11:56.503566+00,,25–34,Saudi Arabia,Single,0,Family-owned,2030 onwards,Investment,Villa,3BR,700k–1.5M SAR,"[""Sea Views"",""Privacy"",""Balconies & Terraces""]",A maid's room,"[""Private Pool"",""Installed Kitchen""]","[""Blue""]","[""Football"",""Volleyball"",""Water sports""]","[""Spa & Gym"",""Children's Club"",""Social Lounge"",""Ladies Facilities"",""Picnic Areas"",""Beach Club"",""Restaurants"",""Cafes"",""Retail""]",Depends on return,"{""age"":""25–34"",""unit_size"":""3BR"",""nationality"":""Saudi Arabia"",""price_range"":""700k–1.5M SAR"",""payment_plan"":""5+ yrs"",""home_features"":[""Sea Views"",""Privacy"",""Balconies & Terraces""],""property_type"":""Villa"",""social_status"":""Single"",""timing_to_buy"":""2030 onwards"",""managed_rental"":""Depends on return"",""no_of_children"":""0"",""primary_reason"":""Investment"",""exterior_colour"":[""Blue""],""has_second_home"":""Family-owned"",""sport_amenities"":[""Football"",""Volleyball"",""Water sports""],""premium_features"":[""Private Pool"",""Installed Kitchen""],""community_mobility"":[""Private Buggy"",""Personal Car""],""staff_accommodation"":""A maid's room"",""additional_amenities"":[""Spa & Gym"",""Children's Club"",""Social Lounge"",""Ladies Facilities"",""Picnic Areas"",""Beach Club"",""Restaurants"",""Cafes"",""Retail""],""travel_to_destination"":""Car""}",5+ yrs,Car,"[""Private Buggy"",""Personal Car""]"
a98caca3-d072-4d1d-9550-f197e39ff9c9,2026-09-12 13:48:29.603664+00,,35–44,Sri Lanka,Married,1,No,2028 – 2029,Both,Apartment,2BR,700k–1.5M SAR,"[""Balconies & Terraces"",""Sea Views"",""Privacy""]",,"[""Installed Kitchen"",""Kitchen Appliances"",""Private Pool""]","[""Sage""]","[""Padel"",""Football"",""Water sports""]","[""Spa & Gym"",""Beach Club"",""Restaurants"",""Retail""]",Depends on fees & flexibility,"{""age"":""35–44"",""unit_size"":""2BR"",""nationality"":""Sri Lanka"",""price_range"":""700k–1.5M SAR"",""payment_plan"":""3–5 years"",""home_features"":[""Balconies & Terraces"",""Sea Views"",""Privacy""],""property_type"":""Apartment"",""social_status"":""Married"",""timing_to_buy"":""2028 – 2029"",""managed_rental"":""Depends on fees & flexibility"",""no_of_children"":""1"",""primary_reason"":""Both"",""exterior_colour"":[""Sage""],""has_second_home"":""No"",""sport_amenities"":[""Padel"",""Football"",""Water sports""],""premium_features"":[""Installed Kitchen"",""Kitchen Appliances"",""Private Pool""],""community_mobility"":[""Walking"",""Personal Car""],""staff_accommodation"":null,""additional_amenities"":[""Spa & Gym"",""Beach Club"",""Restaurants"",""Retail""],""travel_to_destination"":""Car""}",3–5 years,Car,"[""Walking"",""Personal Car""]"
aa0af1eb-023d-4775-bcba-0320b792ed7b,2026-09-13 12:26:41.272486+00,,25–34,Saudi Arabia,Single,0,No,2028 – 2029,Family holidays,Townhouse,3BR,1.5M–3M SAR,"[""Balconies & Terraces"",""Sea Views"",""Outdoor Space""]",A maid's room,"[""Private Pool""]","[""Blue""]","[""Padel"",""Volleyball"",""Water sports""]","[""Spa & Gym"",""Children's Club"",""Social Lounge"",""Beach Club"",""Restaurants"",""Retail""]",Depends on return,"{""age"":""25–34"",""unit_size"":""3BR"",""nationality"":""Saudi Arabia"",""price_range"":""1.5M–3M SAR"",""payment_plan"":""5+ yrs"",""home_features"":[""Balconies & Terraces"",""Sea Views"",""Outdoor Space""],""property_type"":""Townhouse"",""social_status"":""Single"",""timing_to_buy"":""2028 – 2029"",""managed_rental"":""Depends on return"",""no_of_children"":""0"",""primary_reason"":""Family holidays"",""exterior_colour"":[""Blue""],""has_second_home"":""No"",""sport_amenities"":[""Padel"",""Volleyball"",""Water sports""],""premium_features"":[""Private Pool""],""community_mobility"":[""Walking""],""staff_accommodation"":""A maid's room"",""additional_amenities"":[""Spa & Gym"",""Children's Club"",""Social Lounge"",""Beach Club"",""Restaurants"",""Retail""],""travel_to_destination"":""Air""}",5+ yrs,Air,"[""Walking""]"
aabc5bd9-35c9-4aa7-a0de-fab5a491fdc5,2026-09-09 13:08:41.215687+00,,35–44,United Kingdom,Married,1,Self-owned,2026 – 2027,Investment,Apartment,2BR,700k–1.5M SAR,"[""Outdoor Space"",""Sea Views"",""Balconies & Terraces""]",,"[""Private Pool"",""Installed Kitchen""]","[""Sand""]","[""Water sports""]","[""Spa & Gym"",""Restaurants"",""Cafes"",""Retail"",""Beach Club"",""Picnic Areas"",""Children's Club""]",Depends on return,"{""age"":""35–44"",""unit_size"":""2BR"",""nationality"":""United Kingdom"",""price_range"":""700k–1.5M SAR"",""payment_plan"":""3–5 years"",""home_features"":[""Outdoor Space"",""Sea Views"",""Balconies & Terraces""],""property_type"":""Apartment"",""social_status"":""Married"",""timing_to_buy"":""2026 – 2027"",""managed_rental"":""Depends on return"",""no_of_children"":""1"",""primary_reason"":""Investment"",""exterior_colour"":[""Sand""],""has_second_home"":""Self-owned"",""sport_amenities"":[""Water sports""],""premium_features"":[""Private Pool"",""Installed Kitchen""],""community_mobility"":[""Cycling"",""Walking""],""staff_accommodation"":null,""additional_amenities"":[""Spa & Gym"",""Restaurants"",""Cafes"",""Retail"",""Beach Club"",""Picnic Areas"",""Children's Club""],""travel_to_destination"":""Car""}",3–5 years,Car,"[""Cycling"",""Walking""]"
aad1223b-69e7-4deb-90df-3b95f4d2ed6c,2026-09-09 13:15:16.476678+00,,35–44,Saudi Arabia,Married,2,Self-owned,2026 – 2027,Both,Beach Villa,4BR,1.5M–3M SAR,"[""Outdoor Space"",""Privacy"",""Sea Views""]",A maid's room,"[""Installed Kitchen"",""Kitchen Appliances"",""Built-in Wardrobes"",""Private Pool""]","[""Sand""]","[""Padel"",""Basketball"",""Water sports""]","[""Ladies Facilities"",""Spa & Gym"",""Cafes"",""Retail"",""Picnic Areas""]",Depends on fees & flexibility,"{""age"":""35–44"",""unit_size"":""4BR"",""nationality"":""Saudi Arabia"",""price_range"":""1.5M–3M SAR"",""payment_plan"":""5+ yrs"",""home_features"":[""Outdoor Space"",""Privacy"",""Sea Views""],""property_type"":""Beach Villa"",""social_status"":""Married"",""timing_to_buy"":""2026 – 2027"",""managed_rental"":""Depends on fees & flexibility"",""no_of_children"":""2"",""primary_reason"":""Both"",""exterior_colour"":[""Sand""],""has_second_home"":""Self-owned"",""sport_amenities"":[""Padel"",""Basketball"",""Water sports""],""premium_features"":[""Installed Kitchen"",""Kitchen Appliances"",""Built-in Wardrobes"",""Private Pool""],""community_mobility"":[""Private Buggy""],""staff_accommodation"":""A maid's room"",""additional_amenities"":[""Ladies Facilities"",""Spa & Gym"",""Cafes"",""Retail"",""Picnic Areas""],""travel_to_destination"":""Air""}",5+ yrs,Air,"[""Private Buggy""]"
ab5a9910-71f8-4970-930c-229c239ec8e5,2026-09-13 07:51:38.462738+00,,45–54,India,Married,0,Self-owned,2028 – 2029,Investment,Apartment,2BR,700k–1.5M SAR,"[""Balconies & Terraces"",""Sea Views"",""Privacy""]",,"[""Installed Kitchen"",""Built-in Wardrobes""]","[""Sand""]","[""Padel"",""Basketball"",""Tennis""]","[""Restaurants"",""Cafes"",""Spa & Gym""]",Yes,"{""age"":""45–54"",""unit_size"":""2BR"",""nationality"":""India"",""price_range"":""700k–1.5M SAR"",""payment_plan"":""5+ yrs"",""home_features"":[""Balconies & Terraces"",""Sea Views"",""Privacy""],""property_type"":""Apartment"",""social_status"":""Married"",""timing_to_buy"":""2028 – 2029"",""managed_rental"":""Yes"",""no_of_children"":""0"",""primary_reason"":""Investment"",""exterior_colour"":[""Sand""],""has_second_home"":""Self-owned"",""sport_amenities"":[""Padel"",""Basketball"",""Tennis""],""premium_features"":[""Installed Kitchen"",""Built-in Wardrobes""],""community_mobility"":[""Shared Buggy / Community Shuttle"",""Walking"",""Personal Car""],""staff_accommodation"":null,""additional_amenities"":[""Restaurants"",""Cafes"",""Spa & Gym""],""travel_to_destination"":""Air""}",5+ yrs,Air,"[""Shared Buggy / Community Shuttle"",""Walking"",""Personal Car""]"
ab5b97d2-c873-4c56-815b-3389cf677d96,2026-09-11 15:38:24.620582+00,,45–54,Saudi Arabia,Married,2,Family-owned,2028 – 2029,Family holidays,Apartment,3BR,700k–1.5M SAR,"[""Sea Views"",""Outdoor Space"",""Park Views""]",,"[""Private Pool"",""Installed Kitchen"",""Built-in Wardrobes"",""Kitchen Appliances""]","[""Blue""]","[""Volleyball"",""Padel"",""Water sports""]","[""Spa & Gym"",""Children's Club"",""Social Lounge"",""Ladies Facilities"",""Beach Club"",""Cafes"",""Retail"",""Restaurants"",""Picnic Areas""]",Yes,"{""age"":""45–54"",""unit_size"":""3BR"",""nationality"":""Saudi Arabia"",""price_range"":""700k–1.5M SAR"",""payment_plan"":""5+ yrs"",""home_features"":[""Sea Views"",""Outdoor Space"",""Park Views""],""property_type"":""Apartment"",""social_status"":""Married"",""timing_to_buy"":""2028 – 2029"",""managed_rental"":""Yes"",""no_of_children"":""2"",""primary_reason"":""Family holidays"",""exterior_colour"":[""Blue""],""has_second_home"":""Family-owned"",""sport_amenities"":[""Volleyball"",""Padel"",""Water sports""],""premium_features"":[""Private Pool"",""Installed Kitchen"",""Built-in Wardrobes"",""Kitchen Appliances""],""community_mobility"":[""Private Buggy""],""staff_accommodation"":null,""additional_amenities"":[""Spa & Gym"",""Children's Club"",""Social Lounge"",""Ladies Facilities"",""Beach Club"",""Cafes"",""Retail"",""Restaurants"",""Picnic Areas""],""travel_to_destination"":""Air""}",5+ yrs,Air,"[""Private Buggy""]"
abb94603-f8bf-4ed5-86ad-dd74af54af48,2026-09-10 04:27:23.949763+00,,35–44,United Kingdom,Married,0,Self-owned,2028 – 2029,Family holidays,No preference,2BR,700k–1.5M SAR,"[""Outdoor Space"",""Balconies & Terraces"",""Sea Views""]",Not required,"[""Installed Kitchen"",""Built-in Wardrobes""]","[""Rose""]","[""Water sports"",""Other: Skatepark""]","[""Picnic Areas"",""Cafes""]",Depends on fees & flexibility,"{""age"":""35–44"",""unit_size"":""2BR"",""nationality"":""United Kingdom"",""price_range"":""700k–1.5M SAR"",""payment_plan"":""5+ yrs"",""home_features"":[""Outdoor Space"",""Balconies & Terraces"",""Sea Views""],""property_type"":""No preference"",""social_status"":""Married"",""timing_to_buy"":""2028 – 2029"",""managed_rental"":""Depends on fees & flexibility"",""no_of_children"":""0"",""primary_reason"":""Family holidays"",""exterior_colour"":[""Rose""],""has_second_home"":""Self-owned"",""sport_amenities"":[""Water sports"",""Other: Skatepark""],""premium_features"":[""Installed Kitchen"",""Built-in Wardrobes""],""community_mobility"":[""Cycling"",""Walking""],""staff_accommodation"":""Not required"",""additional_amenities"":[""Picnic Areas"",""Cafes""],""travel_to_destination"":""Car""}",5+ yrs,Car,"[""Cycling"",""Walking""]"
abe0015f-718a-4b90-b21d-be213c96c994,2026-09-09 13:38:52.055604+00,,45–54,Lebanon,Married,2,Self-owned,2028 – 2029,Investment,Townhouse,3BR,1.5M–3M SAR,"[""Outdoor Space"",""Sea Views"",""Park Views""]",A maid's room,"[""Private Pool""]","[""Sand"",""Other: mexican teracotta""]","[""Padel"",""Basketball"",""Water sports""]","[""Spa & Gym"",""Children's Club"",""Social Lounge"",""Picnic Areas"",""Beach Club"",""Restaurants"",""Retail"",""Cafes"",""Ladies Facilities""]",Yes,"{""age"":""45–54"",""unit_size"":""3BR"",""nationality"":""Lebanon"",""price_range"":""1.5M–3M SAR"",""payment_plan"":""5+ yrs"",""home_features"":[""Outdoor Space"",""Sea Views"",""Park Views""],""property_type"":""Townhouse"",""social_status"":""Married"",""timing_to_buy"":""2028 – 2029"",""managed_rental"":""Yes"",""no_of_children"":""2"",""primary_reason"":""Investment"",""exterior_colour"":[""Sand"",""Other: mexican teracotta""],""has_second_home"":""Self-owned"",""sport_amenities"":[""Padel"",""Basketball"",""Water sports""],""premium_features"":[""Private Pool""],""community_mobility"":[""Cycling"",""Walking"",""Shared Buggy / Community Shuttle""],""staff_accommodation"":""A maid's room"",""additional_amenities"":[""Spa & Gym"",""Children's Club"",""Social Lounge"",""Picnic Areas"",""Beach Club"",""Restaurants"",""Retail"",""Cafes"",""Ladies Facilities""],""travel_to_destination"":""Air""}",5+ yrs,Air,"[""Cycling"",""Walking"",""Shared Buggy / Community Shuttle""]"
abedca84-16ed-42b9-812a-4e4b62b5977a,2026-09-09 14:02:35.394701+00,,35–44,South Africa,Married,1,Self-owned,2028 – 2029,Both,Beach Villa,4BR,3M–6M SAR,"[""Outdoor Space"",""Balconies & Terraces"",""Sea Views""]",Not required,"[""Installed Kitchen""]","[""Rose""]","[""Water sports"",""Tennis"",""Padel""]","[""Spa & Gym"",""Children's Club"",""Beach Club"",""Restaurants"",""Cafes""]",Depends on fees & flexibility,"{""age"":""35–44"",""unit_size"":""4BR"",""nationality"":""South Africa"",""price_range"":""3M–6M SAR"",""payment_plan"":""5+ yrs"",""home_features"":[""Outdoor Space"",""Balconies & Terraces"",""Sea Views""],""property_type"":""Beach Villa"",""social_status"":""Married"",""timing_to_buy"":""2028 – 2029"",""managed_rental"":""Depends on fees & flexibility"",""no_of_children"":""1"",""primary_reason"":""Both"",""exterior_colour"":[""Rose""],""has_second_home"":""Self-owned"",""sport_amenities"":[""Water sports"",""Tennis"",""Padel""],""premium_features"":[""Installed Kitchen""],""community_mobility"":[""Cycling"",""Private Buggy"",""Shared Buggy / Community Shuttle""],""staff_accommodation"":""Not required"",""additional_amenities"":[""Spa & Gym"",""Children's Club"",""Beach Club"",""Restaurants"",""Cafes""],""travel_to_destination"":""Car""}",5+ yrs,Car,"[""Cycling"",""Private Buggy"",""Shared Buggy / Community Shuttle""]"
ac1831ed-5ffb-413e-90fc-131d219e97ee,2026-09-09 13:12:16.43468+00,,25–34,Saudi Arabia,Married,0,No,2030 onwards,Investment,Townhouse,3BR,700k–1.5M SAR,"[""Balconies & Terraces"",""Outdoor Space"",""Sea Views""]",Not required,"[""Installed Kitchen"",""Kitchen Appliances""]","[""Sage""]","[""Football"",""Water sports"",""Padel""]","[""Spa & Gym"",""Beach Club"",""Restaurants"",""Children's Club"",""Social Lounge""]",Depends on fees & flexibility,"{""age"":""25–34"",""unit_size"":""3BR"",""nationality"":""Saudi Arabia"",""price_range"":""700k–1.5M SAR"",""payment_plan"":""3–5 years"",""home_features"":[""Balconies & Terraces"",""Outdoor Space"",""Sea Views""],""property_type"":""Townhouse"",""social_status"":""Married"",""timing_to_buy"":""2030 onwards"",""managed_rental"":""Depends on fees & flexibility"",""no_of_children"":""0"",""primary_reason"":""Investment"",""exterior_colour"":[""Sage""],""has_second_home"":""No"",""sport_amenities"":[""Football"",""Water sports"",""Padel""],""premium_features"":[""Installed Kitchen"",""Kitchen Appliances""],""community_mobility"":[""Cycling"",""Private Buggy""],""staff_accommodation"":""Not required"",""additional_amenities"":[""Spa & Gym"",""Beach Club"",""Restaurants"",""Children's Club"",""Social Lounge""],""travel_to_destination"":""Car""}",3–5 years,Car,"[""Cycling"",""Private Buggy""]"
ac75ab49-c69f-4db9-a468-cb8a45faa3aa,2026-09-09 15:53:09.842472+00,,45–54,South Africa,Married,3,No,2030 onwards,Investment,Apartment,2BR,700k–1.5M SAR,"[""Sea Views"",""Privacy"",""Outdoor Space""]",,"[""Private Pool""]","[""Sand""]","[""Padel"",""Water sports""]","[""Spa & Gym"",""Beach Club"",""Picnic Areas"",""Restaurants"",""Children's Club""]",Depends on return,"{""age"":""45–54"",""unit_size"":""2BR"",""nationality"":""South Africa"",""price_range"":""700k–1.5M SAR"",""payment_plan"":""5+ yrs"",""home_features"":[""Sea Views"",""Privacy"",""Outdoor Space""],""property_type"":""Apartment"",""social_status"":""Married"",""timing_to_buy"":""2030 onwards"",""managed_rental"":""Depends on return"",""no_of_children"":""3"",""primary_reason"":""Investment"",""exterior_colour"":[""Sand""],""has_second_home"":""No"",""sport_amenities"":[""Padel"",""Water sports""],""premium_features"":[""Private Pool""],""community_mobility"":[""Cycling"",""Walking"",""Private Buggy"",""Personal Car""],""staff_accommodation"":null,""additional_amenities"":[""Spa & Gym"",""Beach Club"",""Picnic Areas"",""Restaurants"",""Children's Club""],""travel_to_destination"":""Air""}",5+ yrs,Air,"[""Cycling"",""Walking"",""Private Buggy"",""Personal Car""]"
ac75ac6e-9972-413d-b350-3cf219800a05,2026-09-10 08:10:32.143381+00,,55–64,Ireland,Single,2,Self-owned,2028 – 2029,Both,Villa,2BR,700k–1.5M SAR,"[""Privacy"",""Outdoor Space"",""Balconies & Terraces""]",Not required,"[""Installed Kitchen""]","[""Sand""]","[""Padel"",""Volleyball"",""Tennis""]","[""Spa & Gym"",""Retail"",""Cafes"",""Restaurants""]",Depends on return,"{""age"":""55–64"",""unit_size"":""2BR"",""nationality"":""Ireland"",""price_range"":""700k–1.5M SAR"",""payment_plan"":""3–5 years"",""home_features"":[""Privacy"",""Outdoor Space"",""Balconies & Terraces""],""property_type"":""Villa"",""social_status"":""Single"",""timing_to_buy"":""2028 – 2029"",""managed_rental"":""Depends on return"",""no_of_children"":""2"",""primary_reason"":""Both"",""exterior_colour"":[""Sand""],""has_second_home"":""Self-owned"",""sport_amenities"":[""Padel"",""Volleyball"",""Tennis""],""premium_features"":[""Installed Kitchen""],""community_mobility"":[""Walking""],""staff_accommodation"":""Not required"",""additional_amenities"":[""Spa & Gym"",""Retail"",""Cafes"",""Restaurants""],""travel_to_destination"":""Car""}",3–5 years,Car,"[""Walking""]"
ace56fa1-d46a-421a-868a-dded23872d48,2026-09-09 13:35:52.014727+00,,25–34,Saudi Arabia,Married,0,Family-owned,2028 – 2029,Family holidays,Villa,2BR,700k–1.5M SAR,"[""Balconies & Terraces"",""Sea Views"",""Privacy""]",Not required,"[""Kitchen Appliances""]","[""Blue""]","[""Padel"",""Water sports"",""Football""]","[""Ladies Facilities"",""Restaurants"",""Children's Club"",""Beach Club"",""Picnic Areas"",""Spa & Gym""]",No,"{""age"":""25–34"",""unit_size"":""2BR"",""nationality"":""Saudi Arabia"",""price_range"":""700k–1.5M SAR"",""payment_plan"":""3–5 years"",""home_features"":[""Balconies & Terraces"",""Sea Views"",""Privacy""],""property_type"":""Villa"",""social_status"":""Married"",""timing_to_buy"":""2028 – 2029"",""managed_rental"":""No"",""no_of_children"":""0"",""primary_reason"":""Family holidays"",""exterior_colour"":[""Blue""],""has_second_home"":""Family-owned"",""sport_amenities"":[""Padel"",""Water sports"",""Football""],""premium_features"":[""Kitchen Appliances""],""community_mobility"":[""Private Buggy""],""staff_accommodation"":""Not required"",""additional_amenities"":[""Ladies Facilities"",""Restaurants"",""Children's Club"",""Beach Club"",""Picnic Areas"",""Spa & Gym""],""travel_to_destination"":""Car""}",3–5 years,Car,"[""Private Buggy""]"
acfa292b-1211-41e5-8a95-f179d25b1018,2026-09-10 07:12:12.754594+00,,35–44,United Kingdom,Married,2,Self-owned,2028 – 2029,Investment,Beach Villa,3BR,1.5M–3M SAR,"[""Balconies & Terraces"",""Sea Views"",""Privacy""]",Not required,"[""Private Pool"",""Built-in Wardrobes""]","[""Sand""]","[""Padel"",""Water sports""]","[""Spa & Gym"",""Children's Club"",""Beach Club"",""Restaurants"",""Cafes"",""Retail""]",Depends on fees & flexibility,"{""age"":""35–44"",""unit_size"":""3BR"",""nationality"":""United Kingdom"",""price_range"":""1.5M–3M SAR"",""payment_plan"":""1–2 years"",""home_features"":[""Balconies & Terraces"",""Sea Views"",""Privacy""],""property_type"":""Beach Villa"",""social_status"":""Married"",""timing_to_buy"":""2028 – 2029"",""managed_rental"":""Depends on fees & flexibility"",""no_of_children"":""2"",""primary_reason"":""Investment"",""exterior_colour"":[""Sand""],""has_second_home"":""Self-owned"",""sport_amenities"":[""Padel"",""Water sports""],""premium_features"":[""Private Pool"",""Built-in Wardrobes""],""community_mobility"":[""Walking"",""Cycling"",""Shared Buggy / Community Shuttle""],""staff_accommodation"":""Not required"",""additional_amenities"":[""Spa & Gym"",""Children's Club"",""Beach Club"",""Restaurants"",""Cafes"",""Retail""],""travel_to_destination"":""Car""}",1–2 years,Car,"[""Walking"",""Cycling"",""Shared Buggy / Community Shuttle""]"
ad20d15b-04b5-4a05-89c9-837e1944cf96,2026-09-10 06:20:17.308011+00,,25–34,Saudi Arabia,Married,0,No,2030 onwards,Both,Apartment,2BR,700k–1.5M SAR,"[""Sea Views""]",,"[""Installed Kitchen"",""Private Pool""]","[""Sand""]","[""Padel"",""Tennis"",""Football""]","[""Spa & Gym"",""Children's Club"",""Picnic Areas"",""Restaurants""]",Depends on fees & flexibility,"{""age"":""25–34"",""unit_size"":""2BR"",""nationality"":""Saudi Arabia"",""price_range"":""700k–1.5M SAR"",""payment_plan"":""5+ yrs"",""home_features"":[""Sea Views""],""property_type"":""Apartment"",""social_status"":""Married"",""timing_to_buy"":""2030 onwards"",""managed_rental"":""Depends on fees & flexibility"",""no_of_children"":""0"",""primary_reason"":""Both"",""exterior_colour"":[""Sand""],""has_second_home"":""No"",""sport_amenities"":[""Padel"",""Tennis"",""Football""],""premium_features"":[""Installed Kitchen"",""Private Pool""],""community_mobility"":[""Cycling""],""staff_accommodation"":null,""additional_amenities"":[""Spa & Gym"",""Children's Club"",""Picnic Areas"",""Restaurants""],""travel_to_destination"":""Car""}",5+ yrs,Car,"[""Cycling""]"
ad5b3d73-2608-4379-9c96-911bdf543c43,2026-09-10 11:08:30.100156+00,,25–34,Saudi Arabia,Single,0,No,2028 – 2029,Both,Townhouse,3BR,700k–1.5M SAR,"[""Privacy"",""Sea Views"",""Outdoor Space""]",A maid's room,"[""Private Pool""]","[""Other: White them same as Greece""]","[""Volleyball"",""Water sports"",""Padel""]","[""Social Lounge"",""Beach Club"",""Restaurants"",""Spa & Gym"",""Ladies Facilities"",""Cafes""]",Depends on return,"{""age"":""25–34"",""unit_size"":""3BR"",""nationality"":""Saudi Arabia"",""price_range"":""700k–1.5M SAR"",""payment_plan"":""5+ yrs"",""home_features"":[""Privacy"",""Sea Views"",""Outdoor Space""],""property_type"":""Townhouse"",""social_status"":""Single"",""timing_to_buy"":""2028 – 2029"",""managed_rental"":""Depends on return"",""no_of_children"":""0"",""primary_reason"":""Both"",""exterior_colour"":[""Other: White them same as Greece""],""has_second_home"":""No"",""sport_amenities"":[""Volleyball"",""Water sports"",""Padel""],""premium_features"":[""Private Pool""],""community_mobility"":[""Shared Buggy / Community Shuttle"",""Walking"",""Private Buggy"",""Cycling"",""Personal Car""],""staff_accommodation"":""A maid's room"",""additional_amenities"":[""Social Lounge"",""Beach Club"",""Restaurants"",""Spa & Gym"",""Ladies Facilities"",""Cafes""],""travel_to_destination"":""Car""}",5+ yrs,Car,"[""Shared Buggy / Community Shuttle"",""Walking"",""Private Buggy"",""Cycling"",""Personal Car""]"
ad687ceb-6883-4412-bd14-a446abd4ce4f,2026-09-09 13:26:56.966581+00,,35–44,Philippines,Married,1,No,2030 onwards,Both,No preference,1BR,700k–1.5M SAR,"[""Outdoor Space""]",Not required,"[""Built-in Wardrobes"",""Installed Kitchen""]","[""Sand"",""Blue"",""Rose"",""Sage""]","[""Padel"",""Basketball"",""Water sports""]","[""Spa & Gym"",""Children's Club"",""Picnic Areas"",""Retail"",""Cafes""]",Depends on fees & flexibility,"{""age"":""35–44"",""unit_size"":""1BR"",""nationality"":""Philippines"",""price_range"":""700k–1.5M SAR"",""payment_plan"":""5+ yrs"",""home_features"":[""Outdoor Space""],""property_type"":""No preference"",""social_status"":""Married"",""timing_to_buy"":""2030 onwards"",""managed_rental"":""Depends on fees & flexibility"",""no_of_children"":""1"",""primary_reason"":""Both"",""exterior_colour"":[""Sand"",""Blue"",""Rose"",""Sage""],""has_second_home"":""No"",""sport_amenities"":[""Padel"",""Basketball"",""Water sports""],""premium_features"":[""Built-in Wardrobes"",""Installed Kitchen""],""community_mobility"":[""Walking"",""Cycling"",""Private Buggy""],""staff_accommodation"":""Not required"",""additional_amenities"":[""Spa & Gym"",""Children's Club"",""Picnic Areas"",""Retail"",""Cafes""],""travel_to_destination"":""Air""}",5+ yrs,Air,"[""Walking"",""Cycling"",""Private Buggy""]"
ae7e9d97-2793-4115-921b-0a8dcd521392,2026-09-10 08:36:02.067977+00,,55–64,Denmark,Married,1,Self-owned,2028 – 2029,Investment,Apartment,2BR,700k–1.5M SAR,"[""Balconies & Terraces"",""Sea Views"",""Outdoor Space""]",,"[""Private Pool""]","[""Sand"",""Other: Coral beige""]","[""Other: Pilates equipment & mat studio, sauna, cold plunge, steam room, spin studio, cycling & walking trails""]","[""Beach Club"",""Retail"",""Ladies Facilities"",""Other: Beauty & hair salon""]",Depends on return,"{""age"":""55–64"",""unit_size"":""2BR"",""nationality"":""Denmark"",""price_range"":""700k–1.5M SAR"",""payment_plan"":""3–5 years"",""home_features"":[""Balconies & Terraces"",""Sea Views"",""Outdoor Space""],""property_type"":""Apartment"",""social_status"":""Married"",""timing_to_buy"":""2028 – 2029"",""managed_rental"":""Depends on return"",""no_of_children"":""1"",""primary_reason"":""Investment"",""exterior_colour"":[""Sand"",""Other: Coral beige""],""has_second_home"":""Self-owned"",""sport_amenities"":[""Other: Pilates equipment & mat studio, sauna, cold plunge, steam room, spin studio, cycling & walking trails""],""premium_features"":[""Private Pool""],""community_mobility"":[""Walking"",""Cycling""],""staff_accommodation"":null,""additional_amenities"":[""Beach Club"",""Retail"",""Ladies Facilities"",""Other: Beauty & hair salon""],""travel_to_destination"":""Air""}",3–5 years,Air,"[""Walking"",""Cycling""]"
af63b53f-6912-412c-8eb9-9ed899ea58eb,2026-09-09 13:37:33.795618+00,,45–54,Jordan,Married,4+,Family-owned,2028 – 2029,Family holidays,Apartment,3BR,700k–1.5M SAR,"[""Outdoor Space"",""Balconies & Terraces"",""Privacy""]",,"[""Installed Kitchen"",""Private Pool""]","[""Sand""]","[""Water sports""]","[""Children's Club"",""Ladies Facilities"",""Restaurants""]",Depends on fees & flexibility,"{""age"":""45–54"",""unit_size"":""3BR"",""nationality"":""Jordan"",""price_range"":""700k–1.5M SAR"",""payment_plan"":""5+ yrs"",""home_features"":[""Outdoor Space"",""Balconies & Terraces"",""Privacy""],""property_type"":""Apartment"",""social_status"":""Married"",""timing_to_buy"":""2028 – 2029"",""managed_rental"":""Depends on fees & flexibility"",""no_of_children"":""4+"",""primary_reason"":""Family holidays"",""exterior_colour"":[""Sand""],""has_second_home"":""Family-owned"",""sport_amenities"":[""Water sports""],""premium_features"":[""Installed Kitchen"",""Private Pool""],""community_mobility"":[""Shared Buggy / Community Shuttle""],""staff_accommodation"":null,""additional_amenities"":[""Children's Club"",""Ladies Facilities"",""Restaurants""],""travel_to_destination"":""Car""}",5+ yrs,Car,"[""Shared Buggy / Community Shuttle""]"
b00626d0-04cf-4549-a89a-de064f30dfd0,2026-09-09 13:09:02.248651+00,,45–54,Philippines,Married,3,Family-owned,2028 – 2029,Both,Beach Villa,2BR,700k–1.5M SAR,"[""Outdoor Space"",""Balconies & Terraces"",""Sea Views""]",Not required,"[""Built-in Wardrobes"",""Installed Kitchen""]","[""Sand""]","[""Basketball""]","[""Spa & Gym"",""Children's Club"",""Picnic Areas""]",Yes,"{""age"":""45–54"",""unit_size"":""2BR"",""nationality"":""Philippines"",""price_range"":""700k–1.5M SAR"",""payment_plan"":""3–5 years"",""home_features"":[""Outdoor Space"",""Balconies & Terraces"",""Sea Views""],""property_type"":""Beach Villa"",""social_status"":""Married"",""timing_to_buy"":""2028 – 2029"",""managed_rental"":""Yes"",""no_of_children"":""3"",""primary_reason"":""Both"",""exterior_colour"":[""Sand""],""has_second_home"":""Family-owned"",""sport_amenities"":[""Basketball""],""premium_features"":[""Built-in Wardrobes"",""Installed Kitchen""],""community_mobility"":[""Walking"",""Cycling""],""staff_accommodation"":""Not required"",""additional_amenities"":[""Spa & Gym"",""Children's Club"",""Picnic Areas""],""travel_to_destination"":""Car""}",3–5 years,Car,"[""Walking"",""Cycling""]"
b02bb2da-ed8f-4986-94ea-5a0d9b46f593,2026-09-10 05:37:56.570745+00,,45–54,India,Married,2,No,2030 onwards,Both,Townhouse,3BR,1.5M–3M SAR,"[""Outdoor Space"",""Balconies & Terraces"",""Park Views""]",Not required,"[""Installed Kitchen"",""Built-in Wardrobes""]","[""Sand""]","[""Padel""]","[""Spa & Gym"",""Restaurants"",""Picnic Areas"",""Social Lounge"",""Ladies Facilities""]",Depends on return,"{""age"":""45–54"",""unit_size"":""3BR"",""nationality"":""India"",""price_range"":""1.5M–3M SAR"",""payment_plan"":""5+ yrs"",""home_features"":[""Outdoor Space"",""Balconies & Terraces"",""Park Views""],""property_type"":""Townhouse"",""social_status"":""Married"",""timing_to_buy"":""2030 onwards"",""managed_rental"":""Depends on return"",""no_of_children"":""2"",""primary_reason"":""Both"",""exterior_colour"":[""Sand""],""has_second_home"":""No"",""sport_amenities"":[""Padel""],""premium_features"":[""Installed Kitchen"",""Built-in Wardrobes""],""community_mobility"":[""Walking"",""Cycling""],""staff_accommodation"":""Not required"",""additional_amenities"":[""Spa & Gym"",""Restaurants"",""Picnic Areas"",""Social Lounge"",""Ladies Facilities""],""travel_to_destination"":""Car""}",5+ yrs,Car,"[""Walking"",""Cycling""]"
b03017c0-9c89-46a9-bec6-7eeb3378a5c8,2026-09-10 06:25:25.093977+00,,45–54,Australia,Married,1,Family-owned,2030 onwards,Investment,Apartment,2BR,700k–1.5M SAR,"[""Balconies & Terraces"",""Privacy""]",,"[""Installed Kitchen"",""Built-in Wardrobes"",""Kitchen Appliances""]","[""Blue""]","[""Basketball"",""Tennis"",""Football""]","[""Social Lounge"",""Picnic Areas"",""Restaurants"",""Retail"",""Spa & Gym"",""Children's Club""]",Depends on fees & flexibility,"{""age"":""45–54"",""unit_size"":""2BR"",""nationality"":""Australia"",""price_range"":""700k–1.5M SAR"",""payment_plan"":""3–5 years"",""home_features"":[""Balconies & Terraces"",""Privacy""],""property_type"":""Apartment"",""social_status"":""Married"",""timing_to_buy"":""2030 onwards"",""managed_rental"":""Depends on fees & flexibility"",""no_of_children"":""1"",""primary_reason"":""Investment"",""exterior_colour"":[""Blue""],""has_second_home"":""Family-owned"",""sport_amenities"":[""Basketball"",""Tennis"",""Football""],""premium_features"":[""Installed Kitchen"",""Built-in Wardrobes"",""Kitchen Appliances""],""community_mobility"":[""Cycling"",""Walking""],""staff_accommodation"":null,""additional_amenities"":[""Social Lounge"",""Picnic Areas"",""Restaurants"",""Retail"",""Spa & Gym"",""Children's Club""],""travel_to_destination"":""Air""}",3–5 years,Air,"[""Cycling"",""Walking""]"
b031e32a-8d7a-4235-b550-7d2ad29c2dce,2026-09-09 14:45:26.672873+00,,25–34,Saudi Arabia,Single,0,Family-owned,2030 onwards,Both,Beach Villa,2BR,1.5M–3M SAR,"[""Sea Views"",""Privacy""]",A maid's room,"[""Private Pool"",""Built-in Wardrobes"",""Installed Kitchen""]","[""Sage""]","[""Tennis"",""Water sports""]","[""Spa & Gym"",""Children's Club"",""Ladies Facilities"",""Picnic Areas"",""Beach Club"",""Cafes"",""Restaurants"",""Retail""]",Depends on fees & flexibility,"{""age"":""25–34"",""unit_size"":""2BR"",""nationality"":""Saudi Arabia"",""price_range"":""1.5M–3M SAR"",""payment_plan"":""3–5 years"",""home_features"":[""Sea Views"",""Privacy""],""property_type"":""Beach Villa"",""social_status"":""Single"",""timing_to_buy"":""2030 onwards"",""managed_rental"":""Depends on fees & flexibility"",""no_of_children"":""0"",""primary_reason"":""Both"",""exterior_colour"":[""Sage""],""has_second_home"":""Family-owned"",""sport_amenities"":[""Tennis"",""Water sports""],""premium_features"":[""Private Pool"",""Built-in Wardrobes"",""Installed Kitchen""],""community_mobility"":[""Private Buggy"",""Walking""],""staff_accommodation"":""A maid's room"",""additional_amenities"":[""Spa & Gym"",""Children's Club"",""Ladies Facilities"",""Picnic Areas"",""Beach Club"",""Cafes"",""Restaurants"",""Retail""],""travel_to_destination"":""Air""}",3–5 years,Air,"[""Private Buggy"",""Walking""]"
b05245fe-cb5f-4d21-a7f5-03cdf7c4dad8,2026-09-10 03:41:58.523543+00,,55–64,United Kingdom,Married,0,Family-owned,2028 – 2029,Both,Beach Villa,3BR,1.5M–3M SAR,"[""Outdoor Space"",""Sea Views"",""Privacy""]",Not required,"[""Installed Kitchen"",""Built-in Wardrobes""]","[""Sand""]","[""Padel"",""Tennis"",""Water sports""]","[""Spa & Gym"",""Ladies Facilities"",""Beach Club""]",Depends on fees & flexibility,"{""age"":""55–64"",""unit_size"":""3BR"",""nationality"":""United Kingdom"",""price_range"":""1.5M–3M SAR"",""payment_plan"":""5+ yrs"",""home_features"":[""Outdoor Space"",""Sea Views"",""Privacy""],""property_type"":""Beach Villa"",""social_status"":""Married"",""timing_to_buy"":""2028 – 2029"",""managed_rental"":""Depends on fees & flexibility"",""no_of_children"":""0"",""primary_reason"":""Both"",""exterior_colour"":[""Sand""],""has_second_home"":""Family-owned"",""sport_amenities"":[""Padel"",""Tennis"",""Water sports""],""premium_features"":[""Installed Kitchen"",""Built-in Wardrobes""],""community_mobility"":[""Walking"",""Cycling""],""staff_accommodation"":""Not required"",""additional_amenities"":[""Spa & Gym"",""Ladies Facilities"",""Beach Club""],""travel_to_destination"":""Air""}",5+ yrs,Air,"[""Walking"",""Cycling""]"
b09ad063-e9cd-42cb-a606-0716b0ab296b,2026-09-10 08:33:20.172583+00,,45–54,Philippines,Married,2,Self-owned,2028 – 2029,Both,Villa,3BR,700k–1.5M SAR,"[""Outdoor Space"",""Sea Views"",""Privacy""]",Not required,"[""Installed Kitchen"",""Built-in Wardrobes"",""Kitchen Appliances"",""Private Pool""]","[""Sand""]","[""Basketball""]","[""Spa & Gym"",""Beach Club"",""Restaurants"",""Cafes""]",Depends on fees & flexibility,"{""age"":""45–54"",""unit_size"":""3BR"",""nationality"":""Philippines"",""price_range"":""700k–1.5M SAR"",""payment_plan"":""3–5 years"",""home_features"":[""Outdoor Space"",""Sea Views"",""Privacy""],""property_type"":""Villa"",""social_status"":""Married"",""timing_to_buy"":""2028 – 2029"",""managed_rental"":""Depends on fees & flexibility"",""no_of_children"":""2"",""primary_reason"":""Both"",""exterior_colour"":[""Sand""],""has_second_home"":""Self-owned"",""sport_amenities"":[""Basketball""],""premium_features"":[""Installed Kitchen"",""Built-in Wardrobes"",""Kitchen Appliances"",""Private Pool""],""community_mobility"":[""Walking"",""Cycling""],""staff_accommodation"":""Not required"",""additional_amenities"":[""Spa & Gym"",""Beach Club"",""Restaurants"",""Cafes""],""travel_to_destination"":""Car""}",3–5 years,Car,"[""Walking"",""Cycling""]"
b28d940a-cca3-4cbd-886c-01783f5f514a,2026-09-09 13:23:06.056944+00,,35–44,India,Married,2,Self-owned,2030 onwards,Investment,Villa,2BR,700k–1.5M SAR,"[""Balconies & Terraces"",""Park Views""]",A maid's room,"[""Installed Kitchen"",""Kitchen Appliances"",""Built-in Wardrobes""]","[""Blue""]","[""Padel"",""Water sports""]","[""Spa & Gym"",""Children's Club"",""Beach Club"",""Picnic Areas"",""Ladies Facilities"",""Restaurants""]",Depends on fees & flexibility,"{""age"":""35–44"",""unit_size"":""2BR"",""nationality"":""India"",""price_range"":""700k–1.5M SAR"",""payment_plan"":""5+ yrs"",""home_features"":[""Balconies & Terraces"",""Park Views""],""property_type"":""Villa"",""social_status"":""Married"",""timing_to_buy"":""2030 onwards"",""managed_rental"":""Depends on fees & flexibility"",""no_of_children"":""2"",""primary_reason"":""Investment"",""exterior_colour"":[""Blue""],""has_second_home"":""Self-owned"",""sport_amenities"":[""Padel"",""Water sports""],""premium_features"":[""Installed Kitchen"",""Kitchen Appliances"",""Built-in Wardrobes""],""community_mobility"":[""Shared Buggy / Community Shuttle""],""staff_accommodation"":""A maid's room"",""additional_amenities"":[""Spa & Gym"",""Children's Club"",""Beach Club"",""Picnic Areas"",""Ladies Facilities"",""Restaurants""],""travel_to_destination"":""Car""}",5+ yrs,Car,"[""Shared Buggy / Community Shuttle""]"
b32d2d80-18b3-4cee-8d70-8a7d3ecd4d7f,2026-09-13 12:53:22.448656+00,,55–64,Bulgaria,Married,2,Self-owned,2028 – 2029,Investment,Apartment,2BR,700k–1.5M SAR,"[""Sea Views"",""Privacy"",""Outdoor Space""]",,"[""Installed Kitchen""]","[""Sand""]","[""Tennis""]","[""Spa & Gym"",""Beach Club"",""Restaurants"",""Cafes"",""Retail""]",Depends on fees & flexibility,"{""age"":""55–64"",""unit_size"":""2BR"",""nationality"":""Bulgaria"",""price_range"":""700k–1.5M SAR"",""payment_plan"":""3–5 years"",""home_features"":[""Sea Views"",""Privacy"",""Outdoor Space""],""property_type"":""Apartment"",""social_status"":""Married"",""timing_to_buy"":""2028 – 2029"",""managed_rental"":""Depends on fees & flexibility"",""no_of_children"":""2"",""primary_reason"":""Investment"",""exterior_colour"":[""Sand""],""has_second_home"":""Self-owned"",""sport_amenities"":[""Tennis""],""premium_features"":[""Installed Kitchen""],""community_mobility"":[""Walking""],""staff_accommodation"":null,""additional_amenities"":[""Spa & Gym"",""Beach Club"",""Restaurants"",""Cafes"",""Retail""],""travel_to_destination"":""Air""}",3–5 years,Air,"[""Walking""]"
b43b3ba1-d0b2-4748-b676-94c01afb6272,2026-09-10 05:19:33.855995+00,,25–34,Saudi Arabia,Married,0,No,2030 onwards,Both,Beach Villa,4BR,700k–1.5M SAR,"[""Sea Views"",""Balconies & Terraces"",""Outdoor Space""]",A maid's room,"[""Other: none""]","[""Other: neutral colors that reflects the old town and the environment""]","[""Volleyball"",""Water sports"",""Football""]","[""Children's Club"",""Spa & Gym"",""Ladies Facilities"",""Picnic Areas"",""Retail"",""Restaurants"",""Cafes""]",Depends on fees & flexibility,"{""age"":""25–34"",""unit_size"":""4BR"",""nationality"":""Saudi Arabia"",""price_range"":""700k–1.5M SAR"",""payment_plan"":""5+ yrs"",""home_features"":[""Sea Views"",""Balconies & Terraces"",""Outdoor Space""],""property_type"":""Beach Villa"",""social_status"":""Married"",""timing_to_buy"":""2030 onwards"",""managed_rental"":""Depends on fees & flexibility"",""no_of_children"":""0"",""primary_reason"":""Both"",""exterior_colour"":[""Other: neutral colors that reflects the old town and the environment""],""has_second_home"":""No"",""sport_amenities"":[""Volleyball"",""Water sports"",""Football""],""premium_features"":[""Other: none""],""community_mobility"":[""Walking"",""Cycling""],""staff_accommodation"":""A maid's room"",""additional_amenities"":[""Children's Club"",""Spa & Gym"",""Ladies Facilities"",""Picnic Areas"",""Retail"",""Restaurants"",""Cafes""],""travel_to_destination"":""Air""}",5+ yrs,Air,"[""Walking"",""Cycling""]"
b4958a59-22e3-4949-9c64-cac6a4397a0c,2026-09-09 14:23:26.094417+00,,55–64,United Kingdom,Married,2,Self-owned,2028 – 2029,Investment,No preference,2BR,1.5M–3M SAR,"[""Outdoor Space"",""Sea Views"",""Privacy""]",Not required,"[""Private Pool""]","[""Sage""]","[""Padel"",""Football"",""Tennis""]","[""Spa & Gym"",""Picnic Areas"",""Restaurants"",""Cafes"",""Retail"",""Other: School, hospital/ clinic, parks, cycle paths""]",No,"{""age"":""55–64"",""unit_size"":""2BR"",""nationality"":""United Kingdom"",""price_range"":""1.5M–3M SAR"",""payment_plan"":""Upfront cash in full"",""home_features"":[""Outdoor Space"",""Sea Views"",""Privacy""],""property_type"":""No preference"",""social_status"":""Married"",""timing_to_buy"":""2028 – 2029"",""managed_rental"":""No"",""no_of_children"":""2"",""primary_reason"":""Investment"",""exterior_colour"":[""Sage""],""has_second_home"":""Self-owned"",""sport_amenities"":[""Padel"",""Football"",""Tennis""],""premium_features"":[""Private Pool""],""community_mobility"":[""Walking"",""Cycling""],""staff_accommodation"":""Not required"",""additional_amenities"":[""Spa & Gym"",""Picnic Areas"",""Restaurants"",""Cafes"",""Retail"",""Other: School, hospital/ clinic, parks, cycle paths""],""travel_to_destination"":""Car""}",Upfront cash in full,Car,"[""Walking"",""Cycling""]"
b561d122-3c14-4f9f-837a-0ae05b124278,2026-09-13 08:15:36.345415+00,,25–34,Saudi Arabia,Single,0,Family-owned,2030 onwards,Family holidays,Beach Villa,4BR,700k–1.5M SAR,"[""Sea Views"",""Privacy"",""Outdoor Space""]",Not required,"[""Private Pool""]","[""Blue""]","[""Water sports"",""Padel"",""Tennis""]","[""Ladies Facilities"",""Restaurants"",""Cafes"",""Retail"",""Children's Club"",""Spa & Gym""]",Depends on return,"{""age"":""25–34"",""unit_size"":""4BR"",""nationality"":""Saudi Arabia"",""price_range"":""700k–1.5M SAR"",""payment_plan"":""1–2 years"",""home_features"":[""Sea Views"",""Privacy"",""Outdoor Space""],""property_type"":""Beach Villa"",""social_status"":""Single"",""timing_to_buy"":""2030 onwards"",""managed_rental"":""Depends on return"",""no_of_children"":""0"",""primary_reason"":""Family holidays"",""exterior_colour"":[""Blue""],""has_second_home"":""Family-owned"",""sport_amenities"":[""Water sports"",""Padel"",""Tennis""],""premium_features"":[""Private Pool""],""community_mobility"":[""Walking"",""Cycling"",""Shared Buggy / Community Shuttle""],""staff_accommodation"":""Not required"",""additional_amenities"":[""Ladies Facilities"",""Restaurants"",""Cafes"",""Retail"",""Children's Club"",""Spa & Gym""],""travel_to_destination"":""Air""}",1–2 years,Air,"[""Walking"",""Cycling"",""Shared Buggy / Community Shuttle""]"
b5636830-8b9f-4b28-94e7-88cc8e52a318,2026-09-09 14:25:38.817041+00,,25–34,Saudi Arabia,Married,2,Family-owned,2028 – 2029,Both,Beach Villa,3BR,1.5M–3M SAR,"[""Balconies & Terraces"",""Sea Views"",""Outdoor Space""]",A maid's room,"[""Installed Kitchen"",""Kitchen Appliances"",""Built-in Wardrobes""]","[""Sand""]","[""Padel"",""Other: Kids play area/ options""]","[""Spa & Gym"",""Children's Club"",""Ladies Facilities"",""Beach Club"",""Restaurants""]",Depends on fees & flexibility,"{""age"":""25–34"",""unit_size"":""3BR"",""nationality"":""Saudi Arabia"",""price_range"":""1.5M–3M SAR"",""payment_plan"":""5+ yrs"",""home_features"":[""Balconies & Terraces"",""Sea Views"",""Outdoor Space""],""property_type"":""Beach Villa"",""social_status"":""Married"",""timing_to_buy"":""2028 – 2029"",""managed_rental"":""Depends on fees & flexibility"",""no_of_children"":""2"",""primary_reason"":""Both"",""exterior_colour"":[""Sand""],""has_second_home"":""Family-owned"",""sport_amenities"":[""Padel"",""Other: Kids play area/ options""],""premium_features"":[""Installed Kitchen"",""Kitchen Appliances"",""Built-in Wardrobes""],""community_mobility"":[""Private Buggy"",""Shared Buggy / Community Shuttle""],""staff_accommodation"":""A maid's room"",""additional_amenities"":[""Spa & Gym"",""Children's Club"",""Ladies Facilities"",""Beach Club"",""Restaurants""],""travel_to_destination"":""Car""}",5+ yrs,Car,"[""Private Buggy"",""Shared Buggy / Community Shuttle""]"
b5fee79d-7a82-49c4-8608-17bc0a7055ad,2026-09-10 04:34:51.24423+00,,35–44,Egypt,Married,3,Self-owned,2028 – 2029,Investment,Apartment,2BR,700k–1.5M SAR,"[""Sea Views"",""Balconies & Terraces"",""Park Views""]",,"[""Private Pool"",""Built-in Wardrobes"",""Installed Kitchen""]","[""Blue"",""Sage""]","[""Padel"",""Water sports"",""Football""]","[""Spa & Gym"",""Children's Club"",""Picnic Areas""]",Depends on return,"{""age"":""35–44"",""unit_size"":""2BR"",""nationality"":""Egypt"",""price_range"":""700k–1.5M SAR"",""payment_plan"":""5+ yrs"",""home_features"":[""Sea Views"",""Balconies & Terraces"",""Park Views""],""property_type"":""Apartment"",""social_status"":""Married"",""timing_to_buy"":""2028 – 2029"",""managed_rental"":""Depends on return"",""no_of_children"":""3"",""primary_reason"":""Investment"",""exterior_colour"":[""Blue"",""Sage""],""has_second_home"":""Self-owned"",""sport_amenities"":[""Padel"",""Water sports"",""Football""],""premium_features"":[""Private Pool"",""Built-in Wardrobes"",""Installed Kitchen""],""community_mobility"":[""Shared Buggy / Community Shuttle"",""Walking""],""staff_accommodation"":null,""additional_amenities"":[""Spa & Gym"",""Children's Club"",""Picnic Areas""],""travel_to_destination"":""Car""}",5+ yrs,Car,"[""Shared Buggy / Community Shuttle"",""Walking""]"
b6483365-b584-4ba5-9869-eef0ede6ce44,2026-09-10 05:48:18.06931+00,,25–34,Saudi Arabia,Married,0,Family-owned,2028 – 2029,Both,Beach Villa,2BR,700k–1.5M SAR,"[""Privacy"",""Sea Views"",""Balconies & Terraces""]",A maid's room,"[""Private Pool""]","[""Sand"",""Other: Light Biege""]","[""Padel"",""Football""]","[""Spa & Gym"",""Ladies Facilities"",""Restaurants"",""Cafes""]",Depends on return,"{""age"":""25–34"",""unit_size"":""2BR"",""nationality"":""Saudi Arabia"",""price_range"":""700k–1.5M SAR"",""payment_plan"":""5+ yrs"",""home_features"":[""Privacy"",""Sea Views"",""Balconies & Terraces""],""property_type"":""Beach Villa"",""social_status"":""Married"",""timing_to_buy"":""2028 – 2029"",""managed_rental"":""Depends on return"",""no_of_children"":""0"",""primary_reason"":""Both"",""exterior_colour"":[""Sand"",""Other: Light Biege""],""has_second_home"":""Family-owned"",""sport_amenities"":[""Padel"",""Football""],""premium_features"":[""Private Pool""],""community_mobility"":[""Private Buggy"",""Personal Car""],""staff_accommodation"":""A maid's room"",""additional_amenities"":[""Spa & Gym"",""Ladies Facilities"",""Restaurants"",""Cafes""],""travel_to_destination"":""Air""}",5+ yrs,Air,"[""Private Buggy"",""Personal Car""]"
b68a38f6-fffc-4739-abeb-0e1c4aaea5f0,2026-09-10 05:58:05.544726+00,,55–64,Pakistan,Married,1,Self-owned,2026 – 2027,Investment,No preference,2BR,700k–1.5M SAR,"[""Outdoor Space"",""Balconies & Terraces"",""Sea Views""]",Both,"[""Built-in Wardrobes""]","[""Sand""]","[""Water sports"",""Volleyball""]","[""Children's Club"",""Ladies Facilities"",""Restaurants"",""Cafes"",""Retail""]",Yes,"{""age"":""55–64"",""unit_size"":""2BR"",""nationality"":""Pakistan"",""price_range"":""700k–1.5M SAR"",""payment_plan"":""1–2 years"",""home_features"":[""Outdoor Space"",""Balconies & Terraces"",""Sea Views""],""property_type"":""No preference"",""social_status"":""Married"",""timing_to_buy"":""2026 – 2027"",""managed_rental"":""Yes"",""no_of_children"":""1"",""primary_reason"":""Investment"",""exterior_colour"":[""Sand""],""has_second_home"":""Self-owned"",""sport_amenities"":[""Water sports"",""Volleyball""],""premium_features"":[""Built-in Wardrobes""],""community_mobility"":[""Walking"",""Cycling"",""Private Buggy""],""staff_accommodation"":""Both"",""additional_amenities"":[""Children's Club"",""Ladies Facilities"",""Restaurants"",""Cafes"",""Retail""],""travel_to_destination"":""Air""}",1–2 years,Air,"[""Walking"",""Cycling"",""Private Buggy""]"
b69d5ae4-d216-438a-99e7-3dd62a911755,2026-09-09 13:20:22.793337+00,,25–34,Saudi Arabia,Single,0,No,2030 onwards,Both,Beach Villa,2BR,700k–1.5M SAR,"[""Sea Views"",""Privacy"",""Outdoor Space""]",A maid's room,"[""Installed Kitchen"",""Kitchen Appliances"",""Built-in Wardrobes"",""Private Pool""]","[""Other: the base as white and blended with colored decorative elements and/or colored key features""]","[""Padel"",""Water sports"",""Football""]","[""Spa & Gym"",""Social Lounge"",""Beach Club"",""Retail"",""Cafes"",""Restaurants"",""Ladies Facilities""]",Yes,"{""age"":""25–34"",""unit_size"":""2BR"",""nationality"":""Saudi Arabia"",""price_range"":""700k–1.5M SAR"",""payment_plan"":""5+ yrs"",""home_features"":[""Sea Views"",""Privacy"",""Outdoor Space""],""property_type"":""Beach Villa"",""social_status"":""Single"",""timing_to_buy"":""2030 onwards"",""managed_rental"":""Yes"",""no_of_children"":""0"",""primary_reason"":""Both"",""exterior_colour"":[""Other: the base as white and blended with colored decorative elements and/or colored key features""],""has_second_home"":""No"",""sport_amenities"":[""Padel"",""Water sports"",""Football""],""premium_features"":[""Installed Kitchen"",""Kitchen Appliances"",""Built-in Wardrobes"",""Private Pool""],""community_mobility"":[""Private Buggy""],""staff_accommodation"":""A maid's room"",""additional_amenities"":[""Spa & Gym"",""Social Lounge"",""Beach Club"",""Retail"",""Cafes"",""Restaurants"",""Ladies Facilities""],""travel_to_destination"":""Air""}",5+ yrs,Air,"[""Private Buggy""]"
b70e7296-0874-42fb-a3ea-2aeba27d5822,2026-09-10 12:29:23.684964+00,,25–34,Saudi Arabia,Single,0,No,2030 onwards,Both,Beach Villa,3BR,1.5M–3M SAR,"[""Balconies & Terraces"",""Sea Views"",""Privacy""]",A maid's room,"[""Private Pool""]","[""Other: Not Pastel""]","[""Padel"",""Tennis"",""Water sports""]","[""Spa & Gym"",""Ladies Facilities"",""Restaurants"",""Retail"",""Cafes"",""Picnic Areas"",""Children's Club""]",Depends on return,"{""age"":""25–34"",""unit_size"":""3BR"",""nationality"":""Saudi Arabia"",""price_range"":""1.5M–3M SAR"",""payment_plan"":""3–5 years"",""home_features"":[""Balconies & Terraces"",""Sea Views"",""Privacy""],""property_type"":""Beach Villa"",""social_status"":""Single"",""timing_to_buy"":""2030 onwards"",""managed_rental"":""Depends on return"",""no_of_children"":""0"",""primary_reason"":""Both"",""exterior_colour"":[""Other: Not Pastel""],""has_second_home"":""No"",""sport_amenities"":[""Padel"",""Tennis"",""Water sports""],""premium_features"":[""Private Pool""],""community_mobility"":[""Walking"",""Cycling"",""Private Buggy""],""staff_accommodation"":""A maid's room"",""additional_amenities"":[""Spa & Gym"",""Ladies Facilities"",""Restaurants"",""Retail"",""Cafes"",""Picnic Areas"",""Children's Club""],""travel_to_destination"":""Air""}",3–5 years,Air,"[""Walking"",""Cycling"",""Private Buggy""]"
b77c414a-d919-4939-8739-5aa4ef28c140,2026-09-10 08:33:15.488174+00,,25–34,Saudi Arabia,Married,0,Self-owned,2030 onwards,Both,Townhouse,3BR,700k–1.5M SAR,"[""Balconies & Terraces"",""Privacy"",""Sea Views""]",A maid's room,"[""Installed Kitchen"",""Kitchen Appliances"",""Built-in Wardrobes"",""Private Pool""]","[""Blue"",""Sage""]","[""Tennis"",""Water sports"",""Padel""]","[""Spa & Gym"",""Children's Club"",""Ladies Facilities"",""Beach Club"",""Picnic Areas""]",Yes,"{""age"":""25–34"",""unit_size"":""3BR"",""nationality"":""Saudi Arabia"",""price_range"":""700k–1.5M SAR"",""payment_plan"":""5+ yrs"",""home_features"":[""Balconies & Terraces"",""Privacy"",""Sea Views""],""property_type"":""Townhouse"",""social_status"":""Married"",""timing_to_buy"":""2030 onwards"",""managed_rental"":""Yes"",""no_of_children"":""0"",""primary_reason"":""Both"",""exterior_colour"":[""Blue"",""Sage""],""has_second_home"":""Self-owned"",""sport_amenities"":[""Tennis"",""Water sports"",""Padel""],""premium_features"":[""Installed Kitchen"",""Kitchen Appliances"",""Built-in Wardrobes"",""Private Pool""],""community_mobility"":[""Cycling"",""Walking"",""Private Buggy""],""staff_accommodation"":""A maid's room"",""additional_amenities"":[""Spa & Gym"",""Children's Club"",""Ladies Facilities"",""Beach Club"",""Picnic Areas""],""travel_to_destination"":""Air""}",5+ yrs,Air,"[""Cycling"",""Walking"",""Private Buggy""]"
b7835c04-9d2d-4213-a0f8-3df59b1d4cd8,2026-09-09 13:17:50.864869+00,,35–44,United Kingdom,Single,2,No,2026 – 2027,Investment,Apartment,2BR,700k–1.5M SAR,"[""Balconies & Terraces"",""Sea Views"",""Privacy""]",,"[""Private Pool""]","[""Sage""]","[""Basketball"",""Padel"",""Football""]","[""Spa & Gym"",""Cafes"",""Retail"",""Restaurants"",""Picnic Areas""]",Depends on fees & flexibility,"{""age"":""35–44"",""unit_size"":""2BR"",""nationality"":""United Kingdom"",""price_range"":""700k–1.5M SAR"",""payment_plan"":""3–5 years"",""home_features"":[""Balconies & Terraces"",""Sea Views"",""Privacy""],""property_type"":""Apartment"",""social_status"":""Single"",""timing_to_buy"":""2026 – 2027"",""managed_rental"":""Depends on fees & flexibility"",""no_of_children"":""2"",""primary_reason"":""Investment"",""exterior_colour"":[""Sage""],""has_second_home"":""No"",""sport_amenities"":[""Basketball"",""Padel"",""Football""],""premium_features"":[""Private Pool""],""community_mobility"":[""Walking""],""staff_accommodation"":null,""additional_amenities"":[""Spa & Gym"",""Cafes"",""Retail"",""Restaurants"",""Picnic Areas""],""travel_to_destination"":""Air""}",3–5 years,Air,"[""Walking""]"
b79adf79-1de1-4c84-8b00-91f54b8038ba,2026-09-09 13:24:52.310672+00,,55–64,Philippines,Married,2,Self-owned,2028 – 2029,Both,Beach Villa,2BR,3M–6M SAR,"[""Sea Views""]",Not required,"[""Installed Kitchen""]","[""Sage""]","[""Other: Gym, running or cycling track""]","[""Spa & Gym"",""Restaurants"",""Retail"",""Cafes"",""Other: small mall-size retail market, weekend flea market,""]",Depends on fees & flexibility,"{""age"":""55–64"",""unit_size"":""2BR"",""nationality"":""Philippines"",""price_range"":""3M–6M SAR"",""payment_plan"":""5+ yrs"",""home_features"":[""Sea Views""],""property_type"":""Beach Villa"",""social_status"":""Married"",""timing_to_buy"":""2028 – 2029"",""managed_rental"":""Depends on fees & flexibility"",""no_of_children"":""2"",""primary_reason"":""Both"",""exterior_colour"":[""Sage""],""has_second_home"":""Self-owned"",""sport_amenities"":[""Other: Gym, running or cycling track""],""premium_features"":[""Installed Kitchen""],""community_mobility"":[""Walking"",""Cycling"",""Shared Buggy / Community Shuttle""],""staff_accommodation"":""Not required"",""additional_amenities"":[""Spa & Gym"",""Restaurants"",""Retail"",""Cafes"",""Other: small mall-size retail market, weekend flea market,""],""travel_to_destination"":""Air""}",5+ yrs,Air,"[""Walking"",""Cycling"",""Shared Buggy / Community Shuttle""]"
b89c9a27-56fd-4be6-b7fe-78131cc4c481,2026-09-10 06:23:47.927977+00,,25–34,Egypt,Married,2,Self-owned,2030 onwards,Both,Beach Villa,2BR,700k–1.5M SAR,"[""Sea Views"",""Privacy"",""Balconies & Terraces""]",Not required,"[""Installed Kitchen"",""Kitchen Appliances"",""Built-in Wardrobes"",""Private Pool""]","[""Sage""]","[""Padel"",""Water sports"",""Basketball""]","[""Spa & Gym"",""Children's Club"",""Social Lounge"",""Beach Club"",""Picnic Areas"",""Ladies Facilities"",""Restaurants"",""Cafes"",""Retail"",""Other: Pharmacy""]",Depends on fees & flexibility,"{""age"":""25–34"",""unit_size"":""2BR"",""nationality"":""Egypt"",""price_range"":""700k–1.5M SAR"",""payment_plan"":""5+ yrs"",""home_features"":[""Sea Views"",""Privacy"",""Balconies & Terraces""],""property_type"":""Beach Villa"",""social_status"":""Married"",""timing_to_buy"":""2030 onwards"",""managed_rental"":""Depends on fees & flexibility"",""no_of_children"":""2"",""primary_reason"":""Both"",""exterior_colour"":[""Sage""],""has_second_home"":""Self-owned"",""sport_amenities"":[""Padel"",""Water sports"",""Basketball""],""premium_features"":[""Installed Kitchen"",""Kitchen Appliances"",""Built-in Wardrobes"",""Private Pool""],""community_mobility"":[""Cycling"",""Shared Buggy / Community Shuttle""],""staff_accommodation"":""Not required"",""additional_amenities"":[""Spa & Gym"",""Children's Club"",""Social Lounge"",""Beach Club"",""Picnic Areas"",""Ladies Facilities"",""Restaurants"",""Cafes"",""Retail"",""Other: Pharmacy""],""travel_to_destination"":""Car""}",5+ yrs,Car,"[""Cycling"",""Shared Buggy / Community Shuttle""]"
b8fd7192-a198-4ca8-9a12-2c72290c5391,2026-09-09 13:24:01.01772+00,,25–34,Saudi Arabia,Single,0,No,2026 – 2027,Family holidays,Villa,2BR,700k–1.5M SAR,"[""Outdoor Space""]",A maid's room,"[""Installed Kitchen"",""Kitchen Appliances""]","[""Rose"",""Sand"",""Blue"",""Sage""]","[""Football"",""Water sports""]","[""Spa & Gym"",""Children's Club"",""Social Lounge"",""Beach Club"",""Picnic Areas"",""Ladies Facilities""]",Yes,"{""age"":""25–34"",""unit_size"":""2BR"",""nationality"":""Saudi Arabia"",""price_range"":""700k–1.5M SAR"",""payment_plan"":""5+ yrs"",""home_features"":[""Outdoor Space""],""property_type"":""Villa"",""social_status"":""Single"",""timing_to_buy"":""2026 – 2027"",""managed_rental"":""Yes"",""no_of_children"":""0"",""primary_reason"":""Family holidays"",""exterior_colour"":[""Rose"",""Sand"",""Blue"",""Sage""],""has_second_home"":""No"",""sport_amenities"":[""Football"",""Water sports""],""premium_features"":[""Installed Kitchen"",""Kitchen Appliances""],""community_mobility"":[""Walking"",""Cycling"",""Private Buggy""],""staff_accommodation"":""A maid's room"",""additional_amenities"":[""Spa & Gym"",""Children's Club"",""Social Lounge"",""Beach Club"",""Picnic Areas"",""Ladies Facilities""],""travel_to_destination"":""Car""}",5+ yrs,Car,"[""Walking"",""Cycling"",""Private Buggy""]"
b9643fac-0ad9-4c47-aa9d-04e52e0b44f2,2026-09-09 13:28:03.64459+00,,45–54,Egypt,Married,3,Self-owned,2028 – 2029,Investment,Townhouse,4BR,700k–1.5M SAR,"[""Sea Views"",""Privacy"",""Balconies & Terraces""]",A maid's room,"[""Kitchen Appliances"",""Built-in Wardrobes""]","[""Sage""]","[""Padel"",""Football"",""Water sports""]","[""Ladies Facilities"",""Restaurants"",""Retail"",""Cafes"",""Spa & Gym""]",Depends on return,"{""age"":""45–54"",""unit_size"":""4BR"",""nationality"":""Egypt"",""price_range"":""700k–1.5M SAR"",""payment_plan"":""5+ yrs"",""home_features"":[""Sea Views"",""Privacy"",""Balconies & Terraces""],""property_type"":""Townhouse"",""social_status"":""Married"",""timing_to_buy"":""2028 – 2029"",""managed_rental"":""Depends on return"",""no_of_children"":""3"",""primary_reason"":""Investment"",""exterior_colour"":[""Sage""],""has_second_home"":""Self-owned"",""sport_amenities"":[""Padel"",""Football"",""Water sports""],""premium_features"":[""Kitchen Appliances"",""Built-in Wardrobes""],""community_mobility"":[""Shared Buggy / Community Shuttle"",""Private Buggy""],""staff_accommodation"":""A maid's room"",""additional_amenities"":[""Ladies Facilities"",""Restaurants"",""Retail"",""Cafes"",""Spa & Gym""],""travel_to_destination"":""Air""}",5+ yrs,Air,"[""Shared Buggy / Community Shuttle"",""Private Buggy""]"
b9927800-ae8e-4009-b297-5319ed1e87b7,2026-09-10 03:18:05.114566+00,,25–34,Saudi Arabia,Married,0,Family-owned,2030 onwards,Both,Townhouse,3BR,700k–1.5M SAR,"[""Balconies & Terraces"",""Sea Views""]",A maid's room,"[""Installed Kitchen"",""Private Pool""]","[""Sand""]","[""Padel"",""Football"",""Water sports""]","[""Spa & Gym"",""Social Lounge"",""Beach Club"",""Cafes""]",Depends on fees & flexibility,"{""age"":""25–34"",""unit_size"":""3BR"",""nationality"":""Saudi Arabia"",""price_range"":""700k–1.5M SAR"",""payment_plan"":""5+ yrs"",""home_features"":[""Balconies & Terraces"",""Sea Views""],""property_type"":""Townhouse"",""social_status"":""Married"",""timing_to_buy"":""2030 onwards"",""managed_rental"":""Depends on fees & flexibility"",""no_of_children"":""0"",""primary_reason"":""Both"",""exterior_colour"":[""Sand""],""has_second_home"":""Family-owned"",""sport_amenities"":[""Padel"",""Football"",""Water sports""],""premium_features"":[""Installed Kitchen"",""Private Pool""],""community_mobility"":[""Walking""],""staff_accommodation"":""A maid's room"",""additional_amenities"":[""Spa & Gym"",""Social Lounge"",""Beach Club"",""Cafes""],""travel_to_destination"":""Car""}",5+ yrs,Car,"[""Walking""]"
b9e8999e-1264-40e5-9b36-298f9dd4d544,2026-09-09 13:15:19.915963+00,,45–54,Saudi Arabia,Married,4+,Self-owned,2028 – 2029,Family holidays,Townhouse,3BR,700k–1.5M SAR,"[""Outdoor Space"",""Balconies & Terraces"",""Sea Views""]",A maid's room,"[""Installed Kitchen"",""Kitchen Appliances"",""Built-in Wardrobes"",""Private Pool""]","[""Rose"",""Sage""]","[""Water sports"",""Volleyball""]","[""Children's Club"",""Beach Club"",""Ladies Facilities"",""Restaurants"",""Cafes"",""Retail"",""Picnic Areas"",""Spa & Gym""]",Depends on fees & flexibility,"{""age"":""45–54"",""unit_size"":""3BR"",""nationality"":""Saudi Arabia"",""price_range"":""700k–1.5M SAR"",""payment_plan"":""3–5 years"",""home_features"":[""Outdoor Space"",""Balconies & Terraces"",""Sea Views""],""property_type"":""Townhouse"",""social_status"":""Married"",""timing_to_buy"":""2028 – 2029"",""managed_rental"":""Depends on fees & flexibility"",""no_of_children"":""4+"",""primary_reason"":""Family holidays"",""exterior_colour"":[""Rose"",""Sage""],""has_second_home"":""Self-owned"",""sport_amenities"":[""Water sports"",""Volleyball""],""premium_features"":[""Installed Kitchen"",""Kitchen Appliances"",""Built-in Wardrobes"",""Private Pool""],""community_mobility"":[""Shared Buggy / Community Shuttle"",""Walking"",""Cycling"",""Personal Car""],""staff_accommodation"":""A maid's room"",""additional_amenities"":[""Children's Club"",""Beach Club"",""Ladies Facilities"",""Restaurants"",""Cafes"",""Retail"",""Picnic Areas"",""Spa & Gym""],""travel_to_destination"":""Air""}",3–5 years,Air,"[""Shared Buggy / Community Shuttle"",""Walking"",""Cycling"",""Personal Car""]"
ba19c3e2-5fa6-4e88-b6b7-bd64b6ab9ea4,2026-09-11 08:36:11.236142+00,,45–54,Saudi Arabia,Married,3,Self-owned,2030 onwards,Both,Townhouse,4BR,700k–1.5M SAR,"[""Sea Views""]",A maid's room,"[""Installed Kitchen"",""Kitchen Appliances"",""Built-in Wardrobes""]","[""Sand""]","[""Water sports"",""Volleyball"",""Padel""]","[""Spa & Gym"",""Children's Club"",""Social Lounge"",""Ladies Facilities"",""Beach Club"",""Restaurants"",""Cafes"",""Retail""]",Depends on fees & flexibility,"{""age"":""45–54"",""unit_size"":""4BR"",""nationality"":""Saudi Arabia"",""price_range"":""700k–1.5M SAR"",""payment_plan"":""5+ yrs"",""home_features"":[""Sea Views""],""property_type"":""Townhouse"",""social_status"":""Married"",""timing_to_buy"":""2030 onwards"",""managed_rental"":""Depends on fees & flexibility"",""no_of_children"":""3"",""primary_reason"":""Both"",""exterior_colour"":[""Sand""],""has_second_home"":""Self-owned"",""sport_amenities"":[""Water sports"",""Volleyball"",""Padel""],""premium_features"":[""Installed Kitchen"",""Kitchen Appliances"",""Built-in Wardrobes""],""community_mobility"":[""Walking"",""Cycling"",""Private Buggy"",""Shared Buggy / Community Shuttle""],""staff_accommodation"":""A maid's room"",""additional_amenities"":[""Spa & Gym"",""Children's Club"",""Social Lounge"",""Ladies Facilities"",""Beach Club"",""Restaurants"",""Cafes"",""Retail""],""travel_to_destination"":""Car""}",5+ yrs,Car,"[""Walking"",""Cycling"",""Private Buggy"",""Shared Buggy / Community Shuttle""]"
bc3644f7-f468-4991-b61d-427c32bcc034,2026-09-09 13:25:53.120536+00,,45–54,Sri Lanka,Married,2,Self-owned,2028 – 2029,Both,Townhouse,3BR,700k–1.5M SAR,"[""Outdoor Space"",""Balconies & Terraces"",""Sea Views""]",A maid's room,"[""Private Pool""]","[""Sand""]","[""Tennis"",""Padel""]","[""Spa & Gym"",""Children's Club"",""Restaurants"",""Cafes"",""Retail""]",Depends on return,"{""age"":""45–54"",""unit_size"":""3BR"",""nationality"":""Sri Lanka"",""price_range"":""700k–1.5M SAR"",""payment_plan"":""5+ yrs"",""home_features"":[""Outdoor Space"",""Balconies & Terraces"",""Sea Views""],""property_type"":""Townhouse"",""social_status"":""Married"",""timing_to_buy"":""2028 – 2029"",""managed_rental"":""Depends on return"",""no_of_children"":""2"",""primary_reason"":""Both"",""exterior_colour"":[""Sand""],""has_second_home"":""Self-owned"",""sport_amenities"":[""Tennis"",""Padel""],""premium_features"":[""Private Pool""],""community_mobility"":[""Cycling""],""staff_accommodation"":""A maid's room"",""additional_amenities"":[""Spa & Gym"",""Children's Club"",""Restaurants"",""Cafes"",""Retail""],""travel_to_destination"":""Air""}",5+ yrs,Air,"[""Cycling""]"
bd8be781-6b9e-483d-a0a1-bf758ef87c61,2026-09-09 17:15:44.103989+00,,35–44,Pakistan,Married,4+,No,2028 – 2029,Family holidays,Apartment,3BR,700k–1.5M SAR,"[""Park Views""]",,"[""Installed Kitchen""]","[""Sand""]","[""Football"",""Water sports""]","[""Children's Club"",""Spa & Gym"",""Beach Club"",""Retail""]",Depends on fees & flexibility,"{""age"":""35–44"",""unit_size"":""3BR"",""nationality"":""Pakistan"",""price_range"":""700k–1.5M SAR"",""payment_plan"":""3–5 years"",""home_features"":[""Park Views""],""property_type"":""Apartment"",""social_status"":""Married"",""timing_to_buy"":""2028 – 2029"",""managed_rental"":""Depends on fees & flexibility"",""no_of_children"":""4+"",""primary_reason"":""Family holidays"",""exterior_colour"":[""Sand""],""has_second_home"":""No"",""sport_amenities"":[""Football"",""Water sports""],""premium_features"":[""Installed Kitchen""],""community_mobility"":[""Personal Car""],""staff_accommodation"":null,""additional_amenities"":[""Children's Club"",""Spa & Gym"",""Beach Club"",""Retail""],""travel_to_destination"":""Car""}",3–5 years,Car,"[""Personal Car""]"
be904001-1c98-43f8-b243-d71188633630,2026-09-09 13:34:15.746391+00,,25–34,Saudi Arabia,Single,0,Family-owned,2028 – 2029,Both,Beach Villa,2BR,700k–1.5M SAR,"[""Balconies & Terraces""]",Not required,"[""Private Pool"",""Built-in Wardrobes"",""Installed Kitchen""]","[""Blue""]","[""Water sports"",""Padel""]","[""Spa & Gym"",""Cafes"",""Restaurants""]",Yes,"{""age"":""25–34"",""unit_size"":""2BR"",""nationality"":""Saudi Arabia"",""price_range"":""700k–1.5M SAR"",""payment_plan"":""3–5 years"",""home_features"":[""Balconies & Terraces""],""property_type"":""Beach Villa"",""social_status"":""Single"",""timing_to_buy"":""2028 – 2029"",""managed_rental"":""Yes"",""no_of_children"":""0"",""primary_reason"":""Both"",""exterior_colour"":[""Blue""],""has_second_home"":""Family-owned"",""sport_amenities"":[""Water sports"",""Padel""],""premium_features"":[""Private Pool"",""Built-in Wardrobes"",""Installed Kitchen""],""community_mobility"":[""Shared Buggy / Community Shuttle"",""Private Buggy""],""staff_accommodation"":""Not required"",""additional_amenities"":[""Spa & Gym"",""Cafes"",""Restaurants""],""travel_to_destination"":""Car""}",3–5 years,Car,"[""Shared Buggy / Community Shuttle"",""Private Buggy""]"
beca9102-3f75-43a5-9fed-a4be8d75ac1a,2026-09-09 13:10:51.234135+00,,45–54,India,Married,2,Self-owned,2030 onwards,Family holidays,Apartment,2BR,700k–1.5M SAR,"[""Outdoor Space"",""Balconies & Terraces"",""Sea Views""]",,"[""Private Pool""]","[""Sand"",""Other: White or lighter colours""]","[""Water sports"",""Other: TT""]","[""Other: Bar""]",Depends on return,"{""age"":""45–54"",""unit_size"":""2BR"",""nationality"":""India"",""price_range"":""700k–1.5M SAR"",""payment_plan"":""5+ yrs"",""home_features"":[""Outdoor Space"",""Balconies & Terraces"",""Sea Views""],""property_type"":""Apartment"",""social_status"":""Married"",""timing_to_buy"":""2030 onwards"",""managed_rental"":""Depends on return"",""no_of_children"":""2"",""primary_reason"":""Family holidays"",""exterior_colour"":[""Sand"",""Other: White or lighter colours""],""has_second_home"":""Self-owned"",""sport_amenities"":[""Water sports"",""Other: TT""],""premium_features"":[""Private Pool""],""community_mobility"":[""Private Buggy""],""staff_accommodation"":null,""additional_amenities"":[""Other: Bar""],""travel_to_destination"":""Car""}",5+ yrs,Car,"[""Private Buggy""]"
bf7d3ea8-9360-4a03-813d-0a4707709e0b,2026-09-13 12:03:53.207666+00,,25–34,Germany,Single,0,Self-owned,2028 – 2029,Investment,Apartment,1BR,700k–1.5M SAR,"[""Other: Layout, accessibility, amenities""]",,"[""Installed Kitchen""]","[""Sand""]","[""Other: More female-centric sports, e.g., pilates, walking, cycling""]","[""Spa & Gym"",""Ladies Facilities"",""Picnic Areas"",""Restaurants"",""Cafes"",""Retail""]",Depends on return,"{""age"":""25–34"",""unit_size"":""1BR"",""nationality"":""Germany"",""price_range"":""700k–1.5M SAR"",""payment_plan"":""3–5 years"",""home_features"":[""Other: Layout, accessibility, amenities""],""property_type"":""Apartment"",""social_status"":""Single"",""timing_to_buy"":""2028 – 2029"",""managed_rental"":""Depends on return"",""no_of_children"":""0"",""primary_reason"":""Investment"",""exterior_colour"":[""Sand""],""has_second_home"":""Self-owned"",""sport_amenities"":[""Other: More female-centric sports, e.g., pilates, walking, cycling""],""premium_features"":[""Installed Kitchen""],""community_mobility"":[""Walking""],""staff_accommodation"":null,""additional_amenities"":[""Spa & Gym"",""Ladies Facilities"",""Picnic Areas"",""Restaurants"",""Cafes"",""Retail""],""travel_to_destination"":""Car""}",3–5 years,Car,"[""Walking""]"
bfa7ee7e-2e31-4752-9413-ad9786882270,2026-09-09 13:33:23.621002+00,,25–34,Saudi Arabia,Married,1,No,2030 onwards,Both,Townhouse,4BR,700k–1.5M SAR,"[""Privacy"",""Sea Views"",""Outdoor Space""]",A maid's room,"[""Private Pool"",""Kitchen Appliances"",""Installed Kitchen""]","[""Sage""]","[""Padel"",""Water sports"",""Football""]","[""Spa & Gym"",""Children's Club"",""Restaurants"",""Cafes"",""Beach Club""]",Depends on fees & flexibility,"{""age"":""25–34"",""unit_size"":""4BR"",""nationality"":""Saudi Arabia"",""price_range"":""700k–1.5M SAR"",""payment_plan"":""5+ yrs"",""home_features"":[""Privacy"",""Sea Views"",""Outdoor Space""],""property_type"":""Townhouse"",""social_status"":""Married"",""timing_to_buy"":""2030 onwards"",""managed_rental"":""Depends on fees & flexibility"",""no_of_children"":""1"",""primary_reason"":""Both"",""exterior_colour"":[""Sage""],""has_second_home"":""No"",""sport_amenities"":[""Padel"",""Water sports"",""Football""],""premium_features"":[""Private Pool"",""Kitchen Appliances"",""Installed Kitchen""],""community_mobility"":[""Personal Car""],""staff_accommodation"":""A maid's room"",""additional_amenities"":[""Spa & Gym"",""Children's Club"",""Restaurants"",""Cafes"",""Beach Club""],""travel_to_destination"":""Car""}",5+ yrs,Car,"[""Personal Car""]"
bff8c8db-c813-4e4c-801e-dffae06376b2,2026-09-09 14:06:13.101555+00,,25–34,Saudi Arabia,Married,1,Self-owned,2028 – 2029,Both,Townhouse,3BR,700k–1.5M SAR,"[""Sea Views"",""Balconies & Terraces"",""Privacy""]",A maid's room,"[""Installed Kitchen""]","[""Other: White""]","[""Football"",""Tennis""]","[""Spa & Gym"",""Children's Club"",""Ladies Facilities"",""Restaurants"",""Cafes"",""Picnic Areas""]",Yes,"{""age"":""25–34"",""unit_size"":""3BR"",""nationality"":""Saudi Arabia"",""price_range"":""700k–1.5M SAR"",""payment_plan"":""5+ yrs"",""home_features"":[""Sea Views"",""Balconies & Terraces"",""Privacy""],""property_type"":""Townhouse"",""social_status"":""Married"",""timing_to_buy"":""2028 – 2029"",""managed_rental"":""Yes"",""no_of_children"":""1"",""primary_reason"":""Both"",""exterior_colour"":[""Other: White""],""has_second_home"":""Self-owned"",""sport_amenities"":[""Football"",""Tennis""],""premium_features"":[""Installed Kitchen""],""community_mobility"":[""Walking""],""staff_accommodation"":""A maid's room"",""additional_amenities"":[""Spa & Gym"",""Children's Club"",""Ladies Facilities"",""Restaurants"",""Cafes"",""Picnic Areas""],""travel_to_destination"":""Car""}",5+ yrs,Car,"[""Walking""]"
c0256838-6cc0-49ca-9ca0-84efdca1b6c6,2026-09-09 13:19:53.371136+00,,25–34,Saudi Arabia,Married,1,No,2026 – 2027,Both,Apartment,1BR,700k–1.5M SAR,"[""Privacy"",""Sea Views"",""Outdoor Space""]",,"[""Installed Kitchen"",""Kitchen Appliances"",""Built-in Wardrobes"",""Private Pool""]","[""Sand""]","[""Tennis"",""Water sports"",""Other: Golf""]","[""Spa & Gym"",""Children's Club"",""Picnic Areas"",""Restaurants"",""Retail"",""Beach Club""]",Depends on fees & flexibility,"{""age"":""25–34"",""unit_size"":""1BR"",""nationality"":""Saudi Arabia"",""price_range"":""700k–1.5M SAR"",""payment_plan"":""5+ yrs"",""home_features"":[""Privacy"",""Sea Views"",""Outdoor Space""],""property_type"":""Apartment"",""social_status"":""Married"",""timing_to_buy"":""2026 – 2027"",""managed_rental"":""Depends on fees & flexibility"",""no_of_children"":""1"",""primary_reason"":""Both"",""exterior_colour"":[""Sand""],""has_second_home"":""No"",""sport_amenities"":[""Tennis"",""Water sports"",""Other: Golf""],""premium_features"":[""Installed Kitchen"",""Kitchen Appliances"",""Built-in Wardrobes"",""Private Pool""],""community_mobility"":[""Cycling"",""Walking"",""Shared Buggy / Community Shuttle""],""staff_accommodation"":null,""additional_amenities"":[""Spa & Gym"",""Children's Club"",""Picnic Areas"",""Restaurants"",""Retail"",""Beach Club""],""travel_to_destination"":""Air""}",5+ yrs,Air,"[""Cycling"",""Walking"",""Shared Buggy / Community Shuttle""]"
c0e721e3-41ba-45b6-8816-482587616c73,2026-09-10 05:37:34.113991+00,,45–54,South Africa,Married,2,No,2028 – 2029,Investment,Apartment,2BR,700k–1.5M SAR,"[""Sea Views""]",,"[""Installed Kitchen"",""Kitchen Appliances"",""Built-in Wardrobes"",""Private Pool""]","[""Blue""]","[""Padel"",""Water sports"",""Football""]","[""Beach Club"",""Cafes"",""Spa & Gym"",""Restaurants"",""Picnic Areas"",""Retail"",""Social Lounge""]",Depends on fees & flexibility,"{""age"":""45–54"",""unit_size"":""2BR"",""nationality"":""South Africa"",""price_range"":""700k–1.5M SAR"",""payment_plan"":""3–5 years"",""home_features"":[""Sea Views""],""property_type"":""Apartment"",""social_status"":""Married"",""timing_to_buy"":""2028 – 2029"",""managed_rental"":""Depends on fees & flexibility"",""no_of_children"":""2"",""primary_reason"":""Investment"",""exterior_colour"":[""Blue""],""has_second_home"":""No"",""sport_amenities"":[""Padel"",""Water sports"",""Football""],""premium_features"":[""Installed Kitchen"",""Kitchen Appliances"",""Built-in Wardrobes"",""Private Pool""],""community_mobility"":[""Private Buggy"",""Personal Car"",""Shared Buggy / Community Shuttle"",""Cycling""],""staff_accommodation"":null,""additional_amenities"":[""Beach Club"",""Cafes"",""Spa & Gym"",""Restaurants"",""Picnic Areas"",""Retail"",""Social Lounge""],""travel_to_destination"":""Air""}",3–5 years,Air,"[""Private Buggy"",""Personal Car"",""Shared Buggy / Community Shuttle"",""Cycling""]"
c208b94e-4fd6-45d3-986c-521077e558fd,2026-09-09 14:07:23.317271+00,,35–44,India,Married,1,Self-owned,2028 – 2029,Investment,Apartment,3BR,700k–1.5M SAR,"[""Sea Views"",""Balconies & Terraces""]",,"[""Installed Kitchen"",""Built-in Wardrobes""]","[""Sage""]","[""Padel"",""Volleyball""]","[""Picnic Areas"",""Restaurants"",""Retail"",""Children's Club"",""Ladies Facilities""]",Depends on return,"{""age"":""35–44"",""unit_size"":""3BR"",""nationality"":""India"",""price_range"":""700k–1.5M SAR"",""payment_plan"":""3–5 years"",""home_features"":[""Sea Views"",""Balconies & Terraces""],""property_type"":""Apartment"",""social_status"":""Married"",""timing_to_buy"":""2028 – 2029"",""managed_rental"":""Depends on return"",""no_of_children"":""1"",""primary_reason"":""Investment"",""exterior_colour"":[""Sage""],""has_second_home"":""Self-owned"",""sport_amenities"":[""Padel"",""Volleyball""],""premium_features"":[""Installed Kitchen"",""Built-in Wardrobes""],""community_mobility"":[""Walking"",""Cycling"",""Shared Buggy / Community Shuttle""],""staff_accommodation"":null,""additional_amenities"":[""Picnic Areas"",""Restaurants"",""Retail"",""Children's Club"",""Ladies Facilities""],""travel_to_destination"":""Car""}",3–5 years,Car,"[""Walking"",""Cycling"",""Shared Buggy / Community Shuttle""]"
c232fb37-c3e7-4afa-a9c4-640624bd0bc0,2026-09-10 11:14:40.408422+00,,45–54,Portugal,Married,3,No,2028 – 2029,Both,Villa,3BR,1.5M–3M SAR,"[""Outdoor Space"",""Balconies & Terraces""]",A maid's room,"[""Installed Kitchen"",""Kitchen Appliances"",""Built-in Wardrobes"",""Private Pool""]","[""Rose""]","[""Padel"",""Water sports""]","[""Spa & Gym"",""Beach Club"",""Restaurants"",""Cafes"",""Retail""]",Yes,"{""age"":""45–54"",""unit_size"":""3BR"",""nationality"":""Portugal"",""price_range"":""1.5M–3M SAR"",""payment_plan"":""5+ yrs"",""home_features"":[""Outdoor Space"",""Balconies & Terraces""],""property_type"":""Villa"",""social_status"":""Married"",""timing_to_buy"":""2028 – 2029"",""managed_rental"":""Yes"",""no_of_children"":""3"",""primary_reason"":""Both"",""exterior_colour"":[""Rose""],""has_second_home"":""No"",""sport_amenities"":[""Padel"",""Water sports""],""premium_features"":[""Installed Kitchen"",""Kitchen Appliances"",""Built-in Wardrobes"",""Private Pool""],""community_mobility"":[""Walking"",""Cycling""],""staff_accommodation"":""A maid's room"",""additional_amenities"":[""Spa & Gym"",""Beach Club"",""Restaurants"",""Cafes"",""Retail""],""travel_to_destination"":""Air""}",5+ yrs,Air,"[""Walking"",""Cycling""]"
c27fb03a-b409-41f5-929e-ea54a7b09396,2026-09-10 04:56:34.074309+00,,25–34,Saudi Arabia,Single,0,No,2030 onwards,Investment,Apartment,3BR,700k–1.5M SAR,"[""Outdoor Space"",""Balconies & Terraces"",""Privacy""]",,"[""Kitchen Appliances"",""Installed Kitchen"",""Built-in Wardrobes""]","[""Sand""]","[""Padel"",""Volleyball"",""Water sports""]","[""Spa & Gym"",""Children's Club"",""Beach Club"",""Restaurants"",""Cafes"",""Retail""]",Depends on return,"{""age"":""25–34"",""unit_size"":""3BR"",""nationality"":""Saudi Arabia"",""price_range"":""700k–1.5M SAR"",""payment_plan"":""5+ yrs"",""home_features"":[""Outdoor Space"",""Balconies & Terraces"",""Privacy""],""property_type"":""Apartment"",""social_status"":""Single"",""timing_to_buy"":""2030 onwards"",""managed_rental"":""Depends on return"",""no_of_children"":""0"",""primary_reason"":""Investment"",""exterior_colour"":[""Sand""],""has_second_home"":""No"",""sport_amenities"":[""Padel"",""Volleyball"",""Water sports""],""premium_features"":[""Kitchen Appliances"",""Installed Kitchen"",""Built-in Wardrobes""],""community_mobility"":[""Walking"",""Cycling""],""staff_accommodation"":null,""additional_amenities"":[""Spa & Gym"",""Children's Club"",""Beach Club"",""Restaurants"",""Cafes"",""Retail""],""travel_to_destination"":""Air""}",5+ yrs,Air,"[""Walking"",""Cycling""]"
c36f234a-cf21-48d4-80cd-2cdd80e93a42,2026-09-09 13:13:33.873787+00,,25–34,Saudi Arabia,Single,0,Family-owned,2030 onwards,Both,Apartment,2BR,700k–1.5M SAR,"[""Sea Views"",""Outdoor Space"",""Privacy""]",,"[""Installed Kitchen"",""Built-in Wardrobes""]","[""Sand""]","[""Padel"",""Tennis"",""Basketball""]","[""Spa & Gym"",""Children's Club"",""Ladies Facilities"",""Restaurants"",""Retail"",""Picnic Areas""]",Depends on fees & flexibility,"{""age"":""25–34"",""unit_size"":""2BR"",""nationality"":""Saudi Arabia"",""price_range"":""700k–1.5M SAR"",""payment_plan"":""5+ yrs"",""home_features"":[""Sea Views"",""Outdoor Space"",""Privacy""],""property_type"":""Apartment"",""social_status"":""Single"",""timing_to_buy"":""2030 onwards"",""managed_rental"":""Depends on fees & flexibility"",""no_of_children"":""0"",""primary_reason"":""Both"",""exterior_colour"":[""Sand""],""has_second_home"":""Family-owned"",""sport_amenities"":[""Padel"",""Tennis"",""Basketball""],""premium_features"":[""Installed Kitchen"",""Built-in Wardrobes""],""community_mobility"":[""Walking"",""Cycling"",""Shared Buggy / Community Shuttle""],""staff_accommodation"":null,""additional_amenities"":[""Spa & Gym"",""Children's Club"",""Ladies Facilities"",""Restaurants"",""Retail"",""Picnic Areas""],""travel_to_destination"":""Air""}",5+ yrs,Air,"[""Walking"",""Cycling"",""Shared Buggy / Community Shuttle""]"
c3883eb3-0b4b-45ab-951d-dc1eba5cc33a,2026-09-09 13:52:03.550629+00,,25–34,Saudi Arabia,Single,0,No,2030 onwards,Both,Apartment,2BR,700k–1.5M SAR,"[""Outdoor Space"",""Sea Views"",""Privacy""]",,"[""Private Pool"",""Installed Kitchen""]","[""Other: White""]","[""Tennis"",""Padel"",""Football""]","[""Spa & Gym"",""Retail"",""Cafes"",""Restaurants""]",Depends on return,"{""age"":""25–34"",""unit_size"":""2BR"",""nationality"":""Saudi Arabia"",""price_range"":""700k–1.5M SAR"",""payment_plan"":""5+ yrs"",""home_features"":[""Outdoor Space"",""Sea Views"",""Privacy""],""property_type"":""Apartment"",""social_status"":""Single"",""timing_to_buy"":""2030 onwards"",""managed_rental"":""Depends on return"",""no_of_children"":""0"",""primary_reason"":""Both"",""exterior_colour"":[""Other: White""],""has_second_home"":""No"",""sport_amenities"":[""Tennis"",""Padel"",""Football""],""premium_features"":[""Private Pool"",""Installed Kitchen""],""community_mobility"":[""Personal Car"",""Shared Buggy / Community Shuttle""],""staff_accommodation"":null,""additional_amenities"":[""Spa & Gym"",""Retail"",""Cafes"",""Restaurants""],""travel_to_destination"":""Car""}",5+ yrs,Car,"[""Personal Car"",""Shared Buggy / Community Shuttle""]"
c39ead98-e426-4309-b4eb-503c8bded4e3,2026-09-09 13:09:53.477405+00,,35–44,Sri Lanka,Married,2,Self-owned,2028 – 2029,Both,Apartment,2BR,700k–1.5M SAR,"[""Balconies & Terraces""]",,"[""Built-in Wardrobes"",""Installed Kitchen""]","[""Sand""]","[""Padel"",""Football"",""Water sports""]","[""Spa & Gym"",""Children's Club"",""Picnic Areas"",""Beach Club"",""Restaurants"",""Cafes"",""Retail"",""Social Lounge"",""Ladies Facilities""]",Yes,"{""age"":""35–44"",""unit_size"":""2BR"",""nationality"":""Sri Lanka"",""price_range"":""700k–1.5M SAR"",""payment_plan"":""5+ yrs"",""home_features"":[""Balconies & Terraces""],""property_type"":""Apartment"",""social_status"":""Married"",""timing_to_buy"":""2028 – 2029"",""managed_rental"":""Yes"",""no_of_children"":""2"",""primary_reason"":""Both"",""exterior_colour"":[""Sand""],""has_second_home"":""Self-owned"",""sport_amenities"":[""Padel"",""Football"",""Water sports""],""premium_features"":[""Built-in Wardrobes"",""Installed Kitchen""],""community_mobility"":[""Cycling"",""Private Buggy"",""Personal Car""],""staff_accommodation"":null,""additional_amenities"":[""Spa & Gym"",""Children's Club"",""Picnic Areas"",""Beach Club"",""Restaurants"",""Cafes"",""Retail"",""Social Lounge"",""Ladies Facilities""],""travel_to_destination"":""Car""}",5+ yrs,Car,"[""Cycling"",""Private Buggy"",""Personal Car""]"
c3a880db-46de-4579-9128-e337a0527df1,2026-09-10 07:17:33.287541+00,,35–44,India,Married,2,Self-owned,2028 – 2029,Both,Townhouse,3BR,1.5M–3M SAR,"[""Outdoor Space"",""Sea Views"",""Balconies & Terraces""]",A maid's room,"[""Built-in Wardrobes"",""Private Pool""]","[""Sand"",""Other: White""]","[""Water sports"",""Other: cycling track, Park, amphitheatre, kids play areas, swing parks, dog parks, vegetable garden, outdoor gym,""]","[""Spa & Gym"",""Retail"",""Children's Club"",""Picnic Areas""]",Depends on fees & flexibility,"{""age"":""35–44"",""unit_size"":""3BR"",""nationality"":""India"",""price_range"":""1.5M–3M SAR"",""payment_plan"":""5+ yrs"",""home_features"":[""Outdoor Space"",""Sea Views"",""Balconies & Terraces""],""property_type"":""Townhouse"",""social_status"":""Married"",""timing_to_buy"":""2028 – 2029"",""managed_rental"":""Depends on fees & flexibility"",""no_of_children"":""2"",""primary_reason"":""Both"",""exterior_colour"":[""Sand"",""Other: White""],""has_second_home"":""Self-owned"",""sport_amenities"":[""Water sports"",""Other: cycling track, Park, amphitheatre, kids play areas, swing parks, dog parks, vegetable garden, outdoor gym,""],""premium_features"":[""Built-in Wardrobes"",""Private Pool""],""community_mobility"":[""Walking"",""Cycling""],""staff_accommodation"":""A maid's room"",""additional_amenities"":[""Spa & Gym"",""Retail"",""Children's Club"",""Picnic Areas""],""travel_to_destination"":""Car""}",5+ yrs,Car,"[""Walking"",""Cycling""]"
c3c587f5-d8fc-4512-8ce7-37d75c253521,2026-09-10 05:56:51.685787+00,,25–34,Saudi Arabia,Single,0,No,2030 onwards,Both,No preference,2BR,700k–1.5M SAR,"[""Privacy"",""Balconies & Terraces"",""Sea Views""]",A maid's room,"[""Installed Kitchen"",""Kitchen Appliances"",""Private Pool""]","[""Sand""]","[""Padel"",""Football"",""Water sports""]","[""Social Lounge"",""Ladies Facilities"",""Picnic Areas"",""Cafes"",""Restaurants"",""Retail""]",Depends on fees & flexibility,"{""age"":""25–34"",""unit_size"":""2BR"",""nationality"":""Saudi Arabia"",""price_range"":""700k–1.5M SAR"",""payment_plan"":""3–5 years"",""home_features"":[""Privacy"",""Balconies & Terraces"",""Sea Views""],""property_type"":""No preference"",""social_status"":""Single"",""timing_to_buy"":""2030 onwards"",""managed_rental"":""Depends on fees & flexibility"",""no_of_children"":""0"",""primary_reason"":""Both"",""exterior_colour"":[""Sand""],""has_second_home"":""No"",""sport_amenities"":[""Padel"",""Football"",""Water sports""],""premium_features"":[""Installed Kitchen"",""Kitchen Appliances"",""Private Pool""],""community_mobility"":[""Walking"",""Cycling"",""Private Buggy"",""Shared Buggy / Community Shuttle"",""Personal Car""],""staff_accommodation"":""A maid's room"",""additional_amenities"":[""Social Lounge"",""Ladies Facilities"",""Picnic Areas"",""Cafes"",""Restaurants"",""Retail""],""travel_to_destination"":""Air""}",3–5 years,Air,"[""Walking"",""Cycling"",""Private Buggy"",""Shared Buggy / Community Shuttle"",""Personal Car""]"
c3ea1ddd-9d01-4a19-bb99-ad7b6dbab7dc,2026-09-13 12:35:50.661728+00,,Under 25,Saudi Arabia,Single,0,No,2030 onwards,Both,Beach Villa,2BR,700k–1.5M SAR,"[""Sea Views""]",Not required,"[""Private Pool""]","[""Blue""]","[""Basketball"",""Volleyball"",""Tennis""]","[""Restaurants"",""Cafes"",""Retail"",""Social Lounge"",""Children's Club"",""Spa & Gym"",""Ladies Facilities"",""Picnic Areas"",""Beach Club""]",Depends on fees & flexibility,"{""age"":""Under 25"",""unit_size"":""2BR"",""nationality"":""Saudi Arabia"",""price_range"":""700k–1.5M SAR"",""payment_plan"":""5+ yrs"",""home_features"":[""Sea Views""],""property_type"":""Beach Villa"",""social_status"":""Single"",""timing_to_buy"":""2030 onwards"",""managed_rental"":""Depends on fees & flexibility"",""no_of_children"":""0"",""primary_reason"":""Both"",""exterior_colour"":[""Blue""],""has_second_home"":""No"",""sport_amenities"":[""Basketball"",""Volleyball"",""Tennis""],""premium_features"":[""Private Pool""],""community_mobility"":[""Cycling""],""staff_accommodation"":""Not required"",""additional_amenities"":[""Restaurants"",""Cafes"",""Retail"",""Social Lounge"",""Children's Club"",""Spa & Gym"",""Ladies Facilities"",""Picnic Areas"",""Beach Club""],""travel_to_destination"":""Air""}",5+ yrs,Air,"[""Cycling""]"
c3ea20be-a7cb-4952-96a3-da78a0c804c8,2026-09-09 13:10:52.936822+00,,35–44,Saudi Arabia,Single,1,No,2026 – 2027,Both,Apartment,2BR,700k–1.5M SAR,"[""Outdoor Space"",""Balconies & Terraces"",""Sea Views""]",,"[""Installed Kitchen"",""Built-in Wardrobes""]","[""Sage""]","[""Football"",""Water sports""]","[""Spa & Gym"",""Social Lounge"",""Ladies Facilities"",""Beach Club"",""Restaurants"",""Retail"",""Cafes"",""Picnic Areas"",""Children's Club""]",Depends on fees & flexibility,"{""age"":""35–44"",""unit_size"":""2BR"",""nationality"":""Saudi Arabia"",""price_range"":""700k–1.5M SAR"",""payment_plan"":""1–2 years"",""home_features"":[""Outdoor Space"",""Balconies & Terraces"",""Sea Views""],""property_type"":""Apartment"",""social_status"":""Single"",""timing_to_buy"":""2026 – 2027"",""managed_rental"":""Depends on fees & flexibility"",""no_of_children"":""1"",""primary_reason"":""Both"",""exterior_colour"":[""Sage""],""has_second_home"":""No"",""sport_amenities"":[""Football"",""Water sports""],""premium_features"":[""Installed Kitchen"",""Built-in Wardrobes""],""community_mobility"":[""Shared Buggy / Community Shuttle""],""staff_accommodation"":null,""additional_amenities"":[""Spa & Gym"",""Social Lounge"",""Ladies Facilities"",""Beach Club"",""Restaurants"",""Retail"",""Cafes"",""Picnic Areas"",""Children's Club""],""travel_to_destination"":""Air""}",1–2 years,Air,"[""Shared Buggy / Community Shuttle""]"
c3fa81e4-45ab-4299-8926-211b2c36d286,2026-09-10 06:12:52.125627+00,,25–34,Saudi Arabia,Single,0,No,2026 – 2027,Both,Beach Villa,5BR+,700k–1.5M SAR,"[""Sea Views""]",Not required,"[""Private Pool"",""Built-in Wardrobes""]","[""Rose""]","[""Water sports"",""Padel"",""Tennis""]","[""Spa & Gym"",""Ladies Facilities"",""Restaurants"",""Cafes"",""Social Lounge"",""Picnic Areas"",""Retail"",""Beach Club"",""Children's Club""]",Depends on fees & flexibility,"{""age"":""25–34"",""unit_size"":""5BR+"",""nationality"":""Saudi Arabia"",""price_range"":""700k–1.5M SAR"",""payment_plan"":""5+ yrs"",""home_features"":[""Sea Views""],""property_type"":""Beach Villa"",""social_status"":""Single"",""timing_to_buy"":""2026 – 2027"",""managed_rental"":""Depends on fees & flexibility"",""no_of_children"":""0"",""primary_reason"":""Both"",""exterior_colour"":[""Rose""],""has_second_home"":""No"",""sport_amenities"":[""Water sports"",""Padel"",""Tennis""],""premium_features"":[""Private Pool"",""Built-in Wardrobes""],""community_mobility"":[""Walking"",""Personal Car""],""staff_accommodation"":""Not required"",""additional_amenities"":[""Spa & Gym"",""Ladies Facilities"",""Restaurants"",""Cafes"",""Social Lounge"",""Picnic Areas"",""Retail"",""Beach Club"",""Children's Club""],""travel_to_destination"":""Air""}",5+ yrs,Air,"[""Walking"",""Personal Car""]"
c49472a8-417d-4e28-9605-b4d3b7e8e4d4,2026-09-09 14:21:53.322642+00,,35–44,United Kingdom,Married,2,Self-owned,2028 – 2029,Investment,Apartment,1BR,700k–1.5M SAR,"[""Balconies & Terraces""]",,"[""Private Pool"",""Built-in Wardrobes""]","[""Sand""]","[""Water sports"",""Football"",""Other: yoga""]","[""Children's Club"",""Beach Club""]",Depends on fees & flexibility,"{""age"":""35–44"",""unit_size"":""1BR"",""nationality"":""United Kingdom"",""price_range"":""700k–1.5M SAR"",""payment_plan"":""5+ yrs"",""home_features"":[""Balconies & Terraces""],""property_type"":""Apartment"",""social_status"":""Married"",""timing_to_buy"":""2028 – 2029"",""managed_rental"":""Depends on fees & flexibility"",""no_of_children"":""2"",""primary_reason"":""Investment"",""exterior_colour"":[""Sand""],""has_second_home"":""Self-owned"",""sport_amenities"":[""Water sports"",""Football"",""Other: yoga""],""premium_features"":[""Private Pool"",""Built-in Wardrobes""],""community_mobility"":[""Walking"",""Cycling""],""staff_accommodation"":null,""additional_amenities"":[""Children's Club"",""Beach Club""],""travel_to_destination"":""Air""}",5+ yrs,Air,"[""Walking"",""Cycling""]"
c54a2a9c-9056-4ca4-9462-276989b35d49,2026-09-09 13:43:18.433699+00,,25–34,Saudi Arabia,Married,2,No,2030 onwards,Both,Villa,2BR,700k–1.5M SAR,"[""Privacy""]",Both,"[""Installed Kitchen""]","[""Other: Whiet""]","[""Football""]","[""Spa & Gym"",""Children's Club"",""Social Lounge"",""Picnic Areas"",""Ladies Facilities"",""Beach Club"",""Retail"",""Cafes"",""Restaurants""]",Depends on fees & flexibility,"{""age"":""25–34"",""unit_size"":""2BR"",""nationality"":""Saudi Arabia"",""price_range"":""700k–1.5M SAR"",""payment_plan"":""5+ yrs"",""home_features"":[""Privacy""],""property_type"":""Villa"",""social_status"":""Married"",""timing_to_buy"":""2030 onwards"",""managed_rental"":""Depends on fees & flexibility"",""no_of_children"":""2"",""primary_reason"":""Both"",""exterior_colour"":[""Other: Whiet""],""has_second_home"":""No"",""sport_amenities"":[""Football""],""premium_features"":[""Installed Kitchen""],""community_mobility"":[""Personal Car""],""staff_accommodation"":""Both"",""additional_amenities"":[""Spa & Gym"",""Children's Club"",""Social Lounge"",""Picnic Areas"",""Ladies Facilities"",""Beach Club"",""Retail"",""Cafes"",""Restaurants""],""travel_to_destination"":""Car""}",5+ yrs,Car,"[""Personal Car""]"
c58df2f5-9aef-4b13-b2e5-a41e6ba26c30,2026-09-09 13:08:04.830733+00,,35–44,Lebanon,Married,2,Family-owned,2028 – 2029,Investment,Townhouse,3BR,700k–1.5M SAR,"[""Outdoor Space"",""Sea Views"",""Balconies & Terraces""]",A maid's room,"[""Installed Kitchen"",""Built-in Wardrobes"",""Kitchen Appliances""]","[""Sand""]","[""Other: gym"",""Water sports""]","[""Spa & Gym"",""Children's Club"",""Beach Club"",""Restaurants"",""Cafes"",""Retail"",""Picnic Areas""]",Depends on return,"{""age"":""35–44"",""unit_size"":""3BR"",""nationality"":""Lebanon"",""price_range"":""700k–1.5M SAR"",""payment_plan"":""5+ yrs"",""home_features"":[""Outdoor Space"",""Sea Views"",""Balconies & Terraces""],""property_type"":""Townhouse"",""social_status"":""Married"",""timing_to_buy"":""2028 – 2029"",""managed_rental"":""Depends on return"",""no_of_children"":""2"",""primary_reason"":""Investment"",""exterior_colour"":[""Sand""],""has_second_home"":""Family-owned"",""sport_amenities"":[""Other: gym"",""Water sports""],""premium_features"":[""Installed Kitchen"",""Built-in Wardrobes"",""Kitchen Appliances""],""community_mobility"":[""Walking""],""staff_accommodation"":""A maid's room"",""additional_amenities"":[""Spa & Gym"",""Children's Club"",""Beach Club"",""Restaurants"",""Cafes"",""Retail"",""Picnic Areas""],""travel_to_destination"":""Air""}",5+ yrs,Air,"[""Walking""]"
c5e4e5e4-4f30-4be5-a6cf-7a72d8fd8e98,2026-09-09 13:18:19.719011+00,,25–34,Saudi Arabia,Single,0,Family-owned,2028 – 2029,Both,Apartment,Studio,700k–1.5M SAR,"[""Outdoor Space""]",,"[""Private Pool""]","[""Blue""]","[""Football""]","[""Spa & Gym""]",Yes,"{""age"":""25–34"",""unit_size"":""Studio"",""nationality"":""Saudi Arabia"",""price_range"":""700k–1.5M SAR"",""payment_plan"":""1–2 years"",""home_features"":[""Outdoor Space""],""property_type"":""Apartment"",""social_status"":""Single"",""timing_to_buy"":""2028 – 2029"",""managed_rental"":""Yes"",""no_of_children"":""0"",""primary_reason"":""Both"",""exterior_colour"":[""Blue""],""has_second_home"":""Family-owned"",""sport_amenities"":[""Football""],""premium_features"":[""Private Pool""],""community_mobility"":[""Private Buggy""],""staff_accommodation"":null,""additional_amenities"":[""Spa & Gym""],""travel_to_destination"":""Car""}",1–2 years,Car,"[""Private Buggy""]"
c743efa2-65a0-4492-a5cf-c4fa811d266e,2026-09-13 08:14:07.397448+00,,45–54,United Kingdom,Married,1,No,2030 onwards,Both,Beach Villa,3BR,1.5M–3M SAR,"[""Sea Views"",""Outdoor Space"",""Privacy""]",Not required,"[""Installed Kitchen"",""Built-in Wardrobes"",""Private Pool""]","[""Sand""]","[""Water sports""]","[""Spa & Gym"",""Restaurants"",""Cafes"",""Retail"",""Beach Club""]",Depends on fees & flexibility,"{""age"":""45–54"",""unit_size"":""3BR"",""nationality"":""United Kingdom"",""price_range"":""1.5M–3M SAR"",""payment_plan"":""5+ yrs"",""home_features"":[""Sea Views"",""Outdoor Space"",""Privacy""],""property_type"":""Beach Villa"",""social_status"":""Married"",""timing_to_buy"":""2030 onwards"",""managed_rental"":""Depends on fees & flexibility"",""no_of_children"":""1"",""primary_reason"":""Both"",""exterior_colour"":[""Sand""],""has_second_home"":""No"",""sport_amenities"":[""Water sports""],""premium_features"":[""Installed Kitchen"",""Built-in Wardrobes"",""Private Pool""],""community_mobility"":[""Walking""],""staff_accommodation"":""Not required"",""additional_amenities"":[""Spa & Gym"",""Restaurants"",""Cafes"",""Retail"",""Beach Club""],""travel_to_destination"":""Air""}",5+ yrs,Air,"[""Walking""]"
c7a401b9-ea50-4c69-93f9-742f23a2734e,2026-09-09 14:21:53.877015+00,,25–34,Saudi Arabia,Single,0,No,2030 onwards,Investment,Townhouse,3BR,1.5M–3M SAR,"[""Outdoor Space"",""Balconies & Terraces"",""Sea Views""]",A maid's room,"[""Private Pool""]","[""Sage""]","[""Padel"",""Tennis"",""Volleyball""]","[""Spa & Gym"",""Social Lounge""]",Depends on fees & flexibility,"{""age"":""25–34"",""unit_size"":""3BR"",""nationality"":""Saudi Arabia"",""price_range"":""1.5M–3M SAR"",""payment_plan"":""5+ yrs"",""home_features"":[""Outdoor Space"",""Balconies & Terraces"",""Sea Views""],""property_type"":""Townhouse"",""social_status"":""Single"",""timing_to_buy"":""2030 onwards"",""managed_rental"":""Depends on fees & flexibility"",""no_of_children"":""0"",""primary_reason"":""Investment"",""exterior_colour"":[""Sage""],""has_second_home"":""No"",""sport_amenities"":[""Padel"",""Tennis"",""Volleyball""],""premium_features"":[""Private Pool""],""community_mobility"":[""Walking"",""Cycling""],""staff_accommodation"":""A maid's room"",""additional_amenities"":[""Spa & Gym"",""Social Lounge""],""travel_to_destination"":""Car""}",5+ yrs,Car,"[""Walking"",""Cycling""]"
c7ab76eb-d42d-42ed-9fc7-50e0836185d0,2026-09-09 13:07:06.854652+00,,25–34,Saudi Arabia,Married,1,No,2030 onwards,Both,Beach Villa,3BR,700k–1.5M SAR,"[""Sea Views""]",A maid's room,"[""Installed Kitchen""]","[""Sand""]","[""Padel"",""Water sports"",""Tennis""]","[""Spa & Gym"",""Children's Club"",""Restaurants"",""Cafes""]",Depends on fees & flexibility,"{""age"":""25–34"",""unit_size"":""3BR"",""nationality"":""Saudi Arabia"",""price_range"":""700k–1.5M SAR"",""payment_plan"":""5+ yrs"",""home_features"":[""Sea Views""],""property_type"":""Beach Villa"",""social_status"":""Married"",""timing_to_buy"":""2030 onwards"",""managed_rental"":""Depends on fees & flexibility"",""no_of_children"":""1"",""primary_reason"":""Both"",""exterior_colour"":[""Sand""],""has_second_home"":""No"",""sport_amenities"":[""Padel"",""Water sports"",""Tennis""],""premium_features"":[""Installed Kitchen""],""community_mobility"":[""Walking""],""staff_accommodation"":""A maid's room"",""additional_amenities"":[""Spa & Gym"",""Children's Club"",""Restaurants"",""Cafes""],""travel_to_destination"":""Car""}",5+ yrs,Car,"[""Walking""]"
c823f636-4ed7-4b59-a580-4498d35cf67c,2026-09-09 14:26:44.360532+00,,35–44,Sri Lanka,Married,1,Self-owned,2026 – 2027,Investment,No preference,1BR,700k–1.5M SAR,"[""Sea Views"",""Balconies & Terraces"",""Privacy""]",A maid's room,"[""Installed Kitchen"",""Built-in Wardrobes""]","[""Sand""]","[""Tennis"",""Padel""]","[""Spa & Gym"",""Social Lounge"",""Restaurants"",""Cafes""]",Depends on fees & flexibility,"{""age"":""35–44"",""unit_size"":""1BR"",""nationality"":""Sri Lanka"",""price_range"":""700k–1.5M SAR"",""payment_plan"":""3–5 years"",""home_features"":[""Sea Views"",""Balconies & Terraces"",""Privacy""],""property_type"":""No preference"",""social_status"":""Married"",""timing_to_buy"":""2026 – 2027"",""managed_rental"":""Depends on fees & flexibility"",""no_of_children"":""1"",""primary_reason"":""Investment"",""exterior_colour"":[""Sand""],""has_second_home"":""Self-owned"",""sport_amenities"":[""Tennis"",""Padel""],""premium_features"":[""Installed Kitchen"",""Built-in Wardrobes""],""community_mobility"":[""Cycling"",""Walking"",""Personal Car"",""Private Buggy""],""staff_accommodation"":""A maid's room"",""additional_amenities"":[""Spa & Gym"",""Social Lounge"",""Restaurants"",""Cafes""],""travel_to_destination"":""Car""}",3–5 years,Car,"[""Cycling"",""Walking"",""Personal Car"",""Private Buggy""]"
c852141c-addd-4652-bcb4-a84dd90f5ba5,2026-09-10 06:14:37.830558+00,,25–34,Saudi Arabia,Single,0,Family-owned,2028 – 2029,Both,Villa,3BR,700k–1.5M SAR,"[""Outdoor Space"",""Sea Views"",""Privacy""]",A maid's room,"[""Built-in Wardrobes"",""Installed Kitchen"",""Private Pool"",""Kitchen Appliances""]","[""Sand""]","[""Padel"",""Football"",""Volleyball""]","[""Spa & Gym"",""Social Lounge"",""Beach Club"",""Restaurants"",""Cafes"",""Retail""]",Depends on return,"{""age"":""25–34"",""unit_size"":""3BR"",""nationality"":""Saudi Arabia"",""price_range"":""700k–1.5M SAR"",""payment_plan"":""5+ yrs"",""home_features"":[""Outdoor Space"",""Sea Views"",""Privacy""],""property_type"":""Villa"",""social_status"":""Single"",""timing_to_buy"":""2028 – 2029"",""managed_rental"":""Depends on return"",""no_of_children"":""0"",""primary_reason"":""Both"",""exterior_colour"":[""Sand""],""has_second_home"":""Family-owned"",""sport_amenities"":[""Padel"",""Football"",""Volleyball""],""premium_features"":[""Built-in Wardrobes"",""Installed Kitchen"",""Private Pool"",""Kitchen Appliances""],""community_mobility"":[""Walking"",""Cycling"",""Private Buggy""],""staff_accommodation"":""A maid's room"",""additional_amenities"":[""Spa & Gym"",""Social Lounge"",""Beach Club"",""Restaurants"",""Cafes"",""Retail""],""travel_to_destination"":""Car""}",5+ yrs,Car,"[""Walking"",""Cycling"",""Private Buggy""]"
c88ab9f9-f3f0-42b6-b659-f57cc54bf763,2026-09-09 13:18:48.660557+00,,35–44,Saudi Arabia,Married,2,No,2030 onwards,Both,Townhouse,2BR,700k–1.5M SAR,"[""Sea Views"",""Privacy"",""Park Views""]",A maid's room,"[""Installed Kitchen"",""Built-in Wardrobes"",""Kitchen Appliances""]","[""Sage"",""Blue""]","[""Tennis"",""Padel"",""Football""]","[""Children's Club"",""Restaurants"",""Ladies Facilities"",""Retail"",""Cafes"",""Spa & Gym""]",Depends on fees & flexibility,"{""age"":""35–44"",""unit_size"":""2BR"",""nationality"":""Saudi Arabia"",""price_range"":""700k–1.5M SAR"",""payment_plan"":""5+ yrs"",""home_features"":[""Sea Views"",""Privacy"",""Park Views""],""property_type"":""Townhouse"",""social_status"":""Married"",""timing_to_buy"":""2030 onwards"",""managed_rental"":""Depends on fees & flexibility"",""no_of_children"":""2"",""primary_reason"":""Both"",""exterior_colour"":[""Sage"",""Blue""],""has_second_home"":""No"",""sport_amenities"":[""Tennis"",""Padel"",""Football""],""premium_features"":[""Installed Kitchen"",""Built-in Wardrobes"",""Kitchen Appliances""],""community_mobility"":[""Walking"",""Cycling"",""Shared Buggy / Community Shuttle""],""staff_accommodation"":""A maid's room"",""additional_amenities"":[""Children's Club"",""Restaurants"",""Ladies Facilities"",""Retail"",""Cafes"",""Spa & Gym""],""travel_to_destination"":""Car""}",5+ yrs,Car,"[""Walking"",""Cycling"",""Shared Buggy / Community Shuttle""]"
c973717c-6bd5-4337-84fa-37fd756d9874,2026-09-09 13:33:17.030783+00,,25–34,Saudi Arabia,Single,0,Family-owned,2028 – 2029,Both,No preference,2BR,700k–1.5M SAR,"[""Sea Views"",""Outdoor Space""]",Not required,"[""Kitchen Appliances""]","[""Sand"",""Other: white""]","[""Water sports""]","[""Spa & Gym"",""Picnic Areas"",""Cafes"",""Restaurants"",""Beach Club"",""Retail"",""Social Lounge""]",Depends on return,"{""age"":""25–34"",""unit_size"":""2BR"",""nationality"":""Saudi Arabia"",""price_range"":""700k–1.5M SAR"",""payment_plan"":""5+ yrs"",""home_features"":[""Sea Views"",""Outdoor Space""],""property_type"":""No preference"",""social_status"":""Single"",""timing_to_buy"":""2028 – 2029"",""managed_rental"":""Depends on return"",""no_of_children"":""0"",""primary_reason"":""Both"",""exterior_colour"":[""Sand"",""Other: white""],""has_second_home"":""Family-owned"",""sport_amenities"":[""Water sports""],""premium_features"":[""Kitchen Appliances""],""community_mobility"":[""Walking""],""staff_accommodation"":""Not required"",""additional_amenities"":[""Spa & Gym"",""Picnic Areas"",""Cafes"",""Restaurants"",""Beach Club"",""Retail"",""Social Lounge""],""travel_to_destination"":""Car""}",5+ yrs,Car,"[""Walking""]"
c98da1eb-e0ec-48e0-a438-ae03081e9fec,2026-09-09 14:11:09.865333+00,,35–44,Saudi Arabia,Married,3,Family-owned,2026 – 2027,Both,Apartment,2BR,700k–1.5M SAR,"[""Balconies & Terraces"",""Park Views"",""Privacy""]",,"[""Built-in Wardrobes"",""Kitchen Appliances"",""Installed Kitchen""]","[""Sand""]","[""Padel"",""Tennis""]","[""Children's Club"",""Ladies Facilities""]",Depends on fees & flexibility,"{""age"":""35–44"",""unit_size"":""2BR"",""nationality"":""Saudi Arabia"",""price_range"":""700k–1.5M SAR"",""payment_plan"":""3–5 years"",""home_features"":[""Balconies & Terraces"",""Park Views"",""Privacy""],""property_type"":""Apartment"",""social_status"":""Married"",""timing_to_buy"":""2026 – 2027"",""managed_rental"":""Depends on fees & flexibility"",""no_of_children"":""3"",""primary_reason"":""Both"",""exterior_colour"":[""Sand""],""has_second_home"":""Family-owned"",""sport_amenities"":[""Padel"",""Tennis""],""premium_features"":[""Built-in Wardrobes"",""Kitchen Appliances"",""Installed Kitchen""],""community_mobility"":[""Walking"",""Cycling"",""Shared Buggy / Community Shuttle""],""staff_accommodation"":null,""additional_amenities"":[""Children's Club"",""Ladies Facilities""],""travel_to_destination"":""Car""}",3–5 years,Car,"[""Walking"",""Cycling"",""Shared Buggy / Community Shuttle""]"
c9c6b1e4-dd40-4f66-b3ac-b43d7997bebd,2026-09-09 13:41:01.524354+00,,55–64,Philippines,Married,4+,Family-owned,2030 onwards,Both,Villa,2BR,700k–1.5M SAR,"[""Balconies & Terraces"",""Privacy""]",Not required,"[""Installed Kitchen""]","[""Sand""]","[""Basketball"",""Volleyball"",""Water sports""]","[""Spa & Gym"",""Children's Club"",""Cafes"",""Picnic Areas""]",Yes,"{""age"":""55–64"",""unit_size"":""2BR"",""nationality"":""Philippines"",""price_range"":""700k–1.5M SAR"",""payment_plan"":""5+ yrs"",""home_features"":[""Balconies & Terraces"",""Privacy""],""property_type"":""Villa"",""social_status"":""Married"",""timing_to_buy"":""2030 onwards"",""managed_rental"":""Yes"",""no_of_children"":""4+"",""primary_reason"":""Both"",""exterior_colour"":[""Sand""],""has_second_home"":""Family-owned"",""sport_amenities"":[""Basketball"",""Volleyball"",""Water sports""],""premium_features"":[""Installed Kitchen""],""community_mobility"":[""Walking"",""Personal Car""],""staff_accommodation"":""Not required"",""additional_amenities"":[""Spa & Gym"",""Children's Club"",""Cafes"",""Picnic Areas""],""travel_to_destination"":""Air""}",5+ yrs,Air,"[""Walking"",""Personal Car""]"
c9f8b234-7ac8-4dd9-84d5-33c07d5c1fd0,2026-09-12 14:19:59.388554+00,,35–44,Saudi Arabia,Married,2,Self-owned,2026 – 2027,Both,Apartment,2BR,1.5M–3M SAR,"[""Sea Views"",""Park Views"",""Balconies & Terraces""]",,"[""Installed Kitchen"",""Kitchen Appliances"",""Built-in Wardrobes""]","[""Other: White""]","[""Football""]","[""Children's Club"",""Social Lounge"",""Restaurants"",""Cafes"",""Retail"",""Picnic Areas""]",Yes,"{""age"":""35–44"",""unit_size"":""2BR"",""nationality"":""Saudi Arabia"",""price_range"":""1.5M–3M SAR"",""payment_plan"":""5+ yrs"",""home_features"":[""Sea Views"",""Park Views"",""Balconies & Terraces""],""property_type"":""Apartment"",""social_status"":""Married"",""timing_to_buy"":""2026 – 2027"",""managed_rental"":""Yes"",""no_of_children"":""2"",""primary_reason"":""Both"",""exterior_colour"":[""Other: White""],""has_second_home"":""Self-owned"",""sport_amenities"":[""Football""],""premium_features"":[""Installed Kitchen"",""Kitchen Appliances"",""Built-in Wardrobes""],""community_mobility"":[""Walking"",""Shared Buggy / Community Shuttle"",""Private Buggy"",""Cycling""],""staff_accommodation"":null,""additional_amenities"":[""Children's Club"",""Social Lounge"",""Restaurants"",""Cafes"",""Retail"",""Picnic Areas""],""travel_to_destination"":""Air""}",5+ yrs,Air,"[""Walking"",""Shared Buggy / Community Shuttle"",""Private Buggy"",""Cycling""]"
ca9a2fcd-d0fc-4056-a21e-3715c1fcddd3,2026-09-09 13:11:38.315423+00,,25–34,Saudi Arabia,Married,0,Family-owned,2030 onwards,Both,Villa,3BR,1.5M–3M SAR,"[""Outdoor Space"",""Sea Views"",""Privacy""]",A maid's room,"[""Installed Kitchen""]","[""Sand""]","[""Padel"",""Football"",""Water sports""]","[""Spa & Gym"",""Social Lounge"",""Children's Club"",""Restaurants"",""Beach Club"",""Retail"",""Cafes"",""Picnic Areas"",""Ladies Facilities""]",Depends on fees & flexibility,"{""age"":""25–34"",""unit_size"":""3BR"",""nationality"":""Saudi Arabia"",""price_range"":""1.5M–3M SAR"",""payment_plan"":""5+ yrs"",""home_features"":[""Outdoor Space"",""Sea Views"",""Privacy""],""property_type"":""Villa"",""social_status"":""Married"",""timing_to_buy"":""2030 onwards"",""managed_rental"":""Depends on fees & flexibility"",""no_of_children"":""0"",""primary_reason"":""Both"",""exterior_colour"":[""Sand""],""has_second_home"":""Family-owned"",""sport_amenities"":[""Padel"",""Football"",""Water sports""],""premium_features"":[""Installed Kitchen""],""community_mobility"":[""Walking"",""Cycling""],""staff_accommodation"":""A maid's room"",""additional_amenities"":[""Spa & Gym"",""Social Lounge"",""Children's Club"",""Restaurants"",""Beach Club"",""Retail"",""Cafes"",""Picnic Areas"",""Ladies Facilities""],""travel_to_destination"":""Air""}",5+ yrs,Air,"[""Walking"",""Cycling""]"
cab82706-b3a9-4b32-b894-7b4039eeb4fd,2026-09-09 13:13:57.770893+00,,35–44,United Kingdom,Married,0,No,2028 – 2029,Investment,No preference,1BR,700k–1.5M SAR,"[""Outdoor Space"",""Privacy"",""Other: Functional kitchen""]",Not required,"[""Installed Kitchen""]","[""Sage""]","[""Water sports"",""Other: Diving""]","[""Spa & Gym"",""Social Lounge"",""Beach Club"",""Restaurants"",""Cafes"",""Retail""]",Yes,"{""age"":""35–44"",""unit_size"":""1BR"",""nationality"":""United Kingdom"",""price_range"":""700k–1.5M SAR"",""payment_plan"":""1–2 years"",""home_features"":[""Outdoor Space"",""Privacy"",""Other: Functional kitchen""],""property_type"":""No preference"",""social_status"":""Married"",""timing_to_buy"":""2028 – 2029"",""managed_rental"":""Yes"",""no_of_children"":""0"",""primary_reason"":""Investment"",""exterior_colour"":[""Sage""],""has_second_home"":""No"",""sport_amenities"":[""Water sports"",""Other: Diving""],""premium_features"":[""Installed Kitchen""],""community_mobility"":[""Walking"",""Cycling"",""Shared Buggy / Community Shuttle""],""staff_accommodation"":""Not required"",""additional_amenities"":[""Spa & Gym"",""Social Lounge"",""Beach Club"",""Restaurants"",""Cafes"",""Retail""],""travel_to_destination"":""Air""}",1–2 years,Air,"[""Walking"",""Cycling"",""Shared Buggy / Community Shuttle""]"
cd131f95-6b0a-4a48-9811-452800360039,2026-09-09 13:08:16.721898+00,,35–44,United Kingdom,Married,2,Self-owned,2028 – 2029,Family holidays,Townhouse,2BR,700k–1.5M SAR,"[""Sea Views"",""Park Views"",""Outdoor Space""]",Not required,"[""Installed Kitchen"",""Kitchen Appliances"",""Built-in Wardrobes""]","[""Rose""]","[""Padel""]","[""Children's Club"",""Restaurants"",""Cafes"",""Retail""]",Depends on fees & flexibility,"{""age"":""35–44"",""unit_size"":""2BR"",""nationality"":""United Kingdom"",""price_range"":""700k–1.5M SAR"",""payment_plan"":""5+ yrs"",""home_features"":[""Sea Views"",""Park Views"",""Outdoor Space""],""property_type"":""Townhouse"",""social_status"":""Married"",""timing_to_buy"":""2028 – 2029"",""managed_rental"":""Depends on fees & flexibility"",""no_of_children"":""2"",""primary_reason"":""Family holidays"",""exterior_colour"":[""Rose""],""has_second_home"":""Self-owned"",""sport_amenities"":[""Padel""],""premium_features"":[""Installed Kitchen"",""Kitchen Appliances"",""Built-in Wardrobes""],""community_mobility"":[""Walking"",""Personal Car""],""staff_accommodation"":""Not required"",""additional_amenities"":[""Children's Club"",""Restaurants"",""Cafes"",""Retail""],""travel_to_destination"":""Car""}",5+ yrs,Car,"[""Walking"",""Personal Car""]"
cd3abd17-3511-4f66-a55a-e3a2b27b9fb7,2026-09-09 13:36:10.530481+00,,35–44,Saudi Arabia,Married,2,No,2028 – 2029,Both,Apartment,5BR+,700k–1.5M SAR,"[""Outdoor Space"",""Park Views"",""Sea Views""]",,"[""Private Pool""]","[""Sand""]","[""Water sports"",""Football"",""Padel""]","[""Spa & Gym"",""Children's Club"",""Restaurants"",""Cafes"",""Retail"",""Picnic Areas"",""Social Lounge"",""Ladies Facilities""]",Depends on fees & flexibility,"{""age"":""35–44"",""unit_size"":""5BR+"",""nationality"":""Saudi Arabia"",""price_range"":""700k–1.5M SAR"",""payment_plan"":""5+ yrs"",""home_features"":[""Outdoor Space"",""Park Views"",""Sea Views""],""property_type"":""Apartment"",""social_status"":""Married"",""timing_to_buy"":""2028 – 2029"",""managed_rental"":""Depends on fees & flexibility"",""no_of_children"":""2"",""primary_reason"":""Both"",""exterior_colour"":[""Sand""],""has_second_home"":""No"",""sport_amenities"":[""Water sports"",""Football"",""Padel""],""premium_features"":[""Private Pool""],""community_mobility"":[""Private Buggy""],""staff_accommodation"":null,""additional_amenities"":[""Spa & Gym"",""Children's Club"",""Restaurants"",""Cafes"",""Retail"",""Picnic Areas"",""Social Lounge"",""Ladies Facilities""],""travel_to_destination"":""Car""}",5+ yrs,Car,"[""Private Buggy""]"
cf001b80-8cfe-4c35-b40a-01e2f020ba94,2026-09-09 14:20:17.008683+00,,35–44,Egypt,Married,3,Family-owned,2030 onwards,Family holidays,Townhouse,3BR,1.5M–3M SAR,"[""Outdoor Space"",""Sea Views"",""Balconies & Terraces""]",Not required,"[""Kitchen Appliances"",""Private Pool""]","[""Blue""]","[""Water sports"",""Football""]","[""Children's Club"",""Spa & Gym"",""Restaurants"",""Retail"",""Cafes"",""Beach Club"",""Picnic Areas""]",Depends on fees & flexibility,"{""age"":""35–44"",""unit_size"":""3BR"",""nationality"":""Egypt"",""price_range"":""1.5M–3M SAR"",""payment_plan"":""5+ yrs"",""home_features"":[""Outdoor Space"",""Sea Views"",""Balconies & Terraces""],""property_type"":""Townhouse"",""social_status"":""Married"",""timing_to_buy"":""2030 onwards"",""managed_rental"":""Depends on fees & flexibility"",""no_of_children"":""3"",""primary_reason"":""Family holidays"",""exterior_colour"":[""Blue""],""has_second_home"":""Family-owned"",""sport_amenities"":[""Water sports"",""Football""],""premium_features"":[""Kitchen Appliances"",""Private Pool""],""community_mobility"":[""Cycling"",""Walking""],""staff_accommodation"":""Not required"",""additional_amenities"":[""Children's Club"",""Spa & Gym"",""Restaurants"",""Retail"",""Cafes"",""Beach Club"",""Picnic Areas""],""travel_to_destination"":""Car""}",5+ yrs,Car,"[""Cycling"",""Walking""]"
cf6c9784-013d-4ba8-8876-f670fba34aeb,2026-09-09 13:44:58.49694+00,,55–64,Ireland,Married,3,Self-owned,2028 – 2029,Both,Townhouse,3BR,700k–1.5M SAR,"[""Sea Views""]",Not required,"[""Installed Kitchen""]","[""Sand""]","[""Basketball"",""Tennis""]","[""Social Lounge"",""Ladies Facilities"",""Picnic Areas"",""Restaurants"",""Beach Club"",""Retail""]",Depends on fees & flexibility,"{""age"":""55–64"",""unit_size"":""3BR"",""nationality"":""Ireland"",""price_range"":""700k–1.5M SAR"",""payment_plan"":""Upfront cash in full"",""home_features"":[""Sea Views""],""property_type"":""Townhouse"",""social_status"":""Married"",""timing_to_buy"":""2028 – 2029"",""managed_rental"":""Depends on fees & flexibility"",""no_of_children"":""3"",""primary_reason"":""Both"",""exterior_colour"":[""Sand""],""has_second_home"":""Self-owned"",""sport_amenities"":[""Basketball"",""Tennis""],""premium_features"":[""Installed Kitchen""],""community_mobility"":[""Walking""],""staff_accommodation"":""Not required"",""additional_amenities"":[""Social Lounge"",""Ladies Facilities"",""Picnic Areas"",""Restaurants"",""Beach Club"",""Retail""],""travel_to_destination"":""Air""}",Upfront cash in full,Air,"[""Walking""]"
cf899e82-d22f-4753-a16c-de9151ab0730,2026-09-09 13:14:29.115143+00,,35–44,India,Married,2,No,2028 – 2029,Investment,Villa,2BR,700k–1.5M SAR,"[""Sea Views"",""Outdoor Space"",""Park Views""]",Not required,"[""Installed Kitchen"",""Private Pool"",""Built-in Wardrobes""]","[""Sage""]","[""Padel"",""Water sports"",""Other: indoor games""]","[""Children's Club"",""Spa & Gym"",""Restaurants"",""Retail"",""Cafes""]",Depends on return,"{""age"":""35–44"",""unit_size"":""2BR"",""nationality"":""India"",""price_range"":""700k–1.5M SAR"",""payment_plan"":""5+ yrs"",""home_features"":[""Sea Views"",""Outdoor Space"",""Park Views""],""property_type"":""Villa"",""social_status"":""Married"",""timing_to_buy"":""2028 – 2029"",""managed_rental"":""Depends on return"",""no_of_children"":""2"",""primary_reason"":""Investment"",""exterior_colour"":[""Sage""],""has_second_home"":""No"",""sport_amenities"":[""Padel"",""Water sports"",""Other: indoor games""],""premium_features"":[""Installed Kitchen"",""Private Pool"",""Built-in Wardrobes""],""community_mobility"":[""Personal Car"",""Walking"",""Shared Buggy / Community Shuttle""],""staff_accommodation"":""Not required"",""additional_amenities"":[""Children's Club"",""Spa & Gym"",""Restaurants"",""Retail"",""Cafes""],""travel_to_destination"":""Car""}",5+ yrs,Car,"[""Personal Car"",""Walking"",""Shared Buggy / Community Shuttle""]"
cfe2d1c8-d307-4cc0-af6e-034a919547ff,2026-09-09 13:11:36.925614+00,,45–54,India,Married,2,Self-owned,2030 onwards,Both,Villa,3BR,700k–1.5M SAR,"[""Balconies & Terraces"",""Sea Views"",""Outdoor Space""]",Not required,"[""Installed Kitchen"",""Kitchen Appliances"",""Built-in Wardrobes""]","[""Blue""]","[""Padel"",""Tennis"",""Water sports""]","[""Spa & Gym"",""Ladies Facilities"",""Picnic Areas"",""Social Lounge"",""Beach Club"",""Cafes""]",Depends on fees & flexibility,"{""age"":""45–54"",""unit_size"":""3BR"",""nationality"":""India"",""price_range"":""700k–1.5M SAR"",""payment_plan"":""5+ yrs"",""home_features"":[""Balconies & Terraces"",""Sea Views"",""Outdoor Space""],""property_type"":""Villa"",""social_status"":""Married"",""timing_to_buy"":""2030 onwards"",""managed_rental"":""Depends on fees & flexibility"",""no_of_children"":""2"",""primary_reason"":""Both"",""exterior_colour"":[""Blue""],""has_second_home"":""Self-owned"",""sport_amenities"":[""Padel"",""Tennis"",""Water sports""],""premium_features"":[""Installed Kitchen"",""Kitchen Appliances"",""Built-in Wardrobes""],""community_mobility"":[""Walking"",""Cycling""],""staff_accommodation"":""Not required"",""additional_amenities"":[""Spa & Gym"",""Ladies Facilities"",""Picnic Areas"",""Social Lounge"",""Beach Club"",""Cafes""],""travel_to_destination"":""Car""}",5+ yrs,Car,"[""Walking"",""Cycling""]"
cfede4b3-02b6-4e96-9765-4cf44bc80046,2026-09-09 13:15:36.644766+00,,25–34,Saudi Arabia,Married,2,No,2026 – 2027,Both,Villa,4BR,700k–1.5M SAR,"[""Privacy""]",Both,"[""Installed Kitchen""]","[""Sand""]","[""Water sports"",""Padel"",""Football""]","[""Spa & Gym"",""Children's Club"",""Retail"",""Cafes"",""Restaurants""]",Yes,"{""age"":""25–34"",""unit_size"":""4BR"",""nationality"":""Saudi Arabia"",""price_range"":""700k–1.5M SAR"",""payment_plan"":""5+ yrs"",""home_features"":[""Privacy""],""property_type"":""Villa"",""social_status"":""Married"",""timing_to_buy"":""2026 – 2027"",""managed_rental"":""Yes"",""no_of_children"":""2"",""primary_reason"":""Both"",""exterior_colour"":[""Sand""],""has_second_home"":""No"",""sport_amenities"":[""Water sports"",""Padel"",""Football""],""premium_features"":[""Installed Kitchen""],""community_mobility"":[""Walking"",""Personal Car""],""staff_accommodation"":""Both"",""additional_amenities"":[""Spa & Gym"",""Children's Club"",""Retail"",""Cafes"",""Restaurants""],""travel_to_destination"":""Car""}",5+ yrs,Car,"[""Walking"",""Personal Car""]"
d022e411-dc62-4d36-b3ed-69dfa1c2dcde,2026-09-10 04:54:57.028207+00,,45–54,Ireland,Married,0,Self-owned,2028 – 2029,Investment,Beach Villa,3BR,1.5M–3M SAR,"[""Outdoor Space"",""Sea Views"",""Other: ability to drive & park my private car to my front door; .""]",A maid's room,"[""Installed Kitchen"",""Built-in Wardrobes""]","[""Sand"",""Other: White - I dont like the colours""]","[""Tennis"",""Padel"",""Other: Squash""]","[""Spa & Gym"",""Social Lounge"",""Ladies Facilities"",""Picnic Areas"",""Beach Club"",""Restaurants"",""Cafes"",""Retail"",""Other: Community centre where people can go for information; full sized supermarket; vet clinic""]",Depends on return,"{""age"":""45–54"",""unit_size"":""3BR"",""nationality"":""Ireland"",""price_range"":""1.5M–3M SAR"",""payment_plan"":""5+ yrs"",""home_features"":[""Outdoor Space"",""Sea Views"",""Other: ability to drive & park my private car to my front door; .""],""property_type"":""Beach Villa"",""social_status"":""Married"",""timing_to_buy"":""2028 – 2029"",""managed_rental"":""Depends on return"",""no_of_children"":""0"",""primary_reason"":""Investment"",""exterior_colour"":[""Sand"",""Other: White - I dont like the colours""],""has_second_home"":""Self-owned"",""sport_amenities"":[""Tennis"",""Padel"",""Other: Squash""],""premium_features"":[""Installed Kitchen"",""Built-in Wardrobes""],""community_mobility"":[""Personal Car"",""Private Buggy"",""Walking"",""Cycling""],""staff_accommodation"":""A maid's room"",""additional_amenities"":[""Spa & Gym"",""Social Lounge"",""Ladies Facilities"",""Picnic Areas"",""Beach Club"",""Restaurants"",""Cafes"",""Retail"",""Other: Community centre where people can go for information; full sized supermarket; vet clinic""],""travel_to_destination"":""Air""}",5+ yrs,Air,"[""Personal Car"",""Private Buggy"",""Walking"",""Cycling""]"
d2123044-e9e2-4209-8665-6346ffa41f56,2026-09-09 13:09:18.187409+00,,25–34,Saudi Arabia,Single,0,No,2028 – 2029,Both,Beach Villa,3BR,700k–1.5M SAR,"[""Sea Views"",""Privacy"",""Balconies & Terraces""]",A maid's room,"[""Built-in Wardrobes""]","[""Sage""]","[""Padel"",""Water sports""]","[""Social Lounge"",""Beach Club"",""Picnic Areas"",""Restaurants"",""Cafes"",""Retail""]",Depends on fees & flexibility,"{""age"":""25–34"",""unit_size"":""3BR"",""nationality"":""Saudi Arabia"",""price_range"":""700k–1.5M SAR"",""payment_plan"":""5+ yrs"",""home_features"":[""Sea Views"",""Privacy"",""Balconies & Terraces""],""property_type"":""Beach Villa"",""social_status"":""Single"",""timing_to_buy"":""2028 – 2029"",""managed_rental"":""Depends on fees & flexibility"",""no_of_children"":""0"",""primary_reason"":""Both"",""exterior_colour"":[""Sage""],""has_second_home"":""No"",""sport_amenities"":[""Padel"",""Water sports""],""premium_features"":[""Built-in Wardrobes""],""community_mobility"":[""Walking"",""Shared Buggy / Community Shuttle""],""staff_accommodation"":""A maid's room"",""additional_amenities"":[""Social Lounge"",""Beach Club"",""Picnic Areas"",""Restaurants"",""Cafes"",""Retail""],""travel_to_destination"":""Car""}",5+ yrs,Car,"[""Walking"",""Shared Buggy / Community Shuttle""]"
d234fd34-4466-47d0-a6bf-3337a94a46d4,2026-09-09 14:06:11.761797+00,,35–44,Saudi Arabia,Married,2,Family-owned,2028 – 2029,Both,Townhouse,3BR,700k–1.5M SAR,"[""Balconies & Terraces"",""Park Views"",""Privacy""]",A maid's room,"[""Kitchen Appliances""]","[""Sage""]","[""Football"",""Padel"",""Basketball""]","[""Children's Club"",""Social Lounge"",""Spa & Gym"",""Picnic Areas"",""Cafes"",""Restaurants"",""Retail""]",Depends on fees & flexibility,"{""age"":""35–44"",""unit_size"":""3BR"",""nationality"":""Saudi Arabia"",""price_range"":""700k–1.5M SAR"",""payment_plan"":""1–2 years"",""home_features"":[""Balconies & Terraces"",""Park Views"",""Privacy""],""property_type"":""Townhouse"",""social_status"":""Married"",""timing_to_buy"":""2028 – 2029"",""managed_rental"":""Depends on fees & flexibility"",""no_of_children"":""2"",""primary_reason"":""Both"",""exterior_colour"":[""Sage""],""has_second_home"":""Family-owned"",""sport_amenities"":[""Football"",""Padel"",""Basketball""],""premium_features"":[""Kitchen Appliances""],""community_mobility"":[""Walking"",""Cycling"",""Shared Buggy / Community Shuttle""],""staff_accommodation"":""A maid's room"",""additional_amenities"":[""Children's Club"",""Social Lounge"",""Spa & Gym"",""Picnic Areas"",""Cafes"",""Restaurants"",""Retail""],""travel_to_destination"":""Car""}",1–2 years,Car,"[""Walking"",""Cycling"",""Shared Buggy / Community Shuttle""]"
d26df6cc-022f-4a4e-a298-654cfb2d6c73,2026-09-09 13:38:08.050493+00,,25–34,Saudi Arabia,Single,0,Self-owned,2030 onwards,Both,Beach Villa,2BR,700k–1.5M SAR,"[""Sea Views""]",Not required,"[""Private Pool""]","[""Other: white""]","[""Volleyball""]","[""Spa & Gym"",""Restaurants"",""Beach Club"",""Ladies Facilities""]",Depends on fees & flexibility,"{""age"":""25–34"",""unit_size"":""2BR"",""nationality"":""Saudi Arabia"",""price_range"":""700k–1.5M SAR"",""payment_plan"":""5+ yrs"",""home_features"":[""Sea Views""],""property_type"":""Beach Villa"",""social_status"":""Single"",""timing_to_buy"":""2030 onwards"",""managed_rental"":""Depends on fees & flexibility"",""no_of_children"":""0"",""primary_reason"":""Both"",""exterior_colour"":[""Other: white""],""has_second_home"":""Self-owned"",""sport_amenities"":[""Volleyball""],""premium_features"":[""Private Pool""],""community_mobility"":[""Private Buggy"",""Shared Buggy / Community Shuttle"",""Walking"",""Personal Car""],""staff_accommodation"":""Not required"",""additional_amenities"":[""Spa & Gym"",""Restaurants"",""Beach Club"",""Ladies Facilities""],""travel_to_destination"":""Car""}",5+ yrs,Car,"[""Private Buggy"",""Shared Buggy / Community Shuttle"",""Walking"",""Personal Car""]"
d336b382-fcbf-41c3-bc7b-670eea130d01,2026-09-12 12:06:35.097345+00,,35–44,Netherlands,Married,1,Self-owned,2030 onwards,Family holidays,Townhouse,3BR,700k–1.5M SAR,"[""Outdoor Space"",""Sea Views"",""Balconies & Terraces""]",Not required,"[""Installed Kitchen"",""Built-in Wardrobes"",""Private Pool""]","[""Sand""]","[""Padel"",""Volleyball"",""Water sports""]","[""Spa & Gym"",""Children's Club"",""Beach Club"",""Ladies Facilities"",""Restaurants""]",Yes,"{""age"":""35–44"",""unit_size"":""3BR"",""nationality"":""Netherlands"",""price_range"":""700k–1.5M SAR"",""payment_plan"":""5+ yrs"",""home_features"":[""Outdoor Space"",""Sea Views"",""Balconies & Terraces""],""property_type"":""Townhouse"",""social_status"":""Married"",""timing_to_buy"":""2030 onwards"",""managed_rental"":""Yes"",""no_of_children"":""1"",""primary_reason"":""Family holidays"",""exterior_colour"":[""Sand""],""has_second_home"":""Self-owned"",""sport_amenities"":[""Padel"",""Volleyball"",""Water sports""],""premium_features"":[""Installed Kitchen"",""Built-in Wardrobes"",""Private Pool""],""community_mobility"":[""Cycling"",""Shared Buggy / Community Shuttle"",""Walking""],""staff_accommodation"":""Not required"",""additional_amenities"":[""Spa & Gym"",""Children's Club"",""Beach Club"",""Ladies Facilities"",""Restaurants""],""travel_to_destination"":""Air""}",5+ yrs,Air,"[""Cycling"",""Shared Buggy / Community Shuttle"",""Walking""]"
d3774f34-5431-4ec4-845d-580dbb8afb00,2026-09-09 13:26:13.943896+00,,35–44,Egypt,Married,2,No,2026 – 2027,Investment,No preference,Studio,700k–1.5M SAR,"[""Outdoor Space"",""Balconies & Terraces""]",Not required,"[""Installed Kitchen""]","[""Blue"",""Rose"",""Sage"",""Sand""]","[""Football"",""Padel"",""Water sports""]","[""Children's Club"",""Picnic Areas"",""Cafes"",""Restaurants"",""Beach Club"",""Social Lounge"",""Retail"",""Spa & Gym""]",Depends on return,"{""age"":""35–44"",""unit_size"":""Studio"",""nationality"":""Egypt"",""price_range"":""700k–1.5M SAR"",""payment_plan"":""5+ yrs"",""home_features"":[""Outdoor Space"",""Balconies & Terraces""],""property_type"":""No preference"",""social_status"":""Married"",""timing_to_buy"":""2026 – 2027"",""managed_rental"":""Depends on return"",""no_of_children"":""2"",""primary_reason"":""Investment"",""exterior_colour"":[""Blue"",""Rose"",""Sage"",""Sand""],""has_second_home"":""No"",""sport_amenities"":[""Football"",""Padel"",""Water sports""],""premium_features"":[""Installed Kitchen""],""community_mobility"":[""Walking"",""Cycling""],""staff_accommodation"":""Not required"",""additional_amenities"":[""Children's Club"",""Picnic Areas"",""Cafes"",""Restaurants"",""Beach Club"",""Social Lounge"",""Retail"",""Spa & Gym""],""travel_to_destination"":""Car""}",5+ yrs,Car,"[""Walking"",""Cycling""]"
d393c58d-44ea-4e1f-a594-0d9124088891,2026-09-09 14:27:34.490423+00,,35–44,India,Married,2,No,2030 onwards,Investment,Apartment,3BR,1.5M–3M SAR,"[""Outdoor Space"",""Park Views"",""Balconies & Terraces""]",,"[""Private Pool"",""Built-in Wardrobes"",""Kitchen Appliances"",""Installed Kitchen""]","[""Blue""]","[""Padel"",""Tennis"",""Water sports""]","[""Spa & Gym"",""Children's Club"",""Ladies Facilities"",""Restaurants"",""Cafes"",""Retail"",""Picnic Areas"",""Social Lounge"",""Beach Club""]",Depends on fees & flexibility,"{""age"":""35–44"",""unit_size"":""3BR"",""nationality"":""India"",""price_range"":""1.5M–3M SAR"",""payment_plan"":""5+ yrs"",""home_features"":[""Outdoor Space"",""Park Views"",""Balconies & Terraces""],""property_type"":""Apartment"",""social_status"":""Married"",""timing_to_buy"":""2030 onwards"",""managed_rental"":""Depends on fees & flexibility"",""no_of_children"":""2"",""primary_reason"":""Investment"",""exterior_colour"":[""Blue""],""has_second_home"":""No"",""sport_amenities"":[""Padel"",""Tennis"",""Water sports""],""premium_features"":[""Private Pool"",""Built-in Wardrobes"",""Kitchen Appliances"",""Installed Kitchen""],""community_mobility"":[""Walking"",""Cycling"",""Personal Car"",""Shared Buggy / Community Shuttle""],""staff_accommodation"":null,""additional_amenities"":[""Spa & Gym"",""Children's Club"",""Ladies Facilities"",""Restaurants"",""Cafes"",""Retail"",""Picnic Areas"",""Social Lounge"",""Beach Club""],""travel_to_destination"":""Car""}",5+ yrs,Car,"[""Walking"",""Cycling"",""Personal Car"",""Shared Buggy / Community Shuttle""]"
d3a65d58-3074-4e18-bd90-fbe2ff4098f9,2026-09-10 05:42:33.491707+00,,45–54,Canada,Single,0,Self-owned,2030 onwards,Both,Apartment,1BR,700k–1.5M SAR,"[""Sea Views"",""Balconies & Terraces"",""Outdoor Space""]",,"[""Kitchen Appliances"",""Installed Kitchen""]","[""Rose"",""Sand""]","[""Other: Top Class Fitness Facilities with thermal areas + Dog park""]","[""Spa & Gym"",""Cafes"",""Restaurants"",""Picnic Areas"",""Retail"",""Beach Club"",""Other: Dog park - walkable spaces for outdoor active living""]",Depends on fees & flexibility,"{""age"":""45–54"",""unit_size"":""1BR"",""nationality"":""Canada"",""price_range"":""700k–1.5M SAR"",""payment_plan"":""5+ yrs"",""home_features"":[""Sea Views"",""Balconies & Terraces"",""Outdoor Space""],""property_type"":""Apartment"",""social_status"":""Single"",""timing_to_buy"":""2030 onwards"",""managed_rental"":""Depends on fees & flexibility"",""no_of_children"":""0"",""primary_reason"":""Both"",""exterior_colour"":[""Rose"",""Sand""],""has_second_home"":""Self-owned"",""sport_amenities"":[""Other: Top Class Fitness Facilities with thermal areas + Dog park""],""premium_features"":[""Kitchen Appliances"",""Installed Kitchen""],""community_mobility"":[""Walking"",""Cycling""],""staff_accommodation"":null,""additional_amenities"":[""Spa & Gym"",""Cafes"",""Restaurants"",""Picnic Areas"",""Retail"",""Beach Club"",""Other: Dog park - walkable spaces for outdoor active living""],""travel_to_destination"":""Air""}",5+ yrs,Air,"[""Walking"",""Cycling""]"
d3d5edf3-a3d8-4d82-a632-2b5e932b2add,2026-09-10 06:02:38.34592+00,,35–44,Saudi Arabia,Married,3,Self-owned,2030 onwards,Investment,No preference,3BR,1.5M–3M SAR,"[""Privacy"",""Balconies & Terraces""]",A maid's room,"[""Private Pool""]","[""Sage"",""Sand""]","[""Padel"",""Football"",""Volleyball""]","[""Spa & Gym"",""Children's Club"",""Ladies Facilities"",""Restaurants"",""Cafes"",""Retail""]",Yes,"{""age"":""35–44"",""unit_size"":""3BR"",""nationality"":""Saudi Arabia"",""price_range"":""1.5M–3M SAR"",""payment_plan"":""5+ yrs"",""home_features"":[""Privacy"",""Balconies & Terraces""],""property_type"":""No preference"",""social_status"":""Married"",""timing_to_buy"":""2030 onwards"",""managed_rental"":""Yes"",""no_of_children"":""3"",""primary_reason"":""Investment"",""exterior_colour"":[""Sage"",""Sand""],""has_second_home"":""Self-owned"",""sport_amenities"":[""Padel"",""Football"",""Volleyball""],""premium_features"":[""Private Pool""],""community_mobility"":[""Walking""],""staff_accommodation"":""A maid's room"",""additional_amenities"":[""Spa & Gym"",""Children's Club"",""Ladies Facilities"",""Restaurants"",""Cafes"",""Retail""],""travel_to_destination"":""Air""}",5+ yrs,Air,"[""Walking""]"
d471bd7f-e569-4aa0-b8fc-173b13d514be,2026-09-09 13:33:08.992724+00,,45–54,Philippines,Married,3,Self-owned,2028 – 2029,Investment,Townhouse,3BR,700k–1.5M SAR,"[""Outdoor Space"",""Balconies & Terraces"",""Sea Views""]",Not required,"[""Installed Kitchen""]","[""Sand""]","[""Padel"",""Water sports""]","[""Spa & Gym"",""Children's Club"",""Restaurants"",""Cafes""]",Depends on fees & flexibility,"{""age"":""45–54"",""unit_size"":""3BR"",""nationality"":""Philippines"",""price_range"":""700k–1.5M SAR"",""payment_plan"":""3–5 years"",""home_features"":[""Outdoor Space"",""Balconies & Terraces"",""Sea Views""],""property_type"":""Townhouse"",""social_status"":""Married"",""timing_to_buy"":""2028 – 2029"",""managed_rental"":""Depends on fees & flexibility"",""no_of_children"":""3"",""primary_reason"":""Investment"",""exterior_colour"":[""Sand""],""has_second_home"":""Self-owned"",""sport_amenities"":[""Padel"",""Water sports""],""premium_features"":[""Installed Kitchen""],""community_mobility"":[""Walking"",""Cycling""],""staff_accommodation"":""Not required"",""additional_amenities"":[""Spa & Gym"",""Children's Club"",""Restaurants"",""Cafes""],""travel_to_destination"":""Air""}",3–5 years,Air,"[""Walking"",""Cycling""]"
d5d743eb-69b3-4b56-89ff-3f7286e9686b,2026-09-09 13:39:14.310706+00,,35–44,India,Married,2,No,2030 onwards,Both,Townhouse,3BR,1.5M–3M SAR,"[""Balconies & Terraces"",""Outdoor Space"",""Sea Views""]",A maid's room,"[""Installed Kitchen"",""Kitchen Appliances"",""Built-in Wardrobes"",""Private Pool""]","[""Sand""]","[""Other: badminton""]","[""Spa & Gym"",""Ladies Facilities"",""Children's Club"",""Cafes"",""Restaurants"",""Retail""]",Depends on return,"{""age"":""35–44"",""unit_size"":""3BR"",""nationality"":""India"",""price_range"":""1.5M–3M SAR"",""payment_plan"":""5+ yrs"",""home_features"":[""Balconies & Terraces"",""Outdoor Space"",""Sea Views""],""property_type"":""Townhouse"",""social_status"":""Married"",""timing_to_buy"":""2030 onwards"",""managed_rental"":""Depends on return"",""no_of_children"":""2"",""primary_reason"":""Both"",""exterior_colour"":[""Sand""],""has_second_home"":""No"",""sport_amenities"":[""Other: badminton""],""premium_features"":[""Installed Kitchen"",""Kitchen Appliances"",""Built-in Wardrobes"",""Private Pool""],""community_mobility"":[""Private Buggy"",""Walking"",""Cycling"",""Shared Buggy / Community Shuttle""],""staff_accommodation"":""A maid's room"",""additional_amenities"":[""Spa & Gym"",""Ladies Facilities"",""Children's Club"",""Cafes"",""Restaurants"",""Retail""],""travel_to_destination"":""Car""}",5+ yrs,Car,"[""Private Buggy"",""Walking"",""Cycling"",""Shared Buggy / Community Shuttle""]"
d5fd94e9-2356-46f6-bb9e-d5f6b23f6b9f,2026-09-13 09:15:00.110568+00,,35–44,Saudi Arabia,Married,2,No,2028 – 2029,Both,Townhouse,2BR,1.5M–3M SAR,"[""Balconies & Terraces"",""Outdoor Space"",""Sea Views""]",Not required,"[""Installed Kitchen"",""Kitchen Appliances"",""Built-in Wardrobes"",""Private Pool""]","[""Sand"",""Other: Ones fitting the surroundings and local aesthetics""]","[""Padel"",""Water sports"",""Volleyball""]","[""Spa & Gym"",""Children's Club"",""Beach Club"",""Cafes"",""Retail""]",Yes,"{""age"":""35–44"",""unit_size"":""2BR"",""nationality"":""Saudi Arabia"",""price_range"":""1.5M–3M SAR"",""payment_plan"":""3–5 years"",""home_features"":[""Balconies & Terraces"",""Outdoor Space"",""Sea Views""],""property_type"":""Townhouse"",""social_status"":""Married"",""timing_to_buy"":""2028 – 2029"",""managed_rental"":""Yes"",""no_of_children"":""2"",""primary_reason"":""Both"",""exterior_colour"":[""Sand"",""Other: Ones fitting the surroundings and local aesthetics""],""has_second_home"":""No"",""sport_amenities"":[""Padel"",""Water sports"",""Volleyball""],""premium_features"":[""Installed Kitchen"",""Kitchen Appliances"",""Built-in Wardrobes"",""Private Pool""],""community_mobility"":[""Walking"",""Private Buggy""],""staff_accommodation"":""Not required"",""additional_amenities"":[""Spa & Gym"",""Children's Club"",""Beach Club"",""Cafes"",""Retail""],""travel_to_destination"":""Air""}",3–5 years,Air,"[""Walking"",""Private Buggy""]"
d70684c7-14c9-4822-b3cd-428d22732398,2026-09-09 13:21:29.952908+00,,35–44,India,Married,1,Self-owned,2030 onwards,Family holidays,Beach Villa,2BR,700k–1.5M SAR,"[""Sea Views""]",Not required,"[""Installed Kitchen""]","[""Sage""]","[""Football""]","[""Children's Club"",""Spa & Gym"",""Ladies Facilities"",""Picnic Areas""]",Yes,"{""age"":""35–44"",""unit_size"":""2BR"",""nationality"":""India"",""price_range"":""700k–1.5M SAR"",""payment_plan"":""3–5 years"",""home_features"":[""Sea Views""],""property_type"":""Beach Villa"",""social_status"":""Married"",""timing_to_buy"":""2030 onwards"",""managed_rental"":""Yes"",""no_of_children"":""1"",""primary_reason"":""Family holidays"",""exterior_colour"":[""Sage""],""has_second_home"":""Self-owned"",""sport_amenities"":[""Football""],""premium_features"":[""Installed Kitchen""],""community_mobility"":[""Cycling""],""staff_accommodation"":""Not required"",""additional_amenities"":[""Children's Club"",""Spa & Gym"",""Ladies Facilities"",""Picnic Areas""],""travel_to_destination"":""Car""}",3–5 years,Car,"[""Cycling""]"
d7fbde7b-d8c7-46f2-bef7-b8fac36cf49f,2026-09-10 06:35:28.382838+00,,35–44,Saudi Arabia,Single,0,Family-owned,2028 – 2029,Family holidays,Apartment,5BR+,3M–6M SAR,"[""Sea Views""]",,"[""Built-in Wardrobes"",""Kitchen Appliances"",""Installed Kitchen""]","[""Rose""]","[""Padel"",""Tennis"",""Water sports""]","[""Children's Club"",""Spa & Gym"",""Beach Club"",""Cafes"",""Restaurants""]",Depends on fees & flexibility,"{""age"":""35–44"",""unit_size"":""5BR+"",""nationality"":""Saudi Arabia"",""price_range"":""3M–6M SAR"",""payment_plan"":""3–5 years"",""home_features"":[""Sea Views""],""property_type"":""Apartment"",""social_status"":""Single"",""timing_to_buy"":""2028 – 2029"",""managed_rental"":""Depends on fees & flexibility"",""no_of_children"":""0"",""primary_reason"":""Family holidays"",""exterior_colour"":[""Rose""],""has_second_home"":""Family-owned"",""sport_amenities"":[""Padel"",""Tennis"",""Water sports""],""premium_features"":[""Built-in Wardrobes"",""Kitchen Appliances"",""Installed Kitchen""],""community_mobility"":[""Private Buggy"",""Shared Buggy / Community Shuttle"",""Cycling"",""Walking""],""staff_accommodation"":null,""additional_amenities"":[""Children's Club"",""Spa & Gym"",""Beach Club"",""Cafes"",""Restaurants""],""travel_to_destination"":""Air""}",3–5 years,Air,"[""Private Buggy"",""Shared Buggy / Community Shuttle"",""Cycling"",""Walking""]"
d8a4ac47-1d3b-4b6e-bff8-81b34aa7dc90,2026-09-09 13:14:14.477693+00,,25–34,Saudi Arabia,Single,0,No,2030 onwards,Both,Apartment,2BR,700k–1.5M SAR,"[""Privacy"",""Sea Views"",""Outdoor Space""]",,"[""Other: Balcony, terrace, outdoor areas""]","[""Blue""]","[""Tennis"",""Football"",""Other: running space""]","[""Spa & Gym"",""Children's Club"",""Social Lounge"",""Ladies Facilities"",""Picnic Areas"",""Beach Club"",""Restaurants"",""Cafes"",""Retail""]",Depends on return,"{""age"":""25–34"",""unit_size"":""2BR"",""nationality"":""Saudi Arabia"",""price_range"":""700k–1.5M SAR"",""payment_plan"":""5+ yrs"",""home_features"":[""Privacy"",""Sea Views"",""Outdoor Space""],""property_type"":""Apartment"",""social_status"":""Single"",""timing_to_buy"":""2030 onwards"",""managed_rental"":""Depends on return"",""no_of_children"":""0"",""primary_reason"":""Both"",""exterior_colour"":[""Blue""],""has_second_home"":""No"",""sport_amenities"":[""Tennis"",""Football"",""Other: running space""],""premium_features"":[""Other: Balcony, terrace, outdoor areas""],""community_mobility"":[""Walking""],""staff_accommodation"":null,""additional_amenities"":[""Spa & Gym"",""Children's Club"",""Social Lounge"",""Ladies Facilities"",""Picnic Areas"",""Beach Club"",""Restaurants"",""Cafes"",""Retail""],""travel_to_destination"":""Air""}",5+ yrs,Air,"[""Walking""]"
d90ddb89-89ab-4d37-8c7c-410dae6a072b,2026-09-09 14:09:00.003724+00,,25–34,Saudi Arabia,Single,0,No,2028 – 2029,Investment,Apartment,Studio,700k–1.5M SAR,"[""Sea Views"",""Privacy""]",,"[""Installed Kitchen"",""Private Pool""]","[""Sage""]","[""Water sports"",""Padel""]","[""Spa & Gym"",""Ladies Facilities"",""Cafes"",""Restaurants""]",Yes,"{""age"":""25–34"",""unit_size"":""Studio"",""nationality"":""Saudi Arabia"",""price_range"":""700k–1.5M SAR"",""payment_plan"":""5+ yrs"",""home_features"":[""Sea Views"",""Privacy""],""property_type"":""Apartment"",""social_status"":""Single"",""timing_to_buy"":""2028 – 2029"",""managed_rental"":""Yes"",""no_of_children"":""0"",""primary_reason"":""Investment"",""exterior_colour"":[""Sage""],""has_second_home"":""No"",""sport_amenities"":[""Water sports"",""Padel""],""premium_features"":[""Installed Kitchen"",""Private Pool""],""community_mobility"":[""Private Buggy""],""staff_accommodation"":null,""additional_amenities"":[""Spa & Gym"",""Ladies Facilities"",""Cafes"",""Restaurants""],""travel_to_destination"":""Air""}",5+ yrs,Air,"[""Private Buggy""]"
d9192481-4b90-4f12-88e7-b791f072ba37,2026-09-13 08:35:09.080463+00,,55–64,United Kingdom,Single,2,No,2030 onwards,Investment,Townhouse,2BR,700k–1.5M SAR,"[""Balconies & Terraces"",""Privacy"",""Sea Views""]",Not required,"[""Kitchen Appliances"",""Built-in Wardrobes""]","[""Sand""]","[""Padel""]","[""Restaurants"",""Cafes"",""Retail""]",Depends on return,"{""age"":""55–64"",""unit_size"":""2BR"",""nationality"":""United Kingdom"",""price_range"":""700k–1.5M SAR"",""payment_plan"":""1–2 years"",""home_features"":[""Balconies & Terraces"",""Privacy"",""Sea Views""],""property_type"":""Townhouse"",""social_status"":""Single"",""timing_to_buy"":""2030 onwards"",""managed_rental"":""Depends on return"",""no_of_children"":""2"",""primary_reason"":""Investment"",""exterior_colour"":[""Sand""],""has_second_home"":""No"",""sport_amenities"":[""Padel""],""premium_features"":[""Kitchen Appliances"",""Built-in Wardrobes""],""community_mobility"":[""Walking""],""staff_accommodation"":""Not required"",""additional_amenities"":[""Restaurants"",""Cafes"",""Retail""],""travel_to_destination"":""Car""}",1–2 years,Car,"[""Walking""]"
d93c7092-f912-4dc2-9252-a75968aac10f,2026-09-09 13:21:52.814144+00,,35–44,United Kingdom,Married,2,No,2028 – 2029,Investment,Beach Villa,3BR,1.5M–3M SAR,"[""Sea Views""]",A maid's room,"[""Installed Kitchen"",""Kitchen Appliances"",""Built-in Wardrobes"",""Private Pool""]","[""Sand""]","[""Padel"",""Football"",""Water sports""]","[""Spa & Gym"",""Children's Club"",""Beach Club"",""Cafes"",""Restaurants""]",Depends on return,"{""age"":""35–44"",""unit_size"":""3BR"",""nationality"":""United Kingdom"",""price_range"":""1.5M–3M SAR"",""payment_plan"":""5+ yrs"",""home_features"":[""Sea Views""],""property_type"":""Beach Villa"",""social_status"":""Married"",""timing_to_buy"":""2028 – 2029"",""managed_rental"":""Depends on return"",""no_of_children"":""2"",""primary_reason"":""Investment"",""exterior_colour"":[""Sand""],""has_second_home"":""No"",""sport_amenities"":[""Padel"",""Football"",""Water sports""],""premium_features"":[""Installed Kitchen"",""Kitchen Appliances"",""Built-in Wardrobes"",""Private Pool""],""community_mobility"":[""Cycling""],""staff_accommodation"":""A maid's room"",""additional_amenities"":[""Spa & Gym"",""Children's Club"",""Beach Club"",""Cafes"",""Restaurants""],""travel_to_destination"":""Air""}",5+ yrs,Air,"[""Cycling""]"
d9714711-7c96-4e13-a158-0f0d76fc9bba,2026-09-12 10:26:09.982497+00,,35–44,United Kingdom,Married,3,Self-owned,2026 – 2027,Investment,Townhouse,3BR,700k–1.5M SAR,"[""Sea Views"",""Balconies & Terraces"",""Outdoor Space""]",A maid's room,"[""Private Pool""]","[""Sand"",""Blue""]","[""Padel"",""Water sports"",""Football""]","[""Spa & Gym"",""Beach Club"",""Children's Club"",""Cafes"",""Restaurants"",""Retail""]",Depends on return,"{""age"":""35–44"",""unit_size"":""3BR"",""nationality"":""United Kingdom"",""price_range"":""700k–1.5M SAR"",""payment_plan"":""1–2 years"",""home_features"":[""Sea Views"",""Balconies & Terraces"",""Outdoor Space""],""property_type"":""Townhouse"",""social_status"":""Married"",""timing_to_buy"":""2026 – 2027"",""managed_rental"":""Depends on return"",""no_of_children"":""3"",""primary_reason"":""Investment"",""exterior_colour"":[""Sand"",""Blue""],""has_second_home"":""Self-owned"",""sport_amenities"":[""Padel"",""Water sports"",""Football""],""premium_features"":[""Private Pool""],""community_mobility"":[""Cycling""],""staff_accommodation"":""A maid's room"",""additional_amenities"":[""Spa & Gym"",""Beach Club"",""Children's Club"",""Cafes"",""Restaurants"",""Retail""],""travel_to_destination"":""Car""}",1–2 years,Car,"[""Cycling""]"
da03fe94-fc85-4e1b-8e54-9a9878937fee,2026-09-10 08:17:54.338616+00,,25–34,Saudi Arabia,Single,0,No,2026 – 2027,Family holidays,Beach Villa,2BR,700k–1.5M SAR,"[""Balconies & Terraces"",""Sea Views"",""Park Views""]",A maid's room,"[""Built-in Wardrobes""]","[""Other: regular""]","[""Tennis""]","[""Cafes"",""Restaurants"",""Beach Club"",""Retail"",""Picnic Areas""]",Yes,"{""age"":""25–34"",""unit_size"":""2BR"",""nationality"":""Saudi Arabia"",""price_range"":""700k–1.5M SAR"",""payment_plan"":""3–5 years"",""home_features"":[""Balconies & Terraces"",""Sea Views"",""Park Views""],""property_type"":""Beach Villa"",""social_status"":""Single"",""timing_to_buy"":""2026 – 2027"",""managed_rental"":""Yes"",""no_of_children"":""0"",""primary_reason"":""Family holidays"",""exterior_colour"":[""Other: regular""],""has_second_home"":""No"",""sport_amenities"":[""Tennis""],""premium_features"":[""Built-in Wardrobes""],""community_mobility"":[""Shared Buggy / Community Shuttle"",""Private Buggy"",""Cycling"",""Walking""],""staff_accommodation"":""A maid's room"",""additional_amenities"":[""Cafes"",""Restaurants"",""Beach Club"",""Retail"",""Picnic Areas""],""travel_to_destination"":""Air""}",3–5 years,Air,"[""Shared Buggy / Community Shuttle"",""Private Buggy"",""Cycling"",""Walking""]"
da38cfb7-05be-4497-a96c-366a32865ad1,2026-09-10 05:37:51.181636+00,,35–44,Jordan,Married,2,Family-owned,2026 – 2027,Both,Beach Villa,3BR,700k–1.5M SAR,"[""Sea Views"",""Balconies & Terraces"",""Outdoor Space""]",Not required,"[""Installed Kitchen"",""Built-in Wardrobes""]","[""Blue"",""Sage""]","[""Water sports"",""Padel""]","[""Spa & Gym"",""Children's Club"",""Beach Club"",""Restaurants"",""Cafes"",""Retail""]",Depends on return,"{""age"":""35–44"",""unit_size"":""3BR"",""nationality"":""Jordan"",""price_range"":""700k–1.5M SAR"",""payment_plan"":""5+ yrs"",""home_features"":[""Sea Views"",""Balconies & Terraces"",""Outdoor Space""],""property_type"":""Beach Villa"",""social_status"":""Married"",""timing_to_buy"":""2026 – 2027"",""managed_rental"":""Depends on return"",""no_of_children"":""2"",""primary_reason"":""Both"",""exterior_colour"":[""Blue"",""Sage""],""has_second_home"":""Family-owned"",""sport_amenities"":[""Water sports"",""Padel""],""premium_features"":[""Installed Kitchen"",""Built-in Wardrobes""],""community_mobility"":[""Private Buggy"",""Cycling"",""Walking""],""staff_accommodation"":""Not required"",""additional_amenities"":[""Spa & Gym"",""Children's Club"",""Beach Club"",""Restaurants"",""Cafes"",""Retail""],""travel_to_destination"":""Car""}",5+ yrs,Car,"[""Private Buggy"",""Cycling"",""Walking""]"
db8511dc-06d0-440d-b63a-0e3dbcdee9f5,2026-09-09 13:11:07.126646+00,,25–34,Saudi Arabia,Single,0,Family-owned,2026 – 2027,Both,Villa,3BR,700k–1.5M SAR,"[""Sea Views"",""Park Views"",""Privacy""]",Both,"[""Built-in Wardrobes""]","[""Sand""]","[""Padel"",""Football"",""Water sports""]","[""Spa & Gym"",""Children's Club"",""Social Lounge"",""Cafes"",""Beach Club""]",Yes,"{""age"":""25–34"",""unit_size"":""3BR"",""nationality"":""Saudi Arabia"",""price_range"":""700k–1.5M SAR"",""payment_plan"":""3–5 years"",""home_features"":[""Sea Views"",""Park Views"",""Privacy""],""property_type"":""Villa"",""social_status"":""Single"",""timing_to_buy"":""2026 – 2027"",""managed_rental"":""Yes"",""no_of_children"":""0"",""primary_reason"":""Both"",""exterior_colour"":[""Sand""],""has_second_home"":""Family-owned"",""sport_amenities"":[""Padel"",""Football"",""Water sports""],""premium_features"":[""Built-in Wardrobes""],""community_mobility"":[""Cycling"",""Private Buggy""],""staff_accommodation"":""Both"",""additional_amenities"":[""Spa & Gym"",""Children's Club"",""Social Lounge"",""Cafes"",""Beach Club""],""travel_to_destination"":""Car""}",3–5 years,Car,"[""Cycling"",""Private Buggy""]"
dbbe08a1-43fc-484e-a872-1f2e88a7e724,2026-09-09 16:18:37.41975+00,,25–34,Saudi Arabia,Single,0,Family-owned,2026 – 2027,Both,Townhouse,2BR,700k–1.5M SAR,"[""Sea Views"",""Balconies & Terraces"",""Outdoor Space""]",Not required,"[""Built-in Wardrobes"",""Kitchen Appliances"",""Installed Kitchen""]","[""Blue"",""Sand""]","[""Padel"",""Volleyball""]","[""Spa & Gym"",""Cafes"",""Restaurants"",""Beach Club"",""Social Lounge""]",Depends on fees & flexibility,"{""age"":""25–34"",""unit_size"":""2BR"",""nationality"":""Saudi Arabia"",""price_range"":""700k–1.5M SAR"",""payment_plan"":""5+ yrs"",""home_features"":[""Sea Views"",""Balconies & Terraces"",""Outdoor Space""],""property_type"":""Townhouse"",""social_status"":""Single"",""timing_to_buy"":""2026 – 2027"",""managed_rental"":""Depends on fees & flexibility"",""no_of_children"":""0"",""primary_reason"":""Both"",""exterior_colour"":[""Blue"",""Sand""],""has_second_home"":""Family-owned"",""sport_amenities"":[""Padel"",""Volleyball""],""premium_features"":[""Built-in Wardrobes"",""Kitchen Appliances"",""Installed Kitchen""],""community_mobility"":[""Personal Car""],""staff_accommodation"":""Not required"",""additional_amenities"":[""Spa & Gym"",""Cafes"",""Restaurants"",""Beach Club"",""Social Lounge""],""travel_to_destination"":""Air""}",5+ yrs,Air,"[""Personal Car""]"
dbf42a67-569d-4082-b4bb-38fc6434d511,2026-09-09 15:59:08.349363+00,,25–34,Saudi Arabia,Single,0,No,2028 – 2029,Both,Apartment,Studio,700k–1.5M SAR,"[""Sea Views""]",,"[""Installed Kitchen""]","[""Blue""]","[""Padel"",""Water sports"",""Other: Beach Basketball""]","[""Spa & Gym"",""Beach Club"",""Restaurants"",""Cafes""]",Depends on fees & flexibility,"{""age"":""25–34"",""unit_size"":""Studio"",""nationality"":""Saudi Arabia"",""price_range"":""700k–1.5M SAR"",""payment_plan"":""3–5 years"",""home_features"":[""Sea Views""],""property_type"":""Apartment"",""social_status"":""Single"",""timing_to_buy"":""2028 – 2029"",""managed_rental"":""Depends on fees & flexibility"",""no_of_children"":""0"",""primary_reason"":""Both"",""exterior_colour"":[""Blue""],""has_second_home"":""No"",""sport_amenities"":[""Padel"",""Water sports"",""Other: Beach Basketball""],""premium_features"":[""Installed Kitchen""],""community_mobility"":[""Walking"",""Personal Car"",""Private Buggy""],""staff_accommodation"":null,""additional_amenities"":[""Spa & Gym"",""Beach Club"",""Restaurants"",""Cafes""],""travel_to_destination"":""Car""}",3–5 years,Car,"[""Walking"",""Personal Car"",""Private Buggy""]"
dc0888ea-66c3-4099-bc3f-b7c2a899d018,2026-09-10 11:14:34.424153+00,,55–64,Sri Lanka,Married,0,No,2030 onwards,Investment,Townhouse,3BR,700k–1.5M SAR,"[""Outdoor Space"",""Balconies & Terraces"",""Sea Views""]",Not required,"[""Installed Kitchen"",""Kitchen Appliances"",""Built-in Wardrobes""]","[""Sage""]","[""Tennis"",""Water sports"",""Padel""]","[""Spa & Gym"",""Beach Club"",""Cafes"",""Social Lounge""]",Yes,"{""age"":""55–64"",""unit_size"":""3BR"",""nationality"":""Sri Lanka"",""price_range"":""700k–1.5M SAR"",""payment_plan"":""3–5 years"",""home_features"":[""Outdoor Space"",""Balconies & Terraces"",""Sea Views""],""property_type"":""Townhouse"",""social_status"":""Married"",""timing_to_buy"":""2030 onwards"",""managed_rental"":""Yes"",""no_of_children"":""0"",""primary_reason"":""Investment"",""exterior_colour"":[""Sage""],""has_second_home"":""No"",""sport_amenities"":[""Tennis"",""Water sports"",""Padel""],""premium_features"":[""Installed Kitchen"",""Kitchen Appliances"",""Built-in Wardrobes""],""community_mobility"":[""Walking""],""staff_accommodation"":""Not required"",""additional_amenities"":[""Spa & Gym"",""Beach Club"",""Cafes"",""Social Lounge""],""travel_to_destination"":""Air""}",3–5 years,Air,"[""Walking""]"
dc35d140-daf4-4936-8896-ab623c0336bd,2026-09-09 13:35:37.890075+00,,35–44,Saudi Arabia,Single,0,No,2028 – 2029,Both,No preference,2BR,700k–1.5M SAR,"[""Outdoor Space"",""Balconies & Terraces"",""Privacy""]",A maid's room,"[""Built-in Wardrobes"",""Kitchen Appliances"",""Installed Kitchen""]","[""Sand""]","[""Football"",""Basketball""]","[""Spa & Gym"",""Children's Club"",""Ladies Facilities"",""Restaurants"",""Retail"",""Cafes""]",Depends on fees & flexibility,"{""age"":""35–44"",""unit_size"":""2BR"",""nationality"":""Saudi Arabia"",""price_range"":""700k–1.5M SAR"",""payment_plan"":""5+ yrs"",""home_features"":[""Outdoor Space"",""Balconies & Terraces"",""Privacy""],""property_type"":""No preference"",""social_status"":""Single"",""timing_to_buy"":""2028 – 2029"",""managed_rental"":""Depends on fees & flexibility"",""no_of_children"":""0"",""primary_reason"":""Both"",""exterior_colour"":[""Sand""],""has_second_home"":""No"",""sport_amenities"":[""Football"",""Basketball""],""premium_features"":[""Built-in Wardrobes"",""Kitchen Appliances"",""Installed Kitchen""],""community_mobility"":[""Private Buggy"",""Personal Car""],""staff_accommodation"":""A maid's room"",""additional_amenities"":[""Spa & Gym"",""Children's Club"",""Ladies Facilities"",""Restaurants"",""Retail"",""Cafes""],""travel_to_destination"":""Car""}",5+ yrs,Car,"[""Private Buggy"",""Personal Car""]"
dc37f084-30f7-4efc-9678-8389de61db6d,2026-09-09 13:25:06.941763+00,,35–44,Egypt,Married,0,No,2026 – 2027,Both,Apartment,2BR,700k–1.5M SAR,"[""Balconies & Terraces"",""Privacy"",""Sea Views""]",,"[""Private Pool""]","[""Sage""]","[""Water sports"",""Padel"",""Tennis""]","[""Spa & Gym"",""Children's Club"",""Ladies Facilities"",""Restaurants"",""Cafes""]",Yes,"{""age"":""35–44"",""unit_size"":""2BR"",""nationality"":""Egypt"",""price_range"":""700k–1.5M SAR"",""payment_plan"":""5+ yrs"",""home_features"":[""Balconies & Terraces"",""Privacy"",""Sea Views""],""property_type"":""Apartment"",""social_status"":""Married"",""timing_to_buy"":""2026 – 2027"",""managed_rental"":""Yes"",""no_of_children"":""0"",""primary_reason"":""Both"",""exterior_colour"":[""Sage""],""has_second_home"":""No"",""sport_amenities"":[""Water sports"",""Padel"",""Tennis""],""premium_features"":[""Private Pool""],""community_mobility"":[""Walking"",""Personal Car""],""staff_accommodation"":null,""additional_amenities"":[""Spa & Gym"",""Children's Club"",""Ladies Facilities"",""Restaurants"",""Cafes""],""travel_to_destination"":""Car""}",5+ yrs,Car,"[""Walking"",""Personal Car""]"
dd10cf09-c3ba-4e8a-8d9f-fd5c6bd7a9a7,2026-09-10 07:09:55.461346+00,,45–54,Egypt,Married,4+,No,2028 – 2029,Both,Apartment,4BR,700k–1.5M SAR,"[""Balconies & Terraces""]",,"[""Built-in Wardrobes"",""Installed Kitchen""]","[""Other: Orange""]","[""Other: Squash""]","[""Spa & Gym"",""Ladies Facilities"",""Cafes"",""Beach Club""]",Depends on fees & flexibility,"{""age"":""45–54"",""unit_size"":""4BR"",""nationality"":""Egypt"",""price_range"":""700k–1.5M SAR"",""payment_plan"":""5+ yrs"",""home_features"":[""Balconies & Terraces""],""property_type"":""Apartment"",""social_status"":""Married"",""timing_to_buy"":""2028 – 2029"",""managed_rental"":""Depends on fees & flexibility"",""no_of_children"":""4+"",""primary_reason"":""Both"",""exterior_colour"":[""Other: Orange""],""has_second_home"":""No"",""sport_amenities"":[""Other: Squash""],""premium_features"":[""Built-in Wardrobes"",""Installed Kitchen""],""community_mobility"":[""Walking""],""staff_accommodation"":null,""additional_amenities"":[""Spa & Gym"",""Ladies Facilities"",""Cafes"",""Beach Club""],""travel_to_destination"":""Car""}",5+ yrs,Car,"[""Walking""]"
dd371cf6-a374-4e0e-8b8b-15d97bd24f6f,2026-09-09 13:17:34.139831+00,,35–44,Canada,Married,2,Self-owned,2028 – 2029,Investment,Townhouse,4BR,1.5M–3M SAR,"[""Park Views"",""Privacy"",""Outdoor Space""]",A maid's room,"[""Kitchen Appliances"",""Installed Kitchen"",""Built-in Wardrobes""]","[""Sage""]","[""Padel""]","[""Spa & Gym"",""Children's Club"",""Retail""]",Depends on fees & flexibility,"{""age"":""35–44"",""unit_size"":""4BR"",""nationality"":""Canada"",""price_range"":""1.5M–3M SAR"",""payment_plan"":""1–2 years"",""home_features"":[""Park Views"",""Privacy"",""Outdoor Space""],""property_type"":""Townhouse"",""social_status"":""Married"",""timing_to_buy"":""2028 – 2029"",""managed_rental"":""Depends on fees & flexibility"",""no_of_children"":""2"",""primary_reason"":""Investment"",""exterior_colour"":[""Sage""],""has_second_home"":""Self-owned"",""sport_amenities"":[""Padel""],""premium_features"":[""Kitchen Appliances"",""Installed Kitchen"",""Built-in Wardrobes""],""community_mobility"":[""Shared Buggy / Community Shuttle""],""staff_accommodation"":""A maid's room"",""additional_amenities"":[""Spa & Gym"",""Children's Club"",""Retail""],""travel_to_destination"":""Car""}",1–2 years,Car,"[""Shared Buggy / Community Shuttle""]"
dd37ff6a-daa6-4a1e-9ca7-0608ef8fc016,2026-09-10 05:33:38.461087+00,,55–64,China,Married,2,Family-owned,2026 – 2027,Both,Townhouse,2BR,700k–1.5M SAR,"[""Balconies & Terraces"",""Sea Views"",""Park Views""]",Not required,"[""Built-in Wardrobes"",""Installed Kitchen"",""Other: washing machine, micro oven, furniture""]","[""Sand""]","[""Padel"",""Basketball"",""Other: swimming pool""]","[""Spa & Gym"",""Cafes"",""Other: grocery shop""]",Depends on fees & flexibility,"{""age"":""55–64"",""unit_size"":""2BR"",""nationality"":""China"",""price_range"":""700k–1.5M SAR"",""payment_plan"":""Upfront cash in full"",""home_features"":[""Balconies & Terraces"",""Sea Views"",""Park Views""],""property_type"":""Townhouse"",""social_status"":""Married"",""timing_to_buy"":""2026 – 2027"",""managed_rental"":""Depends on fees & flexibility"",""no_of_children"":""2"",""primary_reason"":""Both"",""exterior_colour"":[""Sand""],""has_second_home"":""Family-owned"",""sport_amenities"":[""Padel"",""Basketball"",""Other: swimming pool""],""premium_features"":[""Built-in Wardrobes"",""Installed Kitchen"",""Other: washing machine, micro oven, furniture""],""community_mobility"":[""Walking"",""Cycling"",""Shared Buggy / Community Shuttle""],""staff_accommodation"":""Not required"",""additional_amenities"":[""Spa & Gym"",""Cafes"",""Other: grocery shop""],""travel_to_destination"":""Car""}",Upfront cash in full,Car,"[""Walking"",""Cycling"",""Shared Buggy / Community Shuttle""]"
dd87d227-2069-485b-acaf-3fbdf48f35b2,2026-09-09 13:29:45.416029+00,,35–44,Saudi Arabia,Married,0,No,2030 onwards,Both,Beach Villa,4BR,700k–1.5M SAR,"[""Privacy"",""Sea Views"",""Park Views""]",A maid's room,"[""Private Pool""]","[""Sand""]","[""Padel"",""Volleyball""]","[""Spa & Gym"",""Children's Club"",""Ladies Facilities"",""Restaurants"",""Cafes"",""Picnic Areas""]",Depends on fees & flexibility,"{""age"":""35–44"",""unit_size"":""4BR"",""nationality"":""Saudi Arabia"",""price_range"":""700k–1.5M SAR"",""payment_plan"":""5+ yrs"",""home_features"":[""Privacy"",""Sea Views"",""Park Views""],""property_type"":""Beach Villa"",""social_status"":""Married"",""timing_to_buy"":""2030 onwards"",""managed_rental"":""Depends on fees & flexibility"",""no_of_children"":""0"",""primary_reason"":""Both"",""exterior_colour"":[""Sand""],""has_second_home"":""No"",""sport_amenities"":[""Padel"",""Volleyball""],""premium_features"":[""Private Pool""],""community_mobility"":[""Cycling""],""staff_accommodation"":""A maid's room"",""additional_amenities"":[""Spa & Gym"",""Children's Club"",""Ladies Facilities"",""Restaurants"",""Cafes"",""Picnic Areas""],""travel_to_destination"":""Air""}",5+ yrs,Air,"[""Cycling""]"
ddc6db63-8726-4bdf-a71d-70dbc4f9931f,2026-09-09 13:07:53.495079+00,,35–44,Lebanon,Married,2,Self-owned,2028 – 2029,Both,Villa,3BR,1.5M–3M SAR,"[""Sea Views""]",A maid's room,"[""Private Pool""]","[""Sand""]","[""Basketball"",""Padel""]","[""Spa & Gym"",""Children's Club"",""Social Lounge"",""Ladies Facilities"",""Picnic Areas"",""Beach Club"",""Retail"",""Cafes"",""Restaurants""]",Yes,"{""age"":""35–44"",""unit_size"":""3BR"",""nationality"":""Lebanon"",""price_range"":""1.5M–3M SAR"",""payment_plan"":""5+ yrs"",""home_features"":[""Sea Views""],""property_type"":""Villa"",""social_status"":""Married"",""timing_to_buy"":""2028 – 2029"",""managed_rental"":""Yes"",""no_of_children"":""2"",""primary_reason"":""Both"",""exterior_colour"":[""Sand""],""has_second_home"":""Self-owned"",""sport_amenities"":[""Basketball"",""Padel""],""premium_features"":[""Private Pool""],""community_mobility"":[""Cycling"",""Walking"",""Personal Car""],""staff_accommodation"":""A maid's room"",""additional_amenities"":[""Spa & Gym"",""Children's Club"",""Social Lounge"",""Ladies Facilities"",""Picnic Areas"",""Beach Club"",""Retail"",""Cafes"",""Restaurants""],""travel_to_destination"":""Car""}",5+ yrs,Car,"[""Cycling"",""Walking"",""Personal Car""]"
de6df4a5-2b8c-45b1-b72c-1254c2a243c3,2026-09-09 13:39:43.472753+00,,55–64,Saudi Arabia,Married,0,No,2028 – 2029,Investment,Villa,2BR,700k–1.5M SAR,"[""Sea Views"",""Balconies & Terraces""]",Not required,"[""Installed Kitchen"",""Kitchen Appliances"",""Built-in Wardrobes""]","[""Blue"",""Rose"",""Sand""]","[""Water sports""]","[""Beach Club"",""Restaurants"",""Cafes""]",Depends on return,"{""age"":""55–64"",""unit_size"":""2BR"",""nationality"":""Saudi Arabia"",""price_range"":""700k–1.5M SAR"",""payment_plan"":""3–5 years"",""home_features"":[""Sea Views"",""Balconies & Terraces""],""property_type"":""Villa"",""social_status"":""Married"",""timing_to_buy"":""2028 – 2029"",""managed_rental"":""Depends on return"",""no_of_children"":""0"",""primary_reason"":""Investment"",""exterior_colour"":[""Blue"",""Rose"",""Sand""],""has_second_home"":""No"",""sport_amenities"":[""Water sports""],""premium_features"":[""Installed Kitchen"",""Kitchen Appliances"",""Built-in Wardrobes""],""community_mobility"":[""Walking""],""staff_accommodation"":""Not required"",""additional_amenities"":[""Beach Club"",""Restaurants"",""Cafes""],""travel_to_destination"":""Car""}",3–5 years,Car,"[""Walking""]"
de9d170a-4b2e-4f67-9a10-d7452960b513,2026-09-09 14:09:34.771427+00,,55–64,Pakistan,Married,3,No,2030 onwards,Investment,Townhouse,2BR,1.5M–3M SAR,"[""Sea Views"",""Outdoor Space"",""Balconies & Terraces""]",A maid's room,"[""Installed Kitchen"",""Private Pool""]","[""Rose""]","[""Padel"",""Basketball"",""Water sports""]","[""Spa & Gym"",""Children's Club"",""Social Lounge"",""Ladies Facilities"",""Picnic Areas"",""Beach Club"",""Restaurants"",""Cafes"",""Retail""]",Depends on return,"{""age"":""55–64"",""unit_size"":""2BR"",""nationality"":""Pakistan"",""price_range"":""1.5M–3M SAR"",""payment_plan"":""5+ yrs"",""home_features"":[""Sea Views"",""Outdoor Space"",""Balconies & Terraces""],""property_type"":""Townhouse"",""social_status"":""Married"",""timing_to_buy"":""2030 onwards"",""managed_rental"":""Depends on return"",""no_of_children"":""3"",""primary_reason"":""Investment"",""exterior_colour"":[""Rose""],""has_second_home"":""No"",""sport_amenities"":[""Padel"",""Basketball"",""Water sports""],""premium_features"":[""Installed Kitchen"",""Private Pool""],""community_mobility"":[""Walking"",""Private Buggy""],""staff_accommodation"":""A maid's room"",""additional_amenities"":[""Spa & Gym"",""Children's Club"",""Social Lounge"",""Ladies Facilities"",""Picnic Areas"",""Beach Club"",""Restaurants"",""Cafes"",""Retail""],""travel_to_destination"":""Air""}",5+ yrs,Air,"[""Walking"",""Private Buggy""]"
dec2de60-6581-49b0-9ebb-d6406a06dbba,2026-09-09 13:11:51.954946+00,,55–64,Philippines,Married,3,Self-owned,2028 – 2029,Both,Apartment,2BR,700k–1.5M SAR,"[""Outdoor Space"",""Balconies & Terraces"",""Sea Views""]",,"[""Installed Kitchen"",""Built-in Wardrobes"",""Kitchen Appliances""]","[""Sand""]","[""Padel"",""Tennis"",""Basketball""]","[""Spa & Gym"",""Social Lounge"",""Beach Club"",""Picnic Areas"",""Restaurants"",""Cafes""]",Depends on fees & flexibility,"{""age"":""55–64"",""unit_size"":""2BR"",""nationality"":""Philippines"",""price_range"":""700k–1.5M SAR"",""payment_plan"":""5+ yrs"",""home_features"":[""Outdoor Space"",""Balconies & Terraces"",""Sea Views""],""property_type"":""Apartment"",""social_status"":""Married"",""timing_to_buy"":""2028 – 2029"",""managed_rental"":""Depends on fees & flexibility"",""no_of_children"":""3"",""primary_reason"":""Both"",""exterior_colour"":[""Sand""],""has_second_home"":""Self-owned"",""sport_amenities"":[""Padel"",""Tennis"",""Basketball""],""premium_features"":[""Installed Kitchen"",""Built-in Wardrobes"",""Kitchen Appliances""],""community_mobility"":[""Private Buggy""],""staff_accommodation"":null,""additional_amenities"":[""Spa & Gym"",""Social Lounge"",""Beach Club"",""Picnic Areas"",""Restaurants"",""Cafes""],""travel_to_destination"":""Car""}",5+ yrs,Car,"[""Private Buggy""]"
def6a63e-99e2-494b-80a8-c8eba1b8fb58,2026-09-10 09:09:16.138514+00,,55–64,United Kingdom,Married,3,Family-owned,2028 – 2029,Family holidays,Beach Villa,4BR,1.5M–3M SAR,"[""Sea Views"",""Privacy"",""Balconies & Terraces""]",Not required,"[""Installed Kitchen"",""Kitchen Appliances"",""Built-in Wardrobes"",""Private Pool""]","[""Rose"",""Sage""]","[""Water sports""]","[""Spa & Gym"",""Picnic Areas"",""Beach Club"",""Restaurants"",""Cafes"",""Retail""]",Yes,"{""age"":""55–64"",""unit_size"":""4BR"",""nationality"":""United Kingdom"",""price_range"":""1.5M–3M SAR"",""payment_plan"":""Upfront cash in full"",""home_features"":[""Sea Views"",""Privacy"",""Balconies & Terraces""],""property_type"":""Beach Villa"",""social_status"":""Married"",""timing_to_buy"":""2028 – 2029"",""managed_rental"":""Yes"",""no_of_children"":""3"",""primary_reason"":""Family holidays"",""exterior_colour"":[""Rose"",""Sage""],""has_second_home"":""Family-owned"",""sport_amenities"":[""Water sports""],""premium_features"":[""Installed Kitchen"",""Kitchen Appliances"",""Built-in Wardrobes"",""Private Pool""],""community_mobility"":[""Walking"",""Cycling""],""staff_accommodation"":""Not required"",""additional_amenities"":[""Spa & Gym"",""Picnic Areas"",""Beach Club"",""Restaurants"",""Cafes"",""Retail""],""travel_to_destination"":""Car""}",Upfront cash in full,Car,"[""Walking"",""Cycling""]"
dfea112a-13bc-4a16-a2ee-bbd2df6682a9,2026-09-10 07:45:59.672709+00,,35–44,Germany,Single,0,Self-owned,2026 – 2027,Investment,Apartment,2BR,1.5M–3M SAR,"[""Sea Views"",""Balconies & Terraces""]",,"[""Installed Kitchen""]","[""Blue""]","[""Padel"",""Water sports""]","[""Spa & Gym""]",Yes,"{""age"":""35–44"",""unit_size"":""2BR"",""nationality"":""Germany"",""price_range"":""1.5M–3M SAR"",""payment_plan"":""5+ yrs"",""home_features"":[""Sea Views"",""Balconies & Terraces""],""property_type"":""Apartment"",""social_status"":""Single"",""timing_to_buy"":""2026 – 2027"",""managed_rental"":""Yes"",""no_of_children"":""0"",""primary_reason"":""Investment"",""exterior_colour"":[""Blue""],""has_second_home"":""Self-owned"",""sport_amenities"":[""Padel"",""Water sports""],""premium_features"":[""Installed Kitchen""],""community_mobility"":[""Cycling"",""Walking""],""staff_accommodation"":null,""additional_amenities"":[""Spa & Gym""],""travel_to_destination"":""Car""}",5+ yrs,Car,"[""Cycling"",""Walking""]"
e00714f6-838e-4b1b-a6ac-f49ff20ffe86,2026-09-09 13:22:44.451273+00,,55–64,India,Married,1,No,2028 – 2029,Investment,Townhouse,2BR,700k–1.5M SAR,"[""Balconies & Terraces"",""Park Views"",""Sea Views""]",A maid's room,"[""Built-in Wardrobes"",""Installed Kitchen""]","[""Sand""]","[""Water sports"",""Volleyball""]","[""Restaurants"",""Retail"",""Ladies Facilities"",""Picnic Areas""]",Depends on return,"{""age"":""55–64"",""unit_size"":""2BR"",""nationality"":""India"",""price_range"":""700k–1.5M SAR"",""payment_plan"":""3–5 years"",""home_features"":[""Balconies & Terraces"",""Park Views"",""Sea Views""],""property_type"":""Townhouse"",""social_status"":""Married"",""timing_to_buy"":""2028 – 2029"",""managed_rental"":""Depends on return"",""no_of_children"":""1"",""primary_reason"":""Investment"",""exterior_colour"":[""Sand""],""has_second_home"":""No"",""sport_amenities"":[""Water sports"",""Volleyball""],""premium_features"":[""Built-in Wardrobes"",""Installed Kitchen""],""community_mobility"":[""Personal Car""],""staff_accommodation"":""A maid's room"",""additional_amenities"":[""Restaurants"",""Retail"",""Ladies Facilities"",""Picnic Areas""],""travel_to_destination"":""Car""}",3–5 years,Car,"[""Personal Car""]"
e02b0968-ef43-48a1-a0b5-e9afa24da369,2026-09-13 07:45:43.266217+00,,25–34,Saudi Arabia,Single,0,Family-owned,2030 onwards,Investment,Beach Villa,3BR,3M–6M SAR,"[""Outdoor Space"",""Sea Views"",""Privacy""]",Both,"[""Private Pool""]","[""Sand""]","[""Padel"",""Water sports"",""Tennis""]","[""Spa & Gym"",""Ladies Facilities"",""Cafes"",""Retail"",""Restaurants""]",Depends on return,"{""age"":""25–34"",""unit_size"":""3BR"",""nationality"":""Saudi Arabia"",""price_range"":""3M–6M SAR"",""payment_plan"":""5+ yrs"",""home_features"":[""Outdoor Space"",""Sea Views"",""Privacy""],""property_type"":""Beach Villa"",""social_status"":""Single"",""timing_to_buy"":""2030 onwards"",""managed_rental"":""Depends on return"",""no_of_children"":""0"",""primary_reason"":""Investment"",""exterior_colour"":[""Sand""],""has_second_home"":""Family-owned"",""sport_amenities"":[""Padel"",""Water sports"",""Tennis""],""premium_features"":[""Private Pool""],""community_mobility"":[""Private Buggy"",""Personal Car""],""staff_accommodation"":""Both"",""additional_amenities"":[""Spa & Gym"",""Ladies Facilities"",""Cafes"",""Retail"",""Restaurants""],""travel_to_destination"":""Car""}",5+ yrs,Car,"[""Private Buggy"",""Personal Car""]"
e07ea4db-d72c-460a-873d-766a441922f1,2026-09-09 14:10:36.411125+00,,25–34,Saudi Arabia,Married,0,No,2028 – 2029,Both,Apartment,2BR,700k–1.5M SAR,"[""Privacy"",""Balconies & Terraces"",""Outdoor Space""]",,"[""Built-in Wardrobes"",""Installed Kitchen""]","[""Sage""]","[""Padel"",""Tennis"",""Football""]","[""Spa & Gym"",""Restaurants"",""Cafes"",""Retail""]",Depends on return,"{""age"":""25–34"",""unit_size"":""2BR"",""nationality"":""Saudi Arabia"",""price_range"":""700k–1.5M SAR"",""payment_plan"":""3–5 years"",""home_features"":[""Privacy"",""Balconies & Terraces"",""Outdoor Space""],""property_type"":""Apartment"",""social_status"":""Married"",""timing_to_buy"":""2028 – 2029"",""managed_rental"":""Depends on return"",""no_of_children"":""0"",""primary_reason"":""Both"",""exterior_colour"":[""Sage""],""has_second_home"":""No"",""sport_amenities"":[""Padel"",""Tennis"",""Football""],""premium_features"":[""Built-in Wardrobes"",""Installed Kitchen""],""community_mobility"":[""Walking"",""Private Buggy"",""Shared Buggy / Community Shuttle"",""Cycling""],""staff_accommodation"":null,""additional_amenities"":[""Spa & Gym"",""Restaurants"",""Cafes"",""Retail""],""travel_to_destination"":""Car""}",3–5 years,Car,"[""Walking"",""Private Buggy"",""Shared Buggy / Community Shuttle"",""Cycling""]"
e09a676d-4c81-4c4d-bf01-3d754a32a849,2026-09-09 14:47:19.678034+00,,45–54,Belgium,Married,1,Self-owned,2030 onwards,Both,Apartment,2BR,700k–1.5M SAR,"[""Privacy""]",,"[""Installed Kitchen""]","[""Sand""]","[""Other: indoors""]","[""Retail""]",Depends on fees & flexibility,"{""age"":""45–54"",""unit_size"":""2BR"",""nationality"":""Belgium"",""price_range"":""700k–1.5M SAR"",""payment_plan"":""5+ yrs"",""home_features"":[""Privacy""],""property_type"":""Apartment"",""social_status"":""Married"",""timing_to_buy"":""2030 onwards"",""managed_rental"":""Depends on fees & flexibility"",""no_of_children"":""1"",""primary_reason"":""Both"",""exterior_colour"":[""Sand""],""has_second_home"":""Self-owned"",""sport_amenities"":[""Other: indoors""],""premium_features"":[""Installed Kitchen""],""community_mobility"":[""Private Buggy""],""staff_accommodation"":null,""additional_amenities"":[""Retail""],""travel_to_destination"":""Air""}",5+ yrs,Air,"[""Private Buggy""]"
e09acde1-cd90-486b-8a87-316de3678786,2026-09-09 13:43:03.170327+00,,35–44,Saudi Arabia,Married,4+,Family-owned,2030 onwards,Both,Townhouse,3BR,700k–1.5M SAR,"[""Privacy"",""Outdoor Space"",""Balconies & Terraces""]",Not required,"[""Private Pool""]","[""Sand""]","[""Padel"",""Water sports"",""Volleyball""]","[""Children's Club"",""Spa & Gym"",""Ladies Facilities"",""Restaurants"",""Cafes"",""Beach Club""]",Depends on return,"{""age"":""35–44"",""unit_size"":""3BR"",""nationality"":""Saudi Arabia"",""price_range"":""700k–1.5M SAR"",""payment_plan"":""5+ yrs"",""home_features"":[""Privacy"",""Outdoor Space"",""Balconies & Terraces""],""property_type"":""Townhouse"",""social_status"":""Married"",""timing_to_buy"":""2030 onwards"",""managed_rental"":""Depends on return"",""no_of_children"":""4+"",""primary_reason"":""Both"",""exterior_colour"":[""Sand""],""has_second_home"":""Family-owned"",""sport_amenities"":[""Padel"",""Water sports"",""Volleyball""],""premium_features"":[""Private Pool""],""community_mobility"":[""Walking"",""Personal Car"",""Cycling""],""staff_accommodation"":""Not required"",""additional_amenities"":[""Children's Club"",""Spa & Gym"",""Ladies Facilities"",""Restaurants"",""Cafes"",""Beach Club""],""travel_to_destination"":""Car""}",5+ yrs,Car,"[""Walking"",""Personal Car"",""Cycling""]"
e0de1014-0b87-4447-bfdf-419e1d270dd8,2026-09-09 15:42:10.03619+00,,35–44,Saudi Arabia,Married,2,No,2030 onwards,Both,Beach Villa,3BR,700k–1.5M SAR,"[""Sea Views"",""Balconies & Terraces"",""Privacy""]",A maid's room,"[""Private Pool"",""Built-in Wardrobes"",""Installed Kitchen""]","[""Sage""]","[""Tennis"",""Water sports""]","[""Spa & Gym"",""Children's Club"",""Restaurants"",""Cafes"",""Retail""]",Yes,"{""age"":""35–44"",""unit_size"":""3BR"",""nationality"":""Saudi Arabia"",""price_range"":""700k–1.5M SAR"",""payment_plan"":""1–2 years"",""home_features"":[""Sea Views"",""Balconies & Terraces"",""Privacy""],""property_type"":""Beach Villa"",""social_status"":""Married"",""timing_to_buy"":""2030 onwards"",""managed_rental"":""Yes"",""no_of_children"":""2"",""primary_reason"":""Both"",""exterior_colour"":[""Sage""],""has_second_home"":""No"",""sport_amenities"":[""Tennis"",""Water sports""],""premium_features"":[""Private Pool"",""Built-in Wardrobes"",""Installed Kitchen""],""community_mobility"":[""Private Buggy"",""Walking"",""Cycling""],""staff_accommodation"":""A maid's room"",""additional_amenities"":[""Spa & Gym"",""Children's Club"",""Restaurants"",""Cafes"",""Retail""],""travel_to_destination"":""Air""}",1–2 years,Air,"[""Private Buggy"",""Walking"",""Cycling""]"
e0fb03f2-a60c-4ca7-8a55-147d08324d25,2026-09-09 14:58:09.806254+00,,25–34,Saudi Arabia,Single,0,No,2030 onwards,Both,No preference,3BR,700k–1.5M SAR,"[""Balconies & Terraces""]",A maid's room,"[""Installed Kitchen""]","[""Sage""]","[""Padel"",""Tennis"",""Water sports""]","[""Spa & Gym"",""Social Lounge"",""Beach Club"",""Cafes"",""Restaurants"",""Retail"",""Ladies Facilities""]",Yes,"{""age"":""25–34"",""unit_size"":""3BR"",""nationality"":""Saudi Arabia"",""price_range"":""700k–1.5M SAR"",""payment_plan"":""5+ yrs"",""home_features"":[""Balconies & Terraces""],""property_type"":""No preference"",""social_status"":""Single"",""timing_to_buy"":""2030 onwards"",""managed_rental"":""Yes"",""no_of_children"":""0"",""primary_reason"":""Both"",""exterior_colour"":[""Sage""],""has_second_home"":""No"",""sport_amenities"":[""Padel"",""Tennis"",""Water sports""],""premium_features"":[""Installed Kitchen""],""community_mobility"":[""Walking""],""staff_accommodation"":""A maid's room"",""additional_amenities"":[""Spa & Gym"",""Social Lounge"",""Beach Club"",""Cafes"",""Restaurants"",""Retail"",""Ladies Facilities""],""travel_to_destination"":""Air""}",5+ yrs,Air,"[""Walking""]"
e1290693-e759-468b-aab2-14972fbc1d19,2026-09-09 13:34:49.530489+00,,25–34,Saudi Arabia,Married,1,No,2028 – 2029,Both,Townhouse,3BR,700k–1.5M SAR,"[""Sea Views""]",Not required,"[""Private Pool""]","[""Sand""]","[""Padel"",""Football"",""Water sports""]","[""Spa & Gym"",""Children's Club"",""Social Lounge"",""Beach Club"",""Restaurants"",""Cafes"",""Picnic Areas""]",Depends on return,"{""age"":""25–34"",""unit_size"":""3BR"",""nationality"":""Saudi Arabia"",""price_range"":""700k–1.5M SAR"",""payment_plan"":""5+ yrs"",""home_features"":[""Sea Views""],""property_type"":""Townhouse"",""social_status"":""Married"",""timing_to_buy"":""2028 – 2029"",""managed_rental"":""Depends on return"",""no_of_children"":""1"",""primary_reason"":""Both"",""exterior_colour"":[""Sand""],""has_second_home"":""No"",""sport_amenities"":[""Padel"",""Football"",""Water sports""],""premium_features"":[""Private Pool""],""community_mobility"":[""Private Buggy"",""Personal Car""],""staff_accommodation"":""Not required"",""additional_amenities"":[""Spa & Gym"",""Children's Club"",""Social Lounge"",""Beach Club"",""Restaurants"",""Cafes"",""Picnic Areas""],""travel_to_destination"":""Air""}",5+ yrs,Air,"[""Private Buggy"",""Personal Car""]"
e170a73e-0a9d-48a6-add8-015f250a847b,2026-09-09 14:30:05.068126+00,,35–44,United Kingdom,Married,0,Self-owned,2028 – 2029,Both,Apartment,2BR,700k–1.5M SAR,"[""Balconies & Terraces"",""Sea Views""]",,"[""Built-in Wardrobes"",""Private Pool""]","[""Sand"",""Sage""]","[""Padel"",""Water sports"",""Other: gym""]","[""Spa & Gym"",""Retail"",""Cafes"",""Restaurants"",""Beach Club""]",Depends on return,"{""age"":""35–44"",""unit_size"":""2BR"",""nationality"":""United Kingdom"",""price_range"":""700k–1.5M SAR"",""payment_plan"":""5+ yrs"",""home_features"":[""Balconies & Terraces"",""Sea Views""],""property_type"":""Apartment"",""social_status"":""Married"",""timing_to_buy"":""2028 – 2029"",""managed_rental"":""Depends on return"",""no_of_children"":""0"",""primary_reason"":""Both"",""exterior_colour"":[""Sand"",""Sage""],""has_second_home"":""Self-owned"",""sport_amenities"":[""Padel"",""Water sports"",""Other: gym""],""premium_features"":[""Built-in Wardrobes"",""Private Pool""],""community_mobility"":[""Walking"",""Private Buggy""],""staff_accommodation"":null,""additional_amenities"":[""Spa & Gym"",""Retail"",""Cafes"",""Restaurants"",""Beach Club""],""travel_to_destination"":""Air""}",5+ yrs,Air,"[""Walking"",""Private Buggy""]"
e232f2a8-4bfb-42c0-831c-d8925b40c3f2,2026-09-10 21:20:46.855483+00,,25–34,Saudi Arabia,Married,0,Family-owned,2030 onwards,Both,Beach Villa,2BR,700k–1.5M SAR,"[""Outdoor Space"",""Sea Views"",""Privacy""]",Not required,"[""Installed Kitchen""]","[""Blue"",""Sage""]","[""Padel"",""Water sports"",""Volleyball""]","[""Spa & Gym"",""Social Lounge"",""Beach Club""]",Depends on return,"{""age"":""25–34"",""unit_size"":""2BR"",""nationality"":""Saudi Arabia"",""price_range"":""700k–1.5M SAR"",""payment_plan"":""5+ yrs"",""home_features"":[""Outdoor Space"",""Sea Views"",""Privacy""],""property_type"":""Beach Villa"",""social_status"":""Married"",""timing_to_buy"":""2030 onwards"",""managed_rental"":""Depends on return"",""no_of_children"":""0"",""primary_reason"":""Both"",""exterior_colour"":[""Blue"",""Sage""],""has_second_home"":""Family-owned"",""sport_amenities"":[""Padel"",""Water sports"",""Volleyball""],""premium_features"":[""Installed Kitchen""],""community_mobility"":[""Cycling""],""staff_accommodation"":""Not required"",""additional_amenities"":[""Spa & Gym"",""Social Lounge"",""Beach Club""],""travel_to_destination"":""Car""}",5+ yrs,Car,"[""Cycling""]"
e2c0b9b7-0c48-4e01-9f07-d4613beb460f,2026-09-13 05:28:15.752755+00,,45–54,Italy,Married,0,Self-owned,2028 – 2029,Both,Beach Villa,3BR,700k–1.5M SAR,"[""Outdoor Space"",""Sea Views""]",A maid's room,"[""Installed Kitchen"",""Private Pool""]","[""Sand"",""Other: white""]","[""Padel""]","[""Spa & Gym"",""Restaurants"",""Cafes"",""Retail""]",No,"{""age"":""45–54"",""unit_size"":""3BR"",""nationality"":""Italy"",""price_range"":""700k–1.5M SAR"",""payment_plan"":""3–5 years"",""home_features"":[""Outdoor Space"",""Sea Views""],""property_type"":""Beach Villa"",""social_status"":""Married"",""timing_to_buy"":""2028 – 2029"",""managed_rental"":""No"",""no_of_children"":""0"",""primary_reason"":""Both"",""exterior_colour"":[""Sand"",""Other: white""],""has_second_home"":""Self-owned"",""sport_amenities"":[""Padel""],""premium_features"":[""Installed Kitchen"",""Private Pool""],""community_mobility"":[""Private Buggy""],""staff_accommodation"":""A maid's room"",""additional_amenities"":[""Spa & Gym"",""Restaurants"",""Cafes"",""Retail""],""travel_to_destination"":""Air""}",3–5 years,Air,"[""Private Buggy""]"
e2cf8867-dd37-4dc2-a503-66516fbbdab2,2026-09-09 13:13:55.995445+00,,25–34,Philippines,Married,0,No,2028 – 2029,Both,Apartment,2BR,1.5M–3M SAR,"[""Sea Views"",""Balconies & Terraces"",""Outdoor Space""]",,"[""Built-in Wardrobes"",""Installed Kitchen"",""Private Pool""]","[""Sand""]","[""Padel"",""Tennis"",""Basketball""]","[""Spa & Gym"",""Beach Club"",""Cafes"",""Restaurants"",""Picnic Areas""]",Yes,"{""age"":""25–34"",""unit_size"":""2BR"",""nationality"":""Philippines"",""price_range"":""1.5M–3M SAR"",""payment_plan"":""5+ yrs"",""home_features"":[""Sea Views"",""Balconies & Terraces"",""Outdoor Space""],""property_type"":""Apartment"",""social_status"":""Married"",""timing_to_buy"":""2028 – 2029"",""managed_rental"":""Yes"",""no_of_children"":""0"",""primary_reason"":""Both"",""exterior_colour"":[""Sand""],""has_second_home"":""No"",""sport_amenities"":[""Padel"",""Tennis"",""Basketball""],""premium_features"":[""Built-in Wardrobes"",""Installed Kitchen"",""Private Pool""],""community_mobility"":[""Walking"",""Cycling"",""Personal Car""],""staff_accommodation"":null,""additional_amenities"":[""Spa & Gym"",""Beach Club"",""Cafes"",""Restaurants"",""Picnic Areas""],""travel_to_destination"":""Car""}",5+ yrs,Car,"[""Walking"",""Cycling"",""Personal Car""]"
e35964fe-df57-41fd-9631-0c63a439590b,2026-09-10 07:46:38.722349+00,,25–34,Saudi Arabia,Single,0,Family-owned,2030 onwards,Both,Beach Villa,5BR+,700k–1.5M SAR,"[""Outdoor Space"",""Privacy"",""Sea Views""]",Both,"[""Installed Kitchen"",""Private Pool""]","[""Sand"",""Other: off-white""]","[""Water sports"",""Other: Horses ride and archery""]","[""Spa & Gym"",""Children's Club"",""Ladies Facilities"",""Restaurants"",""Cafes"",""Retail"",""Other: Mosque""]",Depends on return,"{""age"":""25–34"",""unit_size"":""5BR+"",""nationality"":""Saudi Arabia"",""price_range"":""700k–1.5M SAR"",""payment_plan"":""5+ yrs"",""home_features"":[""Outdoor Space"",""Privacy"",""Sea Views""],""property_type"":""Beach Villa"",""social_status"":""Single"",""timing_to_buy"":""2030 onwards"",""managed_rental"":""Depends on return"",""no_of_children"":""0"",""primary_reason"":""Both"",""exterior_colour"":[""Sand"",""Other: off-white""],""has_second_home"":""Family-owned"",""sport_amenities"":[""Water sports"",""Other: Horses ride and archery""],""premium_features"":[""Installed Kitchen"",""Private Pool""],""community_mobility"":[""Walking"",""Cycling""],""staff_accommodation"":""Both"",""additional_amenities"":[""Spa & Gym"",""Children's Club"",""Ladies Facilities"",""Restaurants"",""Cafes"",""Retail"",""Other: Mosque""],""travel_to_destination"":""Car""}",5+ yrs,Car,"[""Walking"",""Cycling""]"
e38d0d28-548f-42ca-b240-7c28a01842a3,2026-09-10 05:28:42.570256+00,,35–44,United States,Single,0,Family-owned,2030 onwards,Both,Townhouse,3BR,1.5M–3M SAR,"[""Balconies & Terraces"",""Privacy"",""Sea Views""]",Both,"[""Installed Kitchen"",""Kitchen Appliances"",""Built-in Wardrobes"",""Private Pool""]","[""Blue""]","[""Padel"",""Football"",""Basketball""]","[""Spa & Gym"",""Social Lounge"",""Picnic Areas"",""Cafes"",""Retail"",""Beach Club""]",Depends on fees & flexibility,"{""age"":""35–44"",""unit_size"":""3BR"",""nationality"":""United States"",""price_range"":""1.5M–3M SAR"",""payment_plan"":""3–5 years"",""home_features"":[""Balconies & Terraces"",""Privacy"",""Sea Views""],""property_type"":""Townhouse"",""social_status"":""Single"",""timing_to_buy"":""2030 onwards"",""managed_rental"":""Depends on fees & flexibility"",""no_of_children"":""0"",""primary_reason"":""Both"",""exterior_colour"":[""Blue""],""has_second_home"":""Family-owned"",""sport_amenities"":[""Padel"",""Football"",""Basketball""],""premium_features"":[""Installed Kitchen"",""Kitchen Appliances"",""Built-in Wardrobes"",""Private Pool""],""community_mobility"":[""Walking"",""Cycling"",""Private Buggy""],""staff_accommodation"":""Both"",""additional_amenities"":[""Spa & Gym"",""Social Lounge"",""Picnic Areas"",""Cafes"",""Retail"",""Beach Club""],""travel_to_destination"":""Car""}",3–5 years,Car,"[""Walking"",""Cycling"",""Private Buggy""]"
e3d5e62e-517b-4808-9ff9-df939f7dbd91,2026-09-10 06:43:17.475657+00,,55–64,United Kingdom,Married,3,No,2028 – 2029,Investment,Townhouse,4BR,1.5M–3M SAR,"[""Balconies & Terraces"",""Outdoor Space"",""Park Views""]",Not required,"[""Installed Kitchen"",""Kitchen Appliances"",""Built-in Wardrobes"",""Private Pool""]","[""Sand""]","[""Padel"",""Other: gym commuity pool""]","[""Spa & Gym"",""Restaurants"",""Retail"",""Beach Club"",""Children's Club""]",Depends on return,"{""age"":""55–64"",""unit_size"":""4BR"",""nationality"":""United Kingdom"",""price_range"":""1.5M–3M SAR"",""payment_plan"":""5+ yrs"",""home_features"":[""Balconies & Terraces"",""Outdoor Space"",""Park Views""],""property_type"":""Townhouse"",""social_status"":""Married"",""timing_to_buy"":""2028 – 2029"",""managed_rental"":""Depends on return"",""no_of_children"":""3"",""primary_reason"":""Investment"",""exterior_colour"":[""Sand""],""has_second_home"":""No"",""sport_amenities"":[""Padel"",""Other: gym commuity pool""],""premium_features"":[""Installed Kitchen"",""Kitchen Appliances"",""Built-in Wardrobes"",""Private Pool""],""community_mobility"":[""Cycling""],""staff_accommodation"":""Not required"",""additional_amenities"":[""Spa & Gym"",""Restaurants"",""Retail"",""Beach Club"",""Children's Club""],""travel_to_destination"":""Air""}",5+ yrs,Air,"[""Cycling""]"
e3e12d30-f064-4693-b1a0-f4cfc4718084,2026-09-09 13:26:43.268531+00,,35–44,India,Married,3,No,2030 onwards,Investment,Villa,2BR,700k–1.5M SAR,"[""Privacy"",""Other: Room area to be big and hall, separate area for laundry""]",A maid's room,"[""Private Pool"",""Other: For premimum i need good home automation system with complete integration of appliances and equipment""]","[""Sand"",""Sage"",""Blue""]","[""Padel"",""Tennis"",""Basketball""]","[""Picnic Areas"",""Spa & Gym"",""Retail"",""Social Lounge""]",Depends on fees & flexibility,"{""age"":""35–44"",""unit_size"":""2BR"",""nationality"":""India"",""price_range"":""700k–1.5M SAR"",""payment_plan"":""5+ yrs"",""home_features"":[""Privacy"",""Other: Room area to be big and hall, separate area for laundry""],""property_type"":""Villa"",""social_status"":""Married"",""timing_to_buy"":""2030 onwards"",""managed_rental"":""Depends on fees & flexibility"",""no_of_children"":""3"",""primary_reason"":""Investment"",""exterior_colour"":[""Sand"",""Sage"",""Blue""],""has_second_home"":""No"",""sport_amenities"":[""Padel"",""Tennis"",""Basketball""],""premium_features"":[""Private Pool"",""Other: For premimum i need good home automation system with complete integration of appliances and equipment""],""community_mobility"":[""Cycling"",""Walking"",""Personal Car"",""Shared Buggy / Community Shuttle""],""staff_accommodation"":""A maid's room"",""additional_amenities"":[""Picnic Areas"",""Spa & Gym"",""Retail"",""Social Lounge""],""travel_to_destination"":""Car""}",5+ yrs,Car,"[""Cycling"",""Walking"",""Personal Car"",""Shared Buggy / Community Shuttle""]"
e5dde004-8268-493e-a462-9f45dcaf2bde,2026-09-09 13:15:35.317554+00,,35–44,India,Married,2,No,2028 – 2029,Both,Villa,2BR,700k–1.5M SAR,"[""Balconies & Terraces"",""Outdoor Space"",""Sea Views""]",Not required,"[""Installed Kitchen"",""Kitchen Appliances"",""Built-in Wardrobes""]","[""Rose"",""Blue""]","[""Padel"",""Water sports"",""Other: cricket""]","[""Spa & Gym"",""Children's Club"",""Ladies Facilities"",""Restaurants"",""Retail"",""Beach Club"",""Social Lounge"",""Picnic Areas"",""Cafes""]",Depends on fees & flexibility,"{""age"":""35–44"",""unit_size"":""2BR"",""nationality"":""India"",""price_range"":""700k–1.5M SAR"",""payment_plan"":""3–5 years"",""home_features"":[""Balconies & Terraces"",""Outdoor Space"",""Sea Views""],""property_type"":""Villa"",""social_status"":""Married"",""timing_to_buy"":""2028 – 2029"",""managed_rental"":""Depends on fees & flexibility"",""no_of_children"":""2"",""primary_reason"":""Both"",""exterior_colour"":[""Rose"",""Blue""],""has_second_home"":""No"",""sport_amenities"":[""Padel"",""Water sports"",""Other: cricket""],""premium_features"":[""Installed Kitchen"",""Kitchen Appliances"",""Built-in Wardrobes""],""community_mobility"":[""Walking"",""Cycling"",""Shared Buggy / Community Shuttle"",""Personal Car""],""staff_accommodation"":""Not required"",""additional_amenities"":[""Spa & Gym"",""Children's Club"",""Ladies Facilities"",""Restaurants"",""Retail"",""Beach Club"",""Social Lounge"",""Picnic Areas"",""Cafes""],""travel_to_destination"":""Car""}",3–5 years,Car,"[""Walking"",""Cycling"",""Shared Buggy / Community Shuttle"",""Personal Car""]"
e7548f1e-0052-4f8b-a548-2f73da4d1e48,2026-09-09 13:34:10.429645+00,,35–44,Saudi Arabia,Single,0,Family-owned,2028 – 2029,Investment,Beach Villa,2BR,1.5M–3M SAR,"[""Balconies & Terraces"",""Park Views"",""Privacy""]",A maid's room,"[""Private Pool"",""Installed Kitchen""]","[""Rose"",""Blue"",""Sage""]","[""Water sports"",""Volleyball"",""Basketball""]","[""Spa & Gym"",""Social Lounge"",""Picnic Areas"",""Beach Club"",""Cafes"",""Retail"",""Other: Music Club, entertainment cafes""]",Depends on return,"{""age"":""35–44"",""unit_size"":""2BR"",""nationality"":""Saudi Arabia"",""price_range"":""1.5M–3M SAR"",""payment_plan"":""5+ yrs"",""home_features"":[""Balconies & Terraces"",""Park Views"",""Privacy""],""property_type"":""Beach Villa"",""social_status"":""Single"",""timing_to_buy"":""2028 – 2029"",""managed_rental"":""Depends on return"",""no_of_children"":""0"",""primary_reason"":""Investment"",""exterior_colour"":[""Rose"",""Blue"",""Sage""],""has_second_home"":""Family-owned"",""sport_amenities"":[""Water sports"",""Volleyball"",""Basketball""],""premium_features"":[""Private Pool"",""Installed Kitchen""],""community_mobility"":[""Walking"",""Cycling"",""Private Buggy"",""Personal Car""],""staff_accommodation"":""A maid's room"",""additional_amenities"":[""Spa & Gym"",""Social Lounge"",""Picnic Areas"",""Beach Club"",""Cafes"",""Retail"",""Other: Music Club, entertainment cafes""],""travel_to_destination"":""Air""}",5+ yrs,Air,"[""Walking"",""Cycling"",""Private Buggy"",""Personal Car""]"
e7eed0e5-87c3-42c4-9bf0-1f85c1424941,2026-09-10 06:34:22.681756+00,,55–64,South Africa,Married,2,Self-owned,2028 – 2029,Family holidays,Apartment,3BR,700k–1.5M SAR,"[""Sea Views"",""Outdoor Space"",""Balconies & Terraces""]",,"[""Built-in Wardrobes"",""Installed Kitchen""]","[""Sand""]","[""Water sports""]","[""Picnic Areas"",""Cafes"",""Restaurants""]",Depends on fees & flexibility,"{""age"":""55–64"",""unit_size"":""3BR"",""nationality"":""South Africa"",""price_range"":""700k–1.5M SAR"",""payment_plan"":""5+ yrs"",""home_features"":[""Sea Views"",""Outdoor Space"",""Balconies & Terraces""],""property_type"":""Apartment"",""social_status"":""Married"",""timing_to_buy"":""2028 – 2029"",""managed_rental"":""Depends on fees & flexibility"",""no_of_children"":""2"",""primary_reason"":""Family holidays"",""exterior_colour"":[""Sand""],""has_second_home"":""Self-owned"",""sport_amenities"":[""Water sports""],""premium_features"":[""Built-in Wardrobes"",""Installed Kitchen""],""community_mobility"":[""Cycling""],""staff_accommodation"":null,""additional_amenities"":[""Picnic Areas"",""Cafes"",""Restaurants""],""travel_to_destination"":""Air""}",5+ yrs,Air,"[""Cycling""]"
e82770f9-fc39-4419-864c-b5ce3f6b3e14,2026-09-10 11:41:35.197324+00,,35–44,Saudi Arabia,Married,3,No,2026 – 2027,Both,No preference,3BR,1.5M–3M SAR,"[""Outdoor Space"",""Sea Views"",""Privacy""]",A maid's room,"[""Private Pool"",""Installed Kitchen""]","[""Rose"",""Sage""]","[""Padel"",""Volleyball"",""Water sports""]","[""Children's Club"",""Social Lounge"",""Restaurants"",""Spa & Gym""]",Depends on fees & flexibility,"{""age"":""35–44"",""unit_size"":""3BR"",""nationality"":""Saudi Arabia"",""price_range"":""1.5M–3M SAR"",""payment_plan"":""5+ yrs"",""home_features"":[""Outdoor Space"",""Sea Views"",""Privacy""],""property_type"":""No preference"",""social_status"":""Married"",""timing_to_buy"":""2026 – 2027"",""managed_rental"":""Depends on fees & flexibility"",""no_of_children"":""3"",""primary_reason"":""Both"",""exterior_colour"":[""Rose"",""Sage""],""has_second_home"":""No"",""sport_amenities"":[""Padel"",""Volleyball"",""Water sports""],""premium_features"":[""Private Pool"",""Installed Kitchen""],""community_mobility"":[""Walking"",""Shared Buggy / Community Shuttle"",""Cycling""],""staff_accommodation"":""A maid's room"",""additional_amenities"":[""Children's Club"",""Social Lounge"",""Restaurants"",""Spa & Gym""],""travel_to_destination"":""Air""}",5+ yrs,Air,"[""Walking"",""Shared Buggy / Community Shuttle"",""Cycling""]"
e8d7c973-6131-41f3-9f96-7d3ab10fdaf8,2026-09-09 13:12:16.009539+00,,45–54,India,Married,3,No,2028 – 2029,Investment,Villa,3BR,700k–1.5M SAR,"[""Balconies & Terraces"",""Privacy"",""Outdoor Space""]",A maid's room,"[""Private Pool"",""Built-in Wardrobes"",""Kitchen Appliances""]","[""Sand""]","[""Football"",""Other: Shuttle Batmindon""]","[""Retail"",""Restaurants"",""Children's Club""]",Depends on fees & flexibility,"{""age"":""45–54"",""unit_size"":""3BR"",""nationality"":""India"",""price_range"":""700k–1.5M SAR"",""payment_plan"":""5+ yrs"",""home_features"":[""Balconies & Terraces"",""Privacy"",""Outdoor Space""],""property_type"":""Villa"",""social_status"":""Married"",""timing_to_buy"":""2028 – 2029"",""managed_rental"":""Depends on fees & flexibility"",""no_of_children"":""3"",""primary_reason"":""Investment"",""exterior_colour"":[""Sand""],""has_second_home"":""No"",""sport_amenities"":[""Football"",""Other: Shuttle Batmindon""],""premium_features"":[""Private Pool"",""Built-in Wardrobes"",""Kitchen Appliances""],""community_mobility"":[""Personal Car""],""staff_accommodation"":""A maid's room"",""additional_amenities"":[""Retail"",""Restaurants"",""Children's Club""],""travel_to_destination"":""Air""}",5+ yrs,Air,"[""Personal Car""]"
e928829f-a1fd-459f-8cec-42ba8933e0fe,2026-09-10 13:43:54.784618+00,,25–34,Saudi Arabia,Married,1,No,2028 – 2029,Investment,Apartment,3BR,700k–1.5M SAR,"[""Sea Views"",""Outdoor Space"",""Balconies & Terraces""]",,"[""Installed Kitchen"",""Kitchen Appliances"",""Built-in Wardrobes""]","[""Sage""]","[""Padel"",""Volleyball"",""Water sports""]","[""Children's Club"",""Spa & Gym"",""Picnic Areas"",""Beach Club"",""Restaurants""]",Depends on return,"{""age"":""25–34"",""unit_size"":""3BR"",""nationality"":""Saudi Arabia"",""price_range"":""700k–1.5M SAR"",""payment_plan"":""3–5 years"",""home_features"":[""Sea Views"",""Outdoor Space"",""Balconies & Terraces""],""property_type"":""Apartment"",""social_status"":""Married"",""timing_to_buy"":""2028 – 2029"",""managed_rental"":""Depends on return"",""no_of_children"":""1"",""primary_reason"":""Investment"",""exterior_colour"":[""Sage""],""has_second_home"":""No"",""sport_amenities"":[""Padel"",""Volleyball"",""Water sports""],""premium_features"":[""Installed Kitchen"",""Kitchen Appliances"",""Built-in Wardrobes""],""community_mobility"":[""Private Buggy""],""staff_accommodation"":null,""additional_amenities"":[""Children's Club"",""Spa & Gym"",""Picnic Areas"",""Beach Club"",""Restaurants""],""travel_to_destination"":""Car""}",3–5 years,Car,"[""Private Buggy""]"
e982f4cc-e77c-40e9-835e-12ecf7c628b7,2026-09-10 08:31:36.137949+00,,35–44,Philippines,Single,0,No,2028 – 2029,Both,Apartment,Studio,700k–1.5M SAR,"[""Outdoor Space""]",,"[""Installed Kitchen""]","[""Sand""]","[""Water sports""]","[""Restaurants"",""Cafes"",""Retail"",""Picnic Areas"",""Spa & Gym"",""Other: pharmacy, pet shops""]",Depends on fees & flexibility,"{""age"":""35–44"",""unit_size"":""Studio"",""nationality"":""Philippines"",""price_range"":""700k–1.5M SAR"",""payment_plan"":""5+ yrs"",""home_features"":[""Outdoor Space""],""property_type"":""Apartment"",""social_status"":""Single"",""timing_to_buy"":""2028 – 2029"",""managed_rental"":""Depends on fees & flexibility"",""no_of_children"":""0"",""primary_reason"":""Both"",""exterior_colour"":[""Sand""],""has_second_home"":""No"",""sport_amenities"":[""Water sports""],""premium_features"":[""Installed Kitchen""],""community_mobility"":[""Walking"",""Shared Buggy / Community Shuttle""],""staff_accommodation"":null,""additional_amenities"":[""Restaurants"",""Cafes"",""Retail"",""Picnic Areas"",""Spa & Gym"",""Other: pharmacy, pet shops""],""travel_to_destination"":""Air""}",5+ yrs,Air,"[""Walking"",""Shared Buggy / Community Shuttle""]"
e99a8b7b-dcb0-4193-8d5f-27f8cd3246ed,2026-09-10 07:41:51.994644+00,,25–34,Saudi Arabia,Single,0,No,2030 onwards,Both,Villa,2BR,1.5M–3M SAR,"[""Sea Views"",""Privacy"",""Outdoor Space""]",A maid's room,"[""Installed Kitchen""]","[""Sage""]","[""Padel"",""Tennis"",""Water sports""]","[""Spa & Gym"",""Retail"",""Social Lounge"",""Beach Club"",""Cafes"",""Restaurants"",""Ladies Facilities"",""Picnic Areas""]",Depends on fees & flexibility,"{""age"":""25–34"",""unit_size"":""2BR"",""nationality"":""Saudi Arabia"",""price_range"":""1.5M–3M SAR"",""payment_plan"":""3–5 years"",""home_features"":[""Sea Views"",""Privacy"",""Outdoor Space""],""property_type"":""Villa"",""social_status"":""Single"",""timing_to_buy"":""2030 onwards"",""managed_rental"":""Depends on fees & flexibility"",""no_of_children"":""0"",""primary_reason"":""Both"",""exterior_colour"":[""Sage""],""has_second_home"":""No"",""sport_amenities"":[""Padel"",""Tennis"",""Water sports""],""premium_features"":[""Installed Kitchen""],""community_mobility"":[""Walking"",""Cycling"",""Shared Buggy / Community Shuttle"",""Private Buggy""],""staff_accommodation"":""A maid's room"",""additional_amenities"":[""Spa & Gym"",""Retail"",""Social Lounge"",""Beach Club"",""Cafes"",""Restaurants"",""Ladies Facilities"",""Picnic Areas""],""travel_to_destination"":""Air""}",3–5 years,Air,"[""Walking"",""Cycling"",""Shared Buggy / Community Shuttle"",""Private Buggy""]"
e9d28986-9036-4938-8bf7-6697646d56d6,2026-09-09 13:08:08.072916+00,,25–34,Saudi Arabia,Married,1,No,2028 – 2029,Family holidays,Beach Villa,4BR,700k–1.5M SAR,"[""Outdoor Space"",""Privacy"",""Sea Views""]",Both,"[""Kitchen Appliances""]","[""Sand""]","[""Water sports""]","[""Spa & Gym"",""Children's Club"",""Social Lounge"",""Beach Club"",""Ladies Facilities"",""Restaurants"",""Cafes""]",Yes,"{""age"":""25–34"",""unit_size"":""4BR"",""nationality"":""Saudi Arabia"",""price_range"":""700k–1.5M SAR"",""payment_plan"":""5+ yrs"",""home_features"":[""Outdoor Space"",""Privacy"",""Sea Views""],""property_type"":""Beach Villa"",""social_status"":""Married"",""timing_to_buy"":""2028 – 2029"",""managed_rental"":""Yes"",""no_of_children"":""1"",""primary_reason"":""Family holidays"",""exterior_colour"":[""Sand""],""has_second_home"":""No"",""sport_amenities"":[""Water sports""],""premium_features"":[""Kitchen Appliances""],""community_mobility"":[""Walking""],""staff_accommodation"":""Both"",""additional_amenities"":[""Spa & Gym"",""Children's Club"",""Social Lounge"",""Beach Club"",""Ladies Facilities"",""Restaurants"",""Cafes""],""travel_to_destination"":""Car""}",5+ yrs,Car,"[""Walking""]"
e9e0747a-5235-44da-b6ad-b912e697a857,2026-09-10 09:08:00.106277+00,,35–44,Palestine,Married,3,Self-owned,2028 – 2029,Family holidays,Villa,3BR,1.5M–3M SAR,"[""Sea Views"",""Outdoor Space"",""Park Views""]",A maid's room,"[""Installed Kitchen"",""Built-in Wardrobes"",""Private Pool"",""Kitchen Appliances""]","[""Sand""]","[""Padel"",""Football"",""Water sports""]","[""Spa & Gym"",""Social Lounge"",""Beach Club"",""Restaurants"",""Cafes"",""Retail""]",Depends on fees & flexibility,"{""age"":""35–44"",""unit_size"":""3BR"",""nationality"":""Palestine"",""price_range"":""1.5M–3M SAR"",""payment_plan"":""5+ yrs"",""home_features"":[""Sea Views"",""Outdoor Space"",""Park Views""],""property_type"":""Villa"",""social_status"":""Married"",""timing_to_buy"":""2028 – 2029"",""managed_rental"":""Depends on fees & flexibility"",""no_of_children"":""3"",""primary_reason"":""Family holidays"",""exterior_colour"":[""Sand""],""has_second_home"":""Self-owned"",""sport_amenities"":[""Padel"",""Football"",""Water sports""],""premium_features"":[""Installed Kitchen"",""Built-in Wardrobes"",""Private Pool"",""Kitchen Appliances""],""community_mobility"":[""Walking"",""Private Buggy""],""staff_accommodation"":""A maid's room"",""additional_amenities"":[""Spa & Gym"",""Social Lounge"",""Beach Club"",""Restaurants"",""Cafes"",""Retail""],""travel_to_destination"":""Air""}",5+ yrs,Air,"[""Walking"",""Private Buggy""]"
ea5cef9d-f7d5-4062-b380-50c115ca1395,2026-09-09 13:15:04.189011+00,,35–44,India,Married,1,Family-owned,2030 onwards,Investment,Townhouse,3BR,700k–1.5M SAR,"[""Balconies & Terraces"",""Sea Views""]",Not required,"[""Installed Kitchen"",""Kitchen Appliances"",""Built-in Wardrobes"",""Private Pool""]","[""Blue"",""Sage""]","[""Basketball"",""Water sports"",""Other: Cricket""]","[""Spa & Gym"",""Children's Club"",""Social Lounge"",""Restaurants"",""Retail"",""Cafes"",""Beach Club""]",Depends on return,"{""age"":""35–44"",""unit_size"":""3BR"",""nationality"":""India"",""price_range"":""700k–1.5M SAR"",""payment_plan"":""3–5 years"",""home_features"":[""Balconies & Terraces"",""Sea Views""],""property_type"":""Townhouse"",""social_status"":""Married"",""timing_to_buy"":""2030 onwards"",""managed_rental"":""Depends on return"",""no_of_children"":""1"",""primary_reason"":""Investment"",""exterior_colour"":[""Blue"",""Sage""],""has_second_home"":""Family-owned"",""sport_amenities"":[""Basketball"",""Water sports"",""Other: Cricket""],""premium_features"":[""Installed Kitchen"",""Kitchen Appliances"",""Built-in Wardrobes"",""Private Pool""],""community_mobility"":[""Walking"",""Shared Buggy / Community Shuttle""],""staff_accommodation"":""Not required"",""additional_amenities"":[""Spa & Gym"",""Children's Club"",""Social Lounge"",""Restaurants"",""Retail"",""Cafes"",""Beach Club""],""travel_to_destination"":""Car""}",3–5 years,Car,"[""Walking"",""Shared Buggy / Community Shuttle""]"
eb5829dd-dfd1-4726-a854-121cf4080810,2026-09-09 13:49:06.386851+00,,25–34,Saudi Arabia,Married,0,Family-owned,2028 – 2029,Both,Townhouse,3BR,700k–1.5M SAR,"[""Sea Views""]",A maid's room,"[""Private Pool""]","[""Sand""]","[""Padel""]","[""Spa & Gym"",""Children's Club"",""Beach Club"",""Cafes""]",Yes,"{""age"":""25–34"",""unit_size"":""3BR"",""nationality"":""Saudi Arabia"",""price_range"":""700k–1.5M SAR"",""payment_plan"":""3–5 years"",""home_features"":[""Sea Views""],""property_type"":""Townhouse"",""social_status"":""Married"",""timing_to_buy"":""2028 – 2029"",""managed_rental"":""Yes"",""no_of_children"":""0"",""primary_reason"":""Both"",""exterior_colour"":[""Sand""],""has_second_home"":""Family-owned"",""sport_amenities"":[""Padel""],""premium_features"":[""Private Pool""],""community_mobility"":[""Walking""],""staff_accommodation"":""A maid's room"",""additional_amenities"":[""Spa & Gym"",""Children's Club"",""Beach Club"",""Cafes""],""travel_to_destination"":""Air""}",3–5 years,Air,"[""Walking""]"
eb991800-835d-490e-89da-a6fdf29a9ad6,2026-09-10 10:44:54.334969+00,,45–54,United Kingdom,Married,4+,Self-owned,2030 onwards,Both,Villa,4BR,1.5M–3M SAR,"[""Park Views"",""Sea Views"",""Privacy""]",Not required,"[""Installed Kitchen"",""Private Pool""]","[""Sand"",""Sage""]","[""Tennis"",""Water sports"",""Football""]","[""Spa & Gym"",""Cafes"",""Retail"",""Beach Club""]",Depends on fees & flexibility,"{""age"":""45–54"",""unit_size"":""4BR"",""nationality"":""United Kingdom"",""price_range"":""1.5M–3M SAR"",""payment_plan"":""5+ yrs"",""home_features"":[""Park Views"",""Sea Views"",""Privacy""],""property_type"":""Villa"",""social_status"":""Married"",""timing_to_buy"":""2030 onwards"",""managed_rental"":""Depends on fees & flexibility"",""no_of_children"":""4+"",""primary_reason"":""Both"",""exterior_colour"":[""Sand"",""Sage""],""has_second_home"":""Self-owned"",""sport_amenities"":[""Tennis"",""Water sports"",""Football""],""premium_features"":[""Installed Kitchen"",""Private Pool""],""community_mobility"":[""Walking"",""Cycling""],""staff_accommodation"":""Not required"",""additional_amenities"":[""Spa & Gym"",""Cafes"",""Retail"",""Beach Club""],""travel_to_destination"":""Air""}",5+ yrs,Air,"[""Walking"",""Cycling""]"
ec4d9ba0-ac40-4d5d-83ec-8ea778dcc3a8,2026-09-09 13:45:13.843102+00,,55–64,Egypt,Married,4+,No,2026 – 2027,Both,No preference,2BR,700k–1.5M SAR,"[""Sea Views"",""Balconies & Terraces""]",A maid's room,"[""Installed Kitchen"",""Built-in Wardrobes"",""Kitchen Appliances""]","[""Sand""]","[""Padel"",""Tennis"",""Volleyball""]","[""Spa & Gym"",""Children's Club"",""Social Lounge"",""Ladies Facilities"",""Picnic Areas"",""Beach Club"",""Restaurants"",""Cafes"",""Retail""]",Yes,"{""age"":""55–64"",""unit_size"":""2BR"",""nationality"":""Egypt"",""price_range"":""700k–1.5M SAR"",""payment_plan"":""3–5 years"",""home_features"":[""Sea Views"",""Balconies & Terraces""],""property_type"":""No preference"",""social_status"":""Married"",""timing_to_buy"":""2026 – 2027"",""managed_rental"":""Yes"",""no_of_children"":""4+"",""primary_reason"":""Both"",""exterior_colour"":[""Sand""],""has_second_home"":""No"",""sport_amenities"":[""Padel"",""Tennis"",""Volleyball""],""premium_features"":[""Installed Kitchen"",""Built-in Wardrobes"",""Kitchen Appliances""],""community_mobility"":[""Private Buggy"",""Personal Car""],""staff_accommodation"":""A maid's room"",""additional_amenities"":[""Spa & Gym"",""Children's Club"",""Social Lounge"",""Ladies Facilities"",""Picnic Areas"",""Beach Club"",""Restaurants"",""Cafes"",""Retail""],""travel_to_destination"":""Car""}",3–5 years,Car,"[""Private Buggy"",""Personal Car""]"
eccf7a69-8165-4b56-8140-e2127e61da99,2026-09-09 13:14:42.878171+00,,25–34,Saudi Arabia,Married,1,No,2028 – 2029,Both,Townhouse,3BR,700k–1.5M SAR,"[""Outdoor Space"",""Sea Views"",""Privacy""]",A maid's room,"[""Private Pool""]","[""Sage""]","[""Water sports"",""Basketball"",""Padel""]","[""Spa & Gym"",""Children's Club"",""Ladies Facilities""]",Depends on fees & flexibility,"{""age"":""25–34"",""unit_size"":""3BR"",""nationality"":""Saudi Arabia"",""price_range"":""700k–1.5M SAR"",""payment_plan"":""5+ yrs"",""home_features"":[""Outdoor Space"",""Sea Views"",""Privacy""],""property_type"":""Townhouse"",""social_status"":""Married"",""timing_to_buy"":""2028 – 2029"",""managed_rental"":""Depends on fees & flexibility"",""no_of_children"":""1"",""primary_reason"":""Both"",""exterior_colour"":[""Sage""],""has_second_home"":""No"",""sport_amenities"":[""Water sports"",""Basketball"",""Padel""],""premium_features"":[""Private Pool""],""community_mobility"":[""Cycling"",""Private Buggy""],""staff_accommodation"":""A maid's room"",""additional_amenities"":[""Spa & Gym"",""Children's Club"",""Ladies Facilities""],""travel_to_destination"":""Car""}",5+ yrs,Car,"[""Cycling"",""Private Buggy""]"
ececfdb4-7b9b-4457-9b41-d0e2967494c3,2026-09-10 06:20:10.271363+00,,25–34,United Kingdom,Married,1,No,2028 – 2029,Investment,Apartment,2BR,700k–1.5M SAR,"[""Sea Views"",""Outdoor Space"",""Balconies & Terraces""]",,"[""Installed Kitchen""]","[""Sage""]","[""Water sports""]","[""Children's Club"",""Beach Club"",""Restaurants"",""Cafes"",""Spa & Gym"",""Picnic Areas""]",Yes,"{""age"":""25–34"",""unit_size"":""2BR"",""nationality"":""United Kingdom"",""price_range"":""700k–1.5M SAR"",""payment_plan"":""5+ yrs"",""home_features"":[""Sea Views"",""Outdoor Space"",""Balconies & Terraces""],""property_type"":""Apartment"",""social_status"":""Married"",""timing_to_buy"":""2028 – 2029"",""managed_rental"":""Yes"",""no_of_children"":""1"",""primary_reason"":""Investment"",""exterior_colour"":[""Sage""],""has_second_home"":""No"",""sport_amenities"":[""Water sports""],""premium_features"":[""Installed Kitchen""],""community_mobility"":[""Shared Buggy / Community Shuttle""],""staff_accommodation"":null,""additional_amenities"":[""Children's Club"",""Beach Club"",""Restaurants"",""Cafes"",""Spa & Gym"",""Picnic Areas""],""travel_to_destination"":""Air""}",5+ yrs,Air,"[""Shared Buggy / Community Shuttle""]"
ee091a3c-fa17-4a82-9e30-ca7e43df9064,2026-09-09 14:45:03.154634+00,,35–44,United Kingdom,Married,1,Self-owned,2026 – 2027,Both,Townhouse,2BR,700k–1.5M SAR,"[""Balconies & Terraces"",""Outdoor Space"",""Park Views""]",A maid's room,"[""Installed Kitchen"",""Kitchen Appliances"",""Built-in Wardrobes""]","[""Sand""]","[""Padel""]","[""Children's Club"",""Spa & Gym"",""Cafes"",""Retail"",""Beach Club"",""Picnic Areas"",""Restaurants""]",Depends on return,"{""age"":""35–44"",""unit_size"":""2BR"",""nationality"":""United Kingdom"",""price_range"":""700k–1.5M SAR"",""payment_plan"":""5+ yrs"",""home_features"":[""Balconies & Terraces"",""Outdoor Space"",""Park Views""],""property_type"":""Townhouse"",""social_status"":""Married"",""timing_to_buy"":""2026 – 2027"",""managed_rental"":""Depends on return"",""no_of_children"":""1"",""primary_reason"":""Both"",""exterior_colour"":[""Sand""],""has_second_home"":""Self-owned"",""sport_amenities"":[""Padel""],""premium_features"":[""Installed Kitchen"",""Kitchen Appliances"",""Built-in Wardrobes""],""community_mobility"":[""Walking""],""staff_accommodation"":""A maid's room"",""additional_amenities"":[""Children's Club"",""Spa & Gym"",""Cafes"",""Retail"",""Beach Club"",""Picnic Areas"",""Restaurants""],""travel_to_destination"":""Car""}",5+ yrs,Car,"[""Walking""]"
eee66312-f512-4937-9367-b2426290ea25,2026-09-09 13:29:18.756745+00,,45–54,Saudi Arabia,Married,3,Self-owned,2030 onwards,Both,Apartment,3BR,1.5M–3M SAR,"[""Outdoor Space"",""Sea Views""]",,"[""Installed Kitchen"",""Kitchen Appliances"",""Built-in Wardrobes""]","[""Blue""]","[""Padel"",""Football"",""Water sports""]","[""Spa & Gym"",""Social Lounge"",""Ladies Facilities"",""Picnic Areas"",""Beach Club"",""Restaurants"",""Cafes""]",Depends on fees & flexibility,"{""age"":""45–54"",""unit_size"":""3BR"",""nationality"":""Saudi Arabia"",""price_range"":""1.5M–3M SAR"",""payment_plan"":""5+ yrs"",""home_features"":[""Outdoor Space"",""Sea Views""],""property_type"":""Apartment"",""social_status"":""Married"",""timing_to_buy"":""2030 onwards"",""managed_rental"":""Depends on fees & flexibility"",""no_of_children"":""3"",""primary_reason"":""Both"",""exterior_colour"":[""Blue""],""has_second_home"":""Self-owned"",""sport_amenities"":[""Padel"",""Football"",""Water sports""],""premium_features"":[""Installed Kitchen"",""Kitchen Appliances"",""Built-in Wardrobes""],""community_mobility"":[""Private Buggy""],""staff_accommodation"":null,""additional_amenities"":[""Spa & Gym"",""Social Lounge"",""Ladies Facilities"",""Picnic Areas"",""Beach Club"",""Restaurants"",""Cafes""],""travel_to_destination"":""Car""}",5+ yrs,Car,"[""Private Buggy""]"
ef5c5760-b220-46eb-9b0b-77b3dc59121c,2026-09-09 13:22:24.190789+00,,35–44,Saudi Arabia,Married,1,No,2026 – 2027,Both,Apartment,3BR,700k–1.5M SAR,"[""Outdoor Space""]",,"[""Installed Kitchen""]","[""Other: light gray""]","[""Football"",""Padel"",""Volleyball""]","[""Spa & Gym"",""Children's Club"",""Retail"",""Cafes"",""Restaurants""]",Yes,"{""age"":""35–44"",""unit_size"":""3BR"",""nationality"":""Saudi Arabia"",""price_range"":""700k–1.5M SAR"",""payment_plan"":""5+ yrs"",""home_features"":[""Outdoor Space""],""property_type"":""Apartment"",""social_status"":""Married"",""timing_to_buy"":""2026 – 2027"",""managed_rental"":""Yes"",""no_of_children"":""1"",""primary_reason"":""Both"",""exterior_colour"":[""Other: light gray""],""has_second_home"":""No"",""sport_amenities"":[""Football"",""Padel"",""Volleyball""],""premium_features"":[""Installed Kitchen""],""community_mobility"":[""Shared Buggy / Community Shuttle"",""Walking"",""Personal Car""],""staff_accommodation"":null,""additional_amenities"":[""Spa & Gym"",""Children's Club"",""Retail"",""Cafes"",""Restaurants""],""travel_to_destination"":""Car""}",5+ yrs,Car,"[""Shared Buggy / Community Shuttle"",""Walking"",""Personal Car""]"
ef71e958-feaf-4fa7-ac25-a5851af5f8fc,2026-09-09 13:29:09.184502+00,,35–44,United States,Single,0,Family-owned,2030 onwards,Family holidays,Townhouse,2BR,700k–1.5M SAR,"[""Outdoor Space"",""Privacy"",""Sea Views""]",A maid's room,"[""Private Pool""]","[""Sand"",""Sage""]","[""Padel"",""Basketball"",""Volleyball""]","[""Spa & Gym"",""Social Lounge"",""Cafes"",""Retail"",""Restaurants"",""Picnic Areas""]",Depends on fees & flexibility,"{""age"":""35–44"",""unit_size"":""2BR"",""nationality"":""United States"",""price_range"":""700k–1.5M SAR"",""payment_plan"":""5+ yrs"",""home_features"":[""Outdoor Space"",""Privacy"",""Sea Views""],""property_type"":""Townhouse"",""social_status"":""Single"",""timing_to_buy"":""2030 onwards"",""managed_rental"":""Depends on fees & flexibility"",""no_of_children"":""0"",""primary_reason"":""Family holidays"",""exterior_colour"":[""Sand"",""Sage""],""has_second_home"":""Family-owned"",""sport_amenities"":[""Padel"",""Basketball"",""Volleyball""],""premium_features"":[""Private Pool""],""community_mobility"":[""Walking""],""staff_accommodation"":""A maid's room"",""additional_amenities"":[""Spa & Gym"",""Social Lounge"",""Cafes"",""Retail"",""Restaurants"",""Picnic Areas""],""travel_to_destination"":""Car""}",5+ yrs,Car,"[""Walking""]"
ef877d4b-080f-4d12-983b-ff46d3ac533a,2026-09-09 13:33:42.129062+00,,35–44,Saudi Arabia,Married,4+,Family-owned,2028 – 2029,Both,Beach Villa,2BR,700k–1.5M SAR,"[""Sea Views"",""Outdoor Space"",""Privacy""]",Not required,"[""Private Pool"",""Installed Kitchen"",""Other: Grill indoor and outdoor with charcoal""]","[""Other: White and turquoise""]","[""Water sports"",""Football"",""Padel""]","[""Restaurants"",""Picnic Areas"",""Cafes"",""Beach Club"",""Ladies Facilities""]",No,"{""age"":""35–44"",""unit_size"":""2BR"",""nationality"":""Saudi Arabia"",""price_range"":""700k–1.5M SAR"",""payment_plan"":""5+ yrs"",""home_features"":[""Sea Views"",""Outdoor Space"",""Privacy""],""property_type"":""Beach Villa"",""social_status"":""Married"",""timing_to_buy"":""2028 – 2029"",""managed_rental"":""No"",""no_of_children"":""4+"",""primary_reason"":""Both"",""exterior_colour"":[""Other: White and turquoise""],""has_second_home"":""Family-owned"",""sport_amenities"":[""Water sports"",""Football"",""Padel""],""premium_features"":[""Private Pool"",""Installed Kitchen"",""Other: Grill indoor and outdoor with charcoal""],""community_mobility"":[""Private Buggy""],""staff_accommodation"":""Not required"",""additional_amenities"":[""Restaurants"",""Picnic Areas"",""Cafes"",""Beach Club"",""Ladies Facilities""],""travel_to_destination"":""Car""}",5+ yrs,Car,"[""Private Buggy""]"
f0a9b455-a4ba-4a51-b70f-3f8e8febccbf,2026-09-09 13:14:38.582308+00,,35–44,Saudi Arabia,Married,0,No,2030 onwards,Both,Villa,2BR,700k–1.5M SAR,"[""Privacy"",""Outdoor Space"",""Balconies & Terraces""]",A maid's room,"[""Installed Kitchen"",""Private Pool"",""Built-in Wardrobes""]","[""Sand"",""Sage""]","[""Football"",""Padel""]","[""Spa & Gym"",""Restaurants"",""Cafes"",""Retail""]",Yes,"{""age"":""35–44"",""unit_size"":""2BR"",""nationality"":""Saudi Arabia"",""price_range"":""700k–1.5M SAR"",""payment_plan"":""5+ yrs"",""home_features"":[""Privacy"",""Outdoor Space"",""Balconies & Terraces""],""property_type"":""Villa"",""social_status"":""Married"",""timing_to_buy"":""2030 onwards"",""managed_rental"":""Yes"",""no_of_children"":""0"",""primary_reason"":""Both"",""exterior_colour"":[""Sand"",""Sage""],""has_second_home"":""No"",""sport_amenities"":[""Football"",""Padel""],""premium_features"":[""Installed Kitchen"",""Private Pool"",""Built-in Wardrobes""],""community_mobility"":[""Walking"",""Cycling"",""Personal Car""],""staff_accommodation"":""A maid's room"",""additional_amenities"":[""Spa & Gym"",""Restaurants"",""Cafes"",""Retail""],""travel_to_destination"":""Air""}",5+ yrs,Air,"[""Walking"",""Cycling"",""Personal Car""]"
f0bf5f6d-f8d1-42c6-a3db-0f9147ab21e1,2026-09-09 15:50:44.93904+00,,55–64,United Kingdom,Married,2,No,2028 – 2029,Both,Villa,3BR,1.5M–3M SAR,"[""Sea Views"",""Balconies & Terraces"",""Outdoor Space""]",Not required,"[""Private Pool""]","[""Sand""]","[""Water sports"",""Other: Squash"",""Tennis""]","[""Spa & Gym"",""Ladies Facilities"",""Restaurants"",""Cafes"",""Retail"",""Beach Club"",""Picnic Areas""]",Depends on return,"{""age"":""55–64"",""unit_size"":""3BR"",""nationality"":""United Kingdom"",""price_range"":""1.5M–3M SAR"",""payment_plan"":""3–5 years"",""home_features"":[""Sea Views"",""Balconies & Terraces"",""Outdoor Space""],""property_type"":""Villa"",""social_status"":""Married"",""timing_to_buy"":""2028 – 2029"",""managed_rental"":""Depends on return"",""no_of_children"":""2"",""primary_reason"":""Both"",""exterior_colour"":[""Sand""],""has_second_home"":""No"",""sport_amenities"":[""Water sports"",""Other: Squash"",""Tennis""],""premium_features"":[""Private Pool""],""community_mobility"":[""Private Buggy""],""staff_accommodation"":""Not required"",""additional_amenities"":[""Spa & Gym"",""Ladies Facilities"",""Restaurants"",""Cafes"",""Retail"",""Beach Club"",""Picnic Areas""],""travel_to_destination"":""Air""}",3–5 years,Air,"[""Private Buggy""]"
f0c24d99-d59a-4d5a-91de-f1ede5584b08,2026-09-10 07:38:36.331345+00,,25–34,Saudi Arabia,Married,0,No,2030 onwards,Family holidays,Apartment,2BR,1.5M–3M SAR,"[""Outdoor Space"",""Sea Views"",""Privacy""]",,"[""Installed Kitchen"",""Built-in Wardrobes"",""Private Pool""]","[""Sand"",""Sage""]","[""Basketball"",""Water sports"",""Volleyball""]","[""Spa & Gym"",""Children's Club"",""Ladies Facilities"",""Restaurants"",""Cafes""]",Depends on return,"{""age"":""25–34"",""unit_size"":""2BR"",""nationality"":""Saudi Arabia"",""price_range"":""1.5M–3M SAR"",""payment_plan"":""5+ yrs"",""home_features"":[""Outdoor Space"",""Sea Views"",""Privacy""],""property_type"":""Apartment"",""social_status"":""Married"",""timing_to_buy"":""2030 onwards"",""managed_rental"":""Depends on return"",""no_of_children"":""0"",""primary_reason"":""Family holidays"",""exterior_colour"":[""Sand"",""Sage""],""has_second_home"":""No"",""sport_amenities"":[""Basketball"",""Water sports"",""Volleyball""],""premium_features"":[""Installed Kitchen"",""Built-in Wardrobes"",""Private Pool""],""community_mobility"":[""Walking""],""staff_accommodation"":null,""additional_amenities"":[""Spa & Gym"",""Children's Club"",""Ladies Facilities"",""Restaurants"",""Cafes""],""travel_to_destination"":""Air""}",5+ yrs,Air,"[""Walking""]"
f12adecb-9cb5-44c8-aa5f-6968e8f7d934,2026-09-10 10:42:49.791004+00,,25–34,Uganda,Single,0,No,2030 onwards,Both,Beach Villa,2BR,700k–1.5M SAR,"[""Balconies & Terraces"",""Sea Views"",""Privacy""]",Not required,"[""Installed Kitchen""]","[""Rose""]","[""Football"",""Water sports"",""Basketball""]","[""Spa & Gym"",""Beach Club"",""Picnic Areas"",""Restaurants"",""Ladies Facilities"",""Retail"",""Cafes""]",Depends on fees & flexibility,"{""age"":""25–34"",""unit_size"":""2BR"",""nationality"":""Uganda"",""price_range"":""700k–1.5M SAR"",""payment_plan"":""3–5 years"",""home_features"":[""Balconies & Terraces"",""Sea Views"",""Privacy""],""property_type"":""Beach Villa"",""social_status"":""Single"",""timing_to_buy"":""2030 onwards"",""managed_rental"":""Depends on fees & flexibility"",""no_of_children"":""0"",""primary_reason"":""Both"",""exterior_colour"":[""Rose""],""has_second_home"":""No"",""sport_amenities"":[""Football"",""Water sports"",""Basketball""],""premium_features"":[""Installed Kitchen""],""community_mobility"":[""Private Buggy""],""staff_accommodation"":""Not required"",""additional_amenities"":[""Spa & Gym"",""Beach Club"",""Picnic Areas"",""Restaurants"",""Ladies Facilities"",""Retail"",""Cafes""],""travel_to_destination"":""Air""}",3–5 years,Air,"[""Private Buggy""]"
f21c95fb-b0e0-4f63-8b19-2c78eba1f5db,2026-09-09 13:28:38.536672+00,,45–54,United Kingdom,Married,2,Self-owned,2026 – 2027,Investment,Apartment,2BR,700k–1.5M SAR,"[""Balconies & Terraces"",""Outdoor Space""]",,"[""Other: none""]","[""Sand""]","[""Padel""]","[""Spa & Gym"",""Beach Club"",""Restaurants"",""Cafes"",""Retail""]",Depends on return,"{""age"":""45–54"",""unit_size"":""2BR"",""nationality"":""United Kingdom"",""price_range"":""700k–1.5M SAR"",""payment_plan"":""1–2 years"",""home_features"":[""Balconies & Terraces"",""Outdoor Space""],""property_type"":""Apartment"",""social_status"":""Married"",""timing_to_buy"":""2026 – 2027"",""managed_rental"":""Depends on return"",""no_of_children"":""2"",""primary_reason"":""Investment"",""exterior_colour"":[""Sand""],""has_second_home"":""Self-owned"",""sport_amenities"":[""Padel""],""premium_features"":[""Other: none""],""community_mobility"":[""Walking""],""staff_accommodation"":null,""additional_amenities"":[""Spa & Gym"",""Beach Club"",""Restaurants"",""Cafes"",""Retail""],""travel_to_destination"":""Car""}",1–2 years,Car,"[""Walking""]"
f33f52ab-4efd-4c38-ac7c-e3c56032527a,2026-09-09 13:18:09.144948+00,,65+,United Kingdom,Married,2,Self-owned,2028 – 2029,Both,Villa,3BR,1.5M–3M SAR,"[""Outdoor Space"",""Balconies & Terraces"",""Sea Views""]",A maid's room,"[""Built-in Wardrobes"",""Private Pool""]","[""Sand""]","[""Tennis"",""Football"",""Water sports""]","[""Spa & Gym"",""Restaurants"",""Cafes"",""Retail"",""Beach Club""]",Depends on return,"{""age"":""65+"",""unit_size"":""3BR"",""nationality"":""United Kingdom"",""price_range"":""1.5M–3M SAR"",""payment_plan"":""3–5 years"",""home_features"":[""Outdoor Space"",""Balconies & Terraces"",""Sea Views""],""property_type"":""Villa"",""social_status"":""Married"",""timing_to_buy"":""2028 – 2029"",""managed_rental"":""Depends on return"",""no_of_children"":""2"",""primary_reason"":""Both"",""exterior_colour"":[""Sand""],""has_second_home"":""Self-owned"",""sport_amenities"":[""Tennis"",""Football"",""Water sports""],""premium_features"":[""Built-in Wardrobes"",""Private Pool""],""community_mobility"":[""Private Buggy"",""Walking""],""staff_accommodation"":""A maid's room"",""additional_amenities"":[""Spa & Gym"",""Restaurants"",""Cafes"",""Retail"",""Beach Club""],""travel_to_destination"":""Car""}",3–5 years,Car,"[""Private Buggy"",""Walking""]"
f36ddbe1-1b20-46e5-8fa5-8f45beb06c95,2026-09-09 13:40:13.962386+00,,45–54,Jordan,Single,4+,No,2026 – 2027,Both,Townhouse,3BR,700k–1.5M SAR,"[""Sea Views"",""Balconies & Terraces"",""Outdoor Space""]",Not required,"[""Installed Kitchen"",""Private Pool"",""Built-in Wardrobes""]","[""Sand""]","[""Padel"",""Water sports""]","[""Spa & Gym"",""Picnic Areas"",""Restaurants"",""Retail""]",Depends on return,"{""age"":""45–54"",""unit_size"":""3BR"",""nationality"":""Jordan"",""price_range"":""700k–1.5M SAR"",""payment_plan"":""Upfront cash in full"",""home_features"":[""Sea Views"",""Balconies & Terraces"",""Outdoor Space""],""property_type"":""Townhouse"",""social_status"":""Single"",""timing_to_buy"":""2026 – 2027"",""managed_rental"":""Depends on return"",""no_of_children"":""4+"",""primary_reason"":""Both"",""exterior_colour"":[""Sand""],""has_second_home"":""No"",""sport_amenities"":[""Padel"",""Water sports""],""premium_features"":[""Installed Kitchen"",""Private Pool"",""Built-in Wardrobes""],""community_mobility"":[""Walking"",""Shared Buggy / Community Shuttle""],""staff_accommodation"":""Not required"",""additional_amenities"":[""Spa & Gym"",""Picnic Areas"",""Restaurants"",""Retail""],""travel_to_destination"":""Air""}",Upfront cash in full,Air,"[""Walking"",""Shared Buggy / Community Shuttle""]"
f3b8154d-3a0a-4f09-bb14-9e72876cf402,2026-09-09 13:18:16.701585+00,,45–54,India,Married,2,Self-owned,2028 – 2029,Investment,Townhouse,3BR,1.5M–3M SAR,"[""Outdoor Space"",""Balconies & Terraces"",""Sea Views""]",A maid's room,"[""Installed Kitchen"",""Built-in Wardrobes""]","[""Other: Grey"",""Sand""]","[""Padel"",""Volleyball"",""Other: Badminton""]","[""Spa & Gym"",""Ladies Facilities"",""Restaurants"",""Retail"",""Picnic Areas""]",Depends on return,"{""age"":""45–54"",""unit_size"":""3BR"",""nationality"":""India"",""price_range"":""1.5M–3M SAR"",""payment_plan"":""3–5 years"",""home_features"":[""Outdoor Space"",""Balconies & Terraces"",""Sea Views""],""property_type"":""Townhouse"",""social_status"":""Married"",""timing_to_buy"":""2028 – 2029"",""managed_rental"":""Depends on return"",""no_of_children"":""2"",""primary_reason"":""Investment"",""exterior_colour"":[""Other: Grey"",""Sand""],""has_second_home"":""Self-owned"",""sport_amenities"":[""Padel"",""Volleyball"",""Other: Badminton""],""premium_features"":[""Installed Kitchen"",""Built-in Wardrobes""],""community_mobility"":[""Walking"",""Cycling""],""staff_accommodation"":""A maid's room"",""additional_amenities"":[""Spa & Gym"",""Ladies Facilities"",""Restaurants"",""Retail"",""Picnic Areas""],""travel_to_destination"":""Car""}",3–5 years,Car,"[""Walking"",""Cycling""]"
f47131b8-ea83-4c87-b842-ce1da88b8cfe,2026-09-09 13:12:01.435551+00,,35–44,France,Single,0,Self-owned,2030 onwards,Both,Villa,3BR,1.5M–3M SAR,"[""Sea Views"",""Outdoor Space"",""Privacy""]",Not required,"[""Private Pool""]","[""Rose""]","[""Tennis"",""Water sports""]","[""Spa & Gym"",""Picnic Areas"",""Restaurants"",""Cafes"",""Retail""]",Depends on fees & flexibility,"{""age"":""35–44"",""unit_size"":""3BR"",""nationality"":""France"",""price_range"":""1.5M–3M SAR"",""payment_plan"":""5+ yrs"",""home_features"":[""Sea Views"",""Outdoor Space"",""Privacy""],""property_type"":""Villa"",""social_status"":""Single"",""timing_to_buy"":""2030 onwards"",""managed_rental"":""Depends on fees & flexibility"",""no_of_children"":""0"",""primary_reason"":""Both"",""exterior_colour"":[""Rose""],""has_second_home"":""Self-owned"",""sport_amenities"":[""Tennis"",""Water sports""],""premium_features"":[""Private Pool""],""community_mobility"":[""Cycling"",""Walking""],""staff_accommodation"":""Not required"",""additional_amenities"":[""Spa & Gym"",""Picnic Areas"",""Restaurants"",""Cafes"",""Retail""],""travel_to_destination"":""Air""}",5+ yrs,Air,"[""Cycling"",""Walking""]"
f48cfc6f-eeac-4815-9566-1a8c395e03a7,2026-09-10 06:45:52.267267+00,,25–34,Saudi Arabia,Single,0,Self-owned,2028 – 2029,Investment,Villa,2BR,1.5M–3M SAR,"[""Sea Views"",""Balconies & Terraces"",""Privacy""]",Not required,"[""Private Pool""]","[""Sage""]","[""Tennis""]","[""Spa & Gym"",""Ladies Facilities"",""Beach Club"",""Restaurants"",""Cafes"",""Retail""]",Depends on fees & flexibility,"{""age"":""25–34"",""unit_size"":""2BR"",""nationality"":""Saudi Arabia"",""price_range"":""1.5M–3M SAR"",""payment_plan"":""5+ yrs"",""home_features"":[""Sea Views"",""Balconies & Terraces"",""Privacy""],""property_type"":""Villa"",""social_status"":""Single"",""timing_to_buy"":""2028 – 2029"",""managed_rental"":""Depends on fees & flexibility"",""no_of_children"":""0"",""primary_reason"":""Investment"",""exterior_colour"":[""Sage""],""has_second_home"":""Self-owned"",""sport_amenities"":[""Tennis""],""premium_features"":[""Private Pool""],""community_mobility"":[""Shared Buggy / Community Shuttle"",""Personal Car"",""Private Buggy"",""Walking""],""staff_accommodation"":""Not required"",""additional_amenities"":[""Spa & Gym"",""Ladies Facilities"",""Beach Club"",""Restaurants"",""Cafes"",""Retail""],""travel_to_destination"":""Air""}",5+ yrs,Air,"[""Shared Buggy / Community Shuttle"",""Personal Car"",""Private Buggy"",""Walking""]"
f5266b50-c274-43a3-a072-811466794997,2026-09-09 13:15:47.355883+00,,45–54,India,Married,3,No,2028 – 2029,Investment,Villa,2BR,700k–1.5M SAR,"[""Outdoor Space"",""Balconies & Terraces"",""Sea Views""]",Not required,"[""Installed Kitchen"",""Built-in Wardrobes"",""Kitchen Appliances"",""Other: community Pool""]","[""Sand"",""Blue""]","[""Other: Badminton"",""Padel"",""Water sports""]","[""Spa & Gym"",""Children's Club"",""Social Lounge"",""Ladies Facilities"",""Beach Club"",""Restaurants"",""Cafes"",""Retail"",""Picnic Areas"",""Other: Covered Parking""]",Depends on return,"{""age"":""45–54"",""unit_size"":""2BR"",""nationality"":""India"",""price_range"":""700k–1.5M SAR"",""payment_plan"":""5+ yrs"",""home_features"":[""Outdoor Space"",""Balconies & Terraces"",""Sea Views""],""property_type"":""Villa"",""social_status"":""Married"",""timing_to_buy"":""2028 – 2029"",""managed_rental"":""Depends on return"",""no_of_children"":""3"",""primary_reason"":""Investment"",""exterior_colour"":[""Sand"",""Blue""],""has_second_home"":""No"",""sport_amenities"":[""Other: Badminton"",""Padel"",""Water sports""],""premium_features"":[""Installed Kitchen"",""Built-in Wardrobes"",""Kitchen Appliances"",""Other: community Pool""],""community_mobility"":[""Walking"",""Cycling""],""staff_accommodation"":""Not required"",""additional_amenities"":[""Spa & Gym"",""Children's Club"",""Social Lounge"",""Ladies Facilities"",""Beach Club"",""Restaurants"",""Cafes"",""Retail"",""Picnic Areas"",""Other: Covered Parking""],""travel_to_destination"":""Car""}",5+ yrs,Car,"[""Walking"",""Cycling""]"
f747b0b0-e19a-4907-8378-a92be38fbd81,2026-09-09 13:12:18.378214+00,,35–44,Saudi Arabia,Married,2,No,2030 onwards,Both,Beach Villa,5BR+,1.5M–3M SAR,"[""Sea Views"",""Privacy"",""Outdoor Space""]",A maid's room,"[""Private Pool""]","[""Blue""]","[""Padel"",""Water sports"",""Football""]","[""Spa & Gym"",""Children's Club"",""Social Lounge"",""Ladies Facilities"",""Picnic Areas"",""Beach Club"",""Retail"",""Restaurants"",""Other: Mosques""]",Depends on fees & flexibility,"{""age"":""35–44"",""unit_size"":""5BR+"",""nationality"":""Saudi Arabia"",""price_range"":""1.5M–3M SAR"",""payment_plan"":""5+ yrs"",""home_features"":[""Sea Views"",""Privacy"",""Outdoor Space""],""property_type"":""Beach Villa"",""social_status"":""Married"",""timing_to_buy"":""2030 onwards"",""managed_rental"":""Depends on fees & flexibility"",""no_of_children"":""2"",""primary_reason"":""Both"",""exterior_colour"":[""Blue""],""has_second_home"":""No"",""sport_amenities"":[""Padel"",""Water sports"",""Football""],""premium_features"":[""Private Pool""],""community_mobility"":[""Walking"",""Private Buggy"",""Shared Buggy / Community Shuttle""],""staff_accommodation"":""A maid's room"",""additional_amenities"":[""Spa & Gym"",""Children's Club"",""Social Lounge"",""Ladies Facilities"",""Picnic Areas"",""Beach Club"",""Retail"",""Restaurants"",""Other: Mosques""],""travel_to_destination"":""Car""}",5+ yrs,Car,"[""Walking"",""Private Buggy"",""Shared Buggy / Community Shuttle""]"
f79f7162-6e8b-48ba-9d43-c99b6f4cf6b8,2026-09-09 14:05:21.667635+00,,35–44,Saudi Arabia,Married,1,Self-owned,2030 onwards,Both,No preference,4BR,700k–1.5M SAR,"[""Outdoor Space""]",A maid's room,"[""Kitchen Appliances""]","[""Sand""]","[""Football""]","[""Social Lounge"",""Restaurants"",""Children's Club"",""Ladies Facilities"",""Picnic Areas"",""Beach Club"",""Retail"",""Cafes"",""Spa & Gym""]",Yes,"{""age"":""35–44"",""unit_size"":""4BR"",""nationality"":""Saudi Arabia"",""price_range"":""700k–1.5M SAR"",""payment_plan"":""5+ yrs"",""home_features"":[""Outdoor Space""],""property_type"":""No preference"",""social_status"":""Married"",""timing_to_buy"":""2030 onwards"",""managed_rental"":""Yes"",""no_of_children"":""1"",""primary_reason"":""Both"",""exterior_colour"":[""Sand""],""has_second_home"":""Self-owned"",""sport_amenities"":[""Football""],""premium_features"":[""Kitchen Appliances""],""community_mobility"":[""Walking""],""staff_accommodation"":""A maid's room"",""additional_amenities"":[""Social Lounge"",""Restaurants"",""Children's Club"",""Ladies Facilities"",""Picnic Areas"",""Beach Club"",""Retail"",""Cafes"",""Spa & Gym""],""travel_to_destination"":""Car""}",5+ yrs,Car,"[""Walking""]"
f8df615d-e03a-4c64-9af3-02d10b64e113,2026-09-09 13:08:59.881751+00,,25–34,Saudi Arabia,Single,0,Family-owned,2030 onwards,Investment,Townhouse,3BR,700k–1.5M SAR,"[""Sea Views"",""Privacy""]",Both,"[""Private Pool""]","[""Other: Off white""]","[""Football"",""Padel"",""Water sports""]","[""Spa & Gym"",""Restaurants"",""Cafes"",""Retail"",""Beach Club"",""Children's Club"",""Social Lounge""]",Depends on return,"{""age"":""25–34"",""unit_size"":""3BR"",""nationality"":""Saudi Arabia"",""price_range"":""700k–1.5M SAR"",""payment_plan"":""5+ yrs"",""home_features"":[""Sea Views"",""Privacy""],""property_type"":""Townhouse"",""social_status"":""Single"",""timing_to_buy"":""2030 onwards"",""managed_rental"":""Depends on return"",""no_of_children"":""0"",""primary_reason"":""Investment"",""exterior_colour"":[""Other: Off white""],""has_second_home"":""Family-owned"",""sport_amenities"":[""Football"",""Padel"",""Water sports""],""premium_features"":[""Private Pool""],""community_mobility"":[""Walking"",""Cycling"",""Private Buggy"",""Personal Car""],""staff_accommodation"":""Both"",""additional_amenities"":[""Spa & Gym"",""Restaurants"",""Cafes"",""Retail"",""Beach Club"",""Children's Club"",""Social Lounge""],""travel_to_destination"":""Car""}",5+ yrs,Car,"[""Walking"",""Cycling"",""Private Buggy"",""Personal Car""]"
f9112eff-38c0-4413-a77c-c88f77bff1d6,2026-09-10 05:45:26.916662+00,,35–44,India,Married,2,No,2028 – 2029,Family holidays,Villa,2BR,700k–1.5M SAR,"[""Outdoor Space"",""Balconies & Terraces"",""Privacy""]",A maid's room,"[""Private Pool""]","[""Sage""]","[""Volleyball"",""Padel"",""Tennis""]","[""Spa & Gym"",""Children's Club"",""Ladies Facilities"",""Restaurants"",""Cafes"",""Retail""]",Depends on fees & flexibility,"{""age"":""35–44"",""unit_size"":""2BR"",""nationality"":""India"",""price_range"":""700k–1.5M SAR"",""payment_plan"":""3–5 years"",""home_features"":[""Outdoor Space"",""Balconies & Terraces"",""Privacy""],""property_type"":""Villa"",""social_status"":""Married"",""timing_to_buy"":""2028 – 2029"",""managed_rental"":""Depends on fees & flexibility"",""no_of_children"":""2"",""primary_reason"":""Family holidays"",""exterior_colour"":[""Sage""],""has_second_home"":""No"",""sport_amenities"":[""Volleyball"",""Padel"",""Tennis""],""premium_features"":[""Private Pool""],""community_mobility"":[""Walking""],""staff_accommodation"":""A maid's room"",""additional_amenities"":[""Spa & Gym"",""Children's Club"",""Ladies Facilities"",""Restaurants"",""Cafes"",""Retail""],""travel_to_destination"":""Air""}",3–5 years,Air,"[""Walking""]"
f9202e46-3de2-45c4-be96-6a8885fe46a5,2026-09-09 16:37:56.02623+00,,25–34,Saudi Arabia,Single,0,Family-owned,2030 onwards,Both,Beach Villa,2BR,1.5M–3M SAR,"[""Sea Views"",""Privacy""]",Both,"[""Installed Kitchen""]","[""Other: Beige""]","[""Other: Water skii""]","[""Restaurants"",""Children's Club""]",No,"{""age"":""25–34"",""unit_size"":""2BR"",""nationality"":""Saudi Arabia"",""price_range"":""1.5M–3M SAR"",""payment_plan"":""Upfront cash in full"",""home_features"":[""Sea Views"",""Privacy""],""property_type"":""Beach Villa"",""social_status"":""Single"",""timing_to_buy"":""2030 onwards"",""managed_rental"":""No"",""no_of_children"":""0"",""primary_reason"":""Both"",""exterior_colour"":[""Other: Beige""],""has_second_home"":""Family-owned"",""sport_amenities"":[""Other: Water skii""],""premium_features"":[""Installed Kitchen""],""community_mobility"":[""Private Buggy""],""staff_accommodation"":""Both"",""additional_amenities"":[""Restaurants"",""Children's Club""],""travel_to_destination"":""Car""}",Upfront cash in full,Car,"[""Private Buggy""]"
f9c45bf5-9378-4652-b235-d475874dce22,2026-09-11 07:02:07.557502+00,,35–44,Jordan,Married,2,No,2030 onwards,Investment,Townhouse,3BR,700k–1.5M SAR,"[""Sea Views"",""Balconies & Terraces"",""Outdoor Space""]",A maid's room,"[""Installed Kitchen"",""Kitchen Appliances"",""Built-in Wardrobes"",""Private Pool""]","[""Blue""]","[""Volleyball"",""Tennis"",""Water sports""]","[""Spa & Gym"",""Social Lounge"",""Children's Club"",""Picnic Areas"",""Beach Club"",""Restaurants"",""Cafes""]",Depends on return,"{""age"":""35–44"",""unit_size"":""3BR"",""nationality"":""Jordan"",""price_range"":""700k–1.5M SAR"",""payment_plan"":""3–5 years"",""home_features"":[""Sea Views"",""Balconies & Terraces"",""Outdoor Space""],""property_type"":""Townhouse"",""social_status"":""Married"",""timing_to_buy"":""2030 onwards"",""managed_rental"":""Depends on return"",""no_of_children"":""2"",""primary_reason"":""Investment"",""exterior_colour"":[""Blue""],""has_second_home"":""No"",""sport_amenities"":[""Volleyball"",""Tennis"",""Water sports""],""premium_features"":[""Installed Kitchen"",""Kitchen Appliances"",""Built-in Wardrobes"",""Private Pool""],""community_mobility"":[""Personal Car""],""staff_accommodation"":""A maid's room"",""additional_amenities"":[""Spa & Gym"",""Social Lounge"",""Children's Club"",""Picnic Areas"",""Beach Club"",""Restaurants"",""Cafes""],""travel_to_destination"":""Car""}",3–5 years,Car,"[""Personal Car""]"
fa3353e4-83bc-4ade-bec8-c91757788adc,2026-09-09 14:16:36.736094+00,,45–54,Saudi Arabia,Married,4+,No,2030 onwards,Investment,No preference,Studio,700k–1.5M SAR,"[""Privacy""]",Not required,"[""Installed Kitchen""]","[""Sage""]","[""Tennis""]","[""Retail""]",Depends on return,"{""age"":""45–54"",""unit_size"":""Studio"",""nationality"":""Saudi Arabia"",""price_range"":""700k–1.5M SAR"",""payment_plan"":""5+ yrs"",""home_features"":[""Privacy""],""property_type"":""No preference"",""social_status"":""Married"",""timing_to_buy"":""2030 onwards"",""managed_rental"":""Depends on return"",""no_of_children"":""4+"",""primary_reason"":""Investment"",""exterior_colour"":[""Sage""],""has_second_home"":""No"",""sport_amenities"":[""Tennis""],""premium_features"":[""Installed Kitchen""],""community_mobility"":[""Walking""],""staff_accommodation"":""Not required"",""additional_amenities"":[""Retail""],""travel_to_destination"":""Car""}",5+ yrs,Car,"[""Walking""]"
fa3e965d-4d7b-4deb-8dfd-238ef9964572,2026-09-09 18:45:50.51186+00,,35–44,Saudi Arabia,Married,2,No,2030 onwards,Family holidays,Villa,4BR,700k–1.5M SAR,"[""Privacy""]",A maid's room,"[""Installed Kitchen"",""Built-in Wardrobes"",""Kitchen Appliances""]","[""Sand""]","[""Padel"",""Football""]","[""Spa & Gym"",""Beach Club""]",Yes,"{""age"":""35–44"",""unit_size"":""4BR"",""nationality"":""Saudi Arabia"",""price_range"":""700k–1.5M SAR"",""payment_plan"":""5+ yrs"",""home_features"":[""Privacy""],""property_type"":""Villa"",""social_status"":""Married"",""timing_to_buy"":""2030 onwards"",""managed_rental"":""Yes"",""no_of_children"":""2"",""primary_reason"":""Family holidays"",""exterior_colour"":[""Sand""],""has_second_home"":""No"",""sport_amenities"":[""Padel"",""Football""],""premium_features"":[""Installed Kitchen"",""Built-in Wardrobes"",""Kitchen Appliances""],""community_mobility"":[""Private Buggy""],""staff_accommodation"":""A maid's room"",""additional_amenities"":[""Spa & Gym"",""Beach Club""],""travel_to_destination"":""Car""}",5+ yrs,Car,"[""Private Buggy""]"
fa683ad5-5da5-42e9-9baa-3ab76cd56726,2026-09-09 13:10:58.791149+00,,45–54,United Kingdom,Married,2,No,2028 – 2029,Both,Townhouse,3BR,1.5M–3M SAR,"[""Balconies & Terraces""]",Not required,"[""Kitchen Appliances"",""Built-in Wardrobes"",""Installed Kitchen"",""Private Pool""]","[""Sand""]","[""Padel"",""Tennis""]","[""Spa & Gym"",""Restaurants"",""Beach Club""]",Depends on fees & flexibility,"{""age"":""45–54"",""unit_size"":""3BR"",""nationality"":""United Kingdom"",""price_range"":""1.5M–3M SAR"",""payment_plan"":""5+ yrs"",""home_features"":[""Balconies & Terraces""],""property_type"":""Townhouse"",""social_status"":""Married"",""timing_to_buy"":""2028 – 2029"",""managed_rental"":""Depends on fees & flexibility"",""no_of_children"":""2"",""primary_reason"":""Both"",""exterior_colour"":[""Sand""],""has_second_home"":""No"",""sport_amenities"":[""Padel"",""Tennis""],""premium_features"":[""Kitchen Appliances"",""Built-in Wardrobes"",""Installed Kitchen"",""Private Pool""],""community_mobility"":[""Walking""],""staff_accommodation"":""Not required"",""additional_amenities"":[""Spa & Gym"",""Restaurants"",""Beach Club""],""travel_to_destination"":""Car""}",5+ yrs,Car,"[""Walking""]"
fa872178-14e9-4372-864b-8521d824f1df,2026-09-10 06:17:16.337415+00,,25–34,Saudi Arabia,Married,0,No,2030 onwards,Both,Villa,3BR,1.5M–3M SAR,"[""Outdoor Space"",""Privacy""]",A maid's room,"[""Private Pool"",""Installed Kitchen""]","[""Sage""]","[""Football"",""Padel"",""Basketball""]","[""Spa & Gym"",""Children's Club"",""Ladies Facilities"",""Picnic Areas"",""Restaurants"",""Cafes"",""Retail""]",Depends on fees & flexibility,"{""age"":""25–34"",""unit_size"":""3BR"",""nationality"":""Saudi Arabia"",""price_range"":""1.5M–3M SAR"",""payment_plan"":""5+ yrs"",""home_features"":[""Outdoor Space"",""Privacy""],""property_type"":""Villa"",""social_status"":""Married"",""timing_to_buy"":""2030 onwards"",""managed_rental"":""Depends on fees & flexibility"",""no_of_children"":""0"",""primary_reason"":""Both"",""exterior_colour"":[""Sage""],""has_second_home"":""No"",""sport_amenities"":[""Football"",""Padel"",""Basketball""],""premium_features"":[""Private Pool"",""Installed Kitchen""],""community_mobility"":[""Walking""],""staff_accommodation"":""A maid's room"",""additional_amenities"":[""Spa & Gym"",""Children's Club"",""Ladies Facilities"",""Picnic Areas"",""Restaurants"",""Cafes"",""Retail""],""travel_to_destination"":""Car""}",5+ yrs,Car,"[""Walking""]"
fa92e6af-854f-40cb-b61e-715e9607ab93,2026-09-09 14:03:27.560906+00,,25–34,Saudi Arabia,Single,0,Self-owned,2030 onwards,Both,Beach Villa,4BR,1.5M–3M SAR,"[""Privacy"",""Sea Views"",""Balconies & Terraces""]",Both,"[""Installed Kitchen""]","[""Other: White/Timber""]","[""Padel"",""Tennis"",""Water sports""]","[""Spa & Gym"",""Children's Club"",""Beach Club"",""Restaurants"",""Cafes"",""Retail"",""Ladies Facilities""]",Depends on fees & flexibility,"{""age"":""25–34"",""unit_size"":""4BR"",""nationality"":""Saudi Arabia"",""price_range"":""1.5M–3M SAR"",""payment_plan"":""5+ yrs"",""home_features"":[""Privacy"",""Sea Views"",""Balconies & Terraces""],""property_type"":""Beach Villa"",""social_status"":""Single"",""timing_to_buy"":""2030 onwards"",""managed_rental"":""Depends on fees & flexibility"",""no_of_children"":""0"",""primary_reason"":""Both"",""exterior_colour"":[""Other: White/Timber""],""has_second_home"":""Self-owned"",""sport_amenities"":[""Padel"",""Tennis"",""Water sports""],""premium_features"":[""Installed Kitchen""],""community_mobility"":[""Private Buggy"",""Walking"",""Personal Car""],""staff_accommodation"":""Both"",""additional_amenities"":[""Spa & Gym"",""Children's Club"",""Beach Club"",""Restaurants"",""Cafes"",""Retail"",""Ladies Facilities""],""travel_to_destination"":""Air""}",5+ yrs,Air,"[""Private Buggy"",""Walking"",""Personal Car""]"
fb22e7fb-42a2-4e5a-9586-7d7b187ab35e,2026-09-09 13:09:59.618505+00,,Under 25,Saudi Arabia,Single,0,No,2026 – 2027,Family holidays,Apartment,5BR+,700k–1.5M SAR,"[""Privacy""]",,"[""Installed Kitchen""]","[""Sand""]","[""Football""]","[""Beach Club""]",Depends on return,"{""age"":""Under 25"",""unit_size"":""5BR+"",""nationality"":""Saudi Arabia"",""price_range"":""700k–1.5M SAR"",""payment_plan"":""5+ yrs"",""home_features"":[""Privacy""],""property_type"":""Apartment"",""social_status"":""Single"",""timing_to_buy"":""2026 – 2027"",""managed_rental"":""Depends on return"",""no_of_children"":""0"",""primary_reason"":""Family holidays"",""exterior_colour"":[""Sand""],""has_second_home"":""No"",""sport_amenities"":[""Football""],""premium_features"":[""Installed Kitchen""],""community_mobility"":[""Walking""],""staff_accommodation"":null,""additional_amenities"":[""Beach Club""],""travel_to_destination"":""Car""}",5+ yrs,Car,"[""Walking""]"
fb8e09a8-f849-4485-96ac-efb0da3f709e,2026-09-09 14:09:02.150262+00,,25–34,Pakistan,Married,1,Family-owned,2030 onwards,Family holidays,Beach Villa,3BR,700k–1.5M SAR,"[""Sea Views""]",Both,"[""Installed Kitchen""]","[""Blue""]","[""Volleyball""]","[""Children's Club"",""Spa & Gym"",""Beach Club"",""Cafes"",""Social Lounge"",""Ladies Facilities"",""Picnic Areas"",""Restaurants""]",Yes,"{""age"":""25–34"",""unit_size"":""3BR"",""nationality"":""Pakistan"",""price_range"":""700k–1.5M SAR"",""payment_plan"":""5+ yrs"",""home_features"":[""Sea Views""],""property_type"":""Beach Villa"",""social_status"":""Married"",""timing_to_buy"":""2030 onwards"",""managed_rental"":""Yes"",""no_of_children"":""1"",""primary_reason"":""Family holidays"",""exterior_colour"":[""Blue""],""has_second_home"":""Family-owned"",""sport_amenities"":[""Volleyball""],""premium_features"":[""Installed Kitchen""],""community_mobility"":[""Private Buggy""],""staff_accommodation"":""Both"",""additional_amenities"":[""Children's Club"",""Spa & Gym"",""Beach Club"",""Cafes"",""Social Lounge"",""Ladies Facilities"",""Picnic Areas"",""Restaurants""],""travel_to_destination"":""Car""}",5+ yrs,Car,"[""Private Buggy""]"
fbbb0dd1-6374-46b5-a675-a11c03bdb7be,2026-09-10 05:16:32.856111+00,,25–34,Saudi Arabia,Married,0,Family-owned,2030 onwards,Both,No preference,3BR,1.5M–3M SAR,"[""Privacy"",""Balconies & Terraces"",""Sea Views""]",Not required,"[""Private Pool""]","[""Other: Paige, White""]","[""Padel"",""Water sports"",""Tennis""]","[""Spa & Gym"",""Ladies Facilities"",""Restaurants"",""Cafes"",""Retail""]",Depends on fees & flexibility,"{""age"":""25–34"",""unit_size"":""3BR"",""nationality"":""Saudi Arabia"",""price_range"":""1.5M–3M SAR"",""payment_plan"":""1–2 years"",""home_features"":[""Privacy"",""Balconies & Terraces"",""Sea Views""],""property_type"":""No preference"",""social_status"":""Married"",""timing_to_buy"":""2030 onwards"",""managed_rental"":""Depends on fees & flexibility"",""no_of_children"":""0"",""primary_reason"":""Both"",""exterior_colour"":[""Other: Paige, White""],""has_second_home"":""Family-owned"",""sport_amenities"":[""Padel"",""Water sports"",""Tennis""],""premium_features"":[""Private Pool""],""community_mobility"":[""Walking"",""Cycling""],""staff_accommodation"":""Not required"",""additional_amenities"":[""Spa & Gym"",""Ladies Facilities"",""Restaurants"",""Cafes"",""Retail""],""travel_to_destination"":""Car""}",1–2 years,Car,"[""Walking"",""Cycling""]"
fccbe6fa-e8c1-46f3-abef-db10d242a48a,2026-09-09 18:32:16.878969+00,,25–34,Saudi Arabia,Married,2,No,2026 – 2027,Family holidays,Beach Villa,5BR+,700k–1.5M SAR,"[""Outdoor Space"",""Balconies & Terraces"",""Sea Views""]",A maid's room,"[""Private Pool""]","[""Sand""]","[""Football"",""Volleyball"",""Water sports""]","[""Children's Club"",""Restaurants"",""Spa & Gym"",""Ladies Facilities"",""Beach Club"",""Retail""]",Depends on fees & flexibility,"{""age"":""25–34"",""unit_size"":""5BR+"",""nationality"":""Saudi Arabia"",""price_range"":""700k–1.5M SAR"",""payment_plan"":""5+ yrs"",""home_features"":[""Outdoor Space"",""Balconies & Terraces"",""Sea Views""],""property_type"":""Beach Villa"",""social_status"":""Married"",""timing_to_buy"":""2026 – 2027"",""managed_rental"":""Depends on fees & flexibility"",""no_of_children"":""2"",""primary_reason"":""Family holidays"",""exterior_colour"":[""Sand""],""has_second_home"":""No"",""sport_amenities"":[""Football"",""Volleyball"",""Water sports""],""premium_features"":[""Private Pool""],""community_mobility"":[""Private Buggy"",""Cycling"",""Walking"",""Personal Car""],""staff_accommodation"":""A maid's room"",""additional_amenities"":[""Children's Club"",""Restaurants"",""Spa & Gym"",""Ladies Facilities"",""Beach Club"",""Retail""],""travel_to_destination"":""Car""}",5+ yrs,Car,"[""Private Buggy"",""Cycling"",""Walking"",""Personal Car""]"
fcd62621-a349-45c0-8369-3c90ca27fc78,2026-09-13 11:15:57.358519+00,,35–44,Jordan,Married,2,Self-owned,2028 – 2029,Both,Apartment,2BR,700k–1.5M SAR,"[""Outdoor Space"",""Sea Views"",""Park Views""]",,"[""Other: Beach Front""]","[""Sand""]","[""Padel"",""Football"",""Water sports""]","[""Spa & Gym"",""Children's Club"",""Beach Club"",""Ladies Facilities"",""Restaurants"",""Cafes"",""Retail""]",Depends on return,"{""age"":""35–44"",""unit_size"":""2BR"",""nationality"":""Jordan"",""price_range"":""700k–1.5M SAR"",""payment_plan"":""3–5 years"",""home_features"":[""Outdoor Space"",""Sea Views"",""Park Views""],""property_type"":""Apartment"",""social_status"":""Married"",""timing_to_buy"":""2028 – 2029"",""managed_rental"":""Depends on return"",""no_of_children"":""2"",""primary_reason"":""Both"",""exterior_colour"":[""Sand""],""has_second_home"":""Self-owned"",""sport_amenities"":[""Padel"",""Football"",""Water sports""],""premium_features"":[""Other: Beach Front""],""community_mobility"":[""Walking"",""Cycling""],""staff_accommodation"":null,""additional_amenities"":[""Spa & Gym"",""Children's Club"",""Beach Club"",""Ladies Facilities"",""Restaurants"",""Cafes"",""Retail""],""travel_to_destination"":""Car""}",3–5 years,Car,"[""Walking"",""Cycling""]"
fd0ea056-f2b5-4d90-b3c8-072178038f85,2026-09-10 21:40:26.034062+00,,25–34,Saudi Arabia,Single,0,Family-owned,2030 onwards,Family holidays,No preference,Studio,700k–1.5M SAR,"[""Outdoor Space"",""Sea Views"",""Privacy""]",Not required,"[""Installed Kitchen"",""Kitchen Appliances"",""Built-in Wardrobes"",""Private Pool""]","[""Sand""]","[""Padel"",""Volleyball"",""Football""]","[""Spa & Gym"",""Restaurants"",""Cafes"",""Beach Club"",""Social Lounge"",""Retail""]",No,"{""age"":""25–34"",""unit_size"":""Studio"",""nationality"":""Saudi Arabia"",""price_range"":""700k–1.5M SAR"",""payment_plan"":""5+ yrs"",""home_features"":[""Outdoor Space"",""Sea Views"",""Privacy""],""property_type"":""No preference"",""social_status"":""Single"",""timing_to_buy"":""2030 onwards"",""managed_rental"":""No"",""no_of_children"":""0"",""primary_reason"":""Family holidays"",""exterior_colour"":[""Sand""],""has_second_home"":""Family-owned"",""sport_amenities"":[""Padel"",""Volleyball"",""Football""],""premium_features"":[""Installed Kitchen"",""Kitchen Appliances"",""Built-in Wardrobes"",""Private Pool""],""community_mobility"":[""Private Buggy"",""Walking"",""Personal Car"",""Cycling"",""Shared Buggy / Community Shuttle""],""staff_accommodation"":""Not required"",""additional_amenities"":[""Spa & Gym"",""Restaurants"",""Cafes"",""Beach Club"",""Social Lounge"",""Retail""],""travel_to_destination"":""Car""}",5+ yrs,Car,"[""Private Buggy"",""Walking"",""Personal Car"",""Cycling"",""Shared Buggy / Community Shuttle""]"
fd3676c9-4b25-4962-892d-8d7fab1c2a29,2026-09-10 04:09:46.548272+00,,35–44,Egypt,Married,1,Self-owned,2030 onwards,Family holidays,Townhouse,3BR,700k–1.5M SAR,"[""Sea Views""]",Not required,"[""Kitchen Appliances""]","[""Blue""]","[""Water sports""]","[""Children's Club""]",Depends on return,"{""age"":""35–44"",""unit_size"":""3BR"",""nationality"":""Egypt"",""price_range"":""700k–1.5M SAR"",""payment_plan"":""5+ yrs"",""home_features"":[""Sea Views""],""property_type"":""Townhouse"",""social_status"":""Married"",""timing_to_buy"":""2030 onwards"",""managed_rental"":""Depends on return"",""no_of_children"":""1"",""primary_reason"":""Family holidays"",""exterior_colour"":[""Blue""],""has_second_home"":""Self-owned"",""sport_amenities"":[""Water sports""],""premium_features"":[""Kitchen Appliances""],""community_mobility"":[""Private Buggy"",""Personal Car""],""staff_accommodation"":""Not required"",""additional_amenities"":[""Children's Club""],""travel_to_destination"":""Car""}",5+ yrs,Car,"[""Private Buggy"",""Personal Car""]"
fd7357b4-9f45-48d4-9ca2-1213f3ebda2e,2026-09-10 06:39:53.290319+00,,35–44,Saudi Arabia,Married,4+,Self-owned,2028 – 2029,Both,Beach Villa,4BR,1.5M–3M SAR,"[""Sea Views"",""Balconies & Terraces"",""Privacy""]",Both,"[""Private Pool"",""Installed Kitchen"",""Kitchen Appliances""]","[""Sand"",""Sage""]","[""Football"",""Basketball"",""Volleyball""]","[""Children's Club"",""Beach Club"",""Restaurants"",""Cafes"",""Spa & Gym"",""Retail"",""Social Lounge""]",Depends on fees & flexibility,"{""age"":""35–44"",""unit_size"":""4BR"",""nationality"":""Saudi Arabia"",""price_range"":""1.5M–3M SAR"",""payment_plan"":""5+ yrs"",""home_features"":[""Sea Views"",""Balconies & Terraces"",""Privacy""],""property_type"":""Beach Villa"",""social_status"":""Married"",""timing_to_buy"":""2028 – 2029"",""managed_rental"":""Depends on fees & flexibility"",""no_of_children"":""4+"",""primary_reason"":""Both"",""exterior_colour"":[""Sand"",""Sage""],""has_second_home"":""Self-owned"",""sport_amenities"":[""Football"",""Basketball"",""Volleyball""],""premium_features"":[""Private Pool"",""Installed Kitchen"",""Kitchen Appliances""],""community_mobility"":[""Walking"",""Private Buggy""],""staff_accommodation"":""Both"",""additional_amenities"":[""Children's Club"",""Beach Club"",""Restaurants"",""Cafes"",""Spa & Gym"",""Retail"",""Social Lounge""],""travel_to_destination"":""Air""}",5+ yrs,Air,"[""Walking"",""Private Buggy""]"
fd7a97f1-0662-4c43-b918-69eebdec2d9a,2026-09-09 13:09:25.248847+00,,35–44,Jordan,Single,0,Self-owned,2028 – 2029,Both,Apartment,2BR,1.5M–3M SAR,"[""Balconies & Terraces"",""Outdoor Space"",""Sea Views""]",,"[""Installed Kitchen"",""Kitchen Appliances"",""Built-in Wardrobes"",""Private Pool""]","[""Other: white - or White/Blue mykonos style""]","[""Padel""]","[""Spa & Gym"",""Beach Club"",""Picnic Areas"",""Cafes"",""Restaurants"",""Retail""]",Depends on fees & flexibility,"{""age"":""35–44"",""unit_size"":""2BR"",""nationality"":""Jordan"",""price_range"":""1.5M–3M SAR"",""payment_plan"":""Upfront cash in full"",""home_features"":[""Balconies & Terraces"",""Outdoor Space"",""Sea Views""],""property_type"":""Apartment"",""social_status"":""Single"",""timing_to_buy"":""2028 – 2029"",""managed_rental"":""Depends on fees & flexibility"",""no_of_children"":""0"",""primary_reason"":""Both"",""exterior_colour"":[""Other: white - or White/Blue mykonos style""],""has_second_home"":""Self-owned"",""sport_amenities"":[""Padel""],""premium_features"":[""Installed Kitchen"",""Kitchen Appliances"",""Built-in Wardrobes"",""Private Pool""],""community_mobility"":[""Personal Car""],""staff_accommodation"":null,""additional_amenities"":[""Spa & Gym"",""Beach Club"",""Picnic Areas"",""Cafes"",""Restaurants"",""Retail""],""travel_to_destination"":""Air""}",Upfront cash in full,Air,"[""Personal Car""]"
fd895e48-6394-4126-9792-b73e6fe1c36e,2026-09-09 13:23:40.447741+00,,35–44,Turkey,Married,3,Family-owned,2028 – 2029,Investment,Apartment,2BR,700k–1.5M SAR,"[""Balconies & Terraces"",""Park Views"",""Sea Views""]",,"[""Kitchen Appliances"",""Built-in Wardrobes""]","[""Sage""]","[""Football"",""Basketball"",""Tennis""]","[""Picnic Areas"",""Children's Club"",""Social Lounge"",""Cafes"",""Retail""]",Depends on fees & flexibility,"{""age"":""35–44"",""unit_size"":""2BR"",""nationality"":""Turkey"",""price_range"":""700k–1.5M SAR"",""payment_plan"":""5+ yrs"",""home_features"":[""Balconies & Terraces"",""Park Views"",""Sea Views""],""property_type"":""Apartment"",""social_status"":""Married"",""timing_to_buy"":""2028 – 2029"",""managed_rental"":""Depends on fees & flexibility"",""no_of_children"":""3"",""primary_reason"":""Investment"",""exterior_colour"":[""Sage""],""has_second_home"":""Family-owned"",""sport_amenities"":[""Football"",""Basketball"",""Tennis""],""premium_features"":[""Kitchen Appliances"",""Built-in Wardrobes""],""community_mobility"":[""Walking""],""staff_accommodation"":null,""additional_amenities"":[""Picnic Areas"",""Children's Club"",""Social Lounge"",""Cafes"",""Retail""],""travel_to_destination"":""Car""}",5+ yrs,Car,"[""Walking""]"
fdd9543d-9abb-4331-bd5f-194c0ed967c1,2026-09-09 13:16:45.072952+00,,45–54,Egypt,Married,3,Family-owned,2028 – 2029,Both,Beach Villa,3BR,1.5M–3M SAR,"[""Sea Views"",""Outdoor Space"",""Balconies & Terraces""]",Not required,"[""Private Pool""]","[""Blue"",""Sand""]","[""Other: Squash"",""Water sports""]","[""Spa & Gym"",""Beach Club"",""Cafes"",""Restaurants"",""Retail""]",Depends on return,"{""age"":""45–54"",""unit_size"":""3BR"",""nationality"":""Egypt"",""price_range"":""1.5M–3M SAR"",""payment_plan"":""5+ yrs"",""home_features"":[""Sea Views"",""Outdoor Space"",""Balconies & Terraces""],""property_type"":""Beach Villa"",""social_status"":""Married"",""timing_to_buy"":""2028 – 2029"",""managed_rental"":""Depends on return"",""no_of_children"":""3"",""primary_reason"":""Both"",""exterior_colour"":[""Blue"",""Sand""],""has_second_home"":""Family-owned"",""sport_amenities"":[""Other: Squash"",""Water sports""],""premium_features"":[""Private Pool""],""community_mobility"":[""Private Buggy"",""Cycling"",""Walking""],""staff_accommodation"":""Not required"",""additional_amenities"":[""Spa & Gym"",""Beach Club"",""Cafes"",""Restaurants"",""Retail""],""travel_to_destination"":""Air""}",5+ yrs,Air,"[""Private Buggy"",""Cycling"",""Walking""]"